Binder Name,Binder Type,Name,Set code,Set name,Collector number,Foil,Rarity,Quantity,ManaBox ID,Scryfall ID,Purchase price,Misprint,Altered,Condition,Language,Purchase price currency,Added
Magic 2015 (M15),binder,Paragon of Eternal Wilds,M15,Magic 2015,190,normal,uncommon,3,13662,97c3fcca-480f-4acf-b74f-0f37b46fa799,0.04,false,false,near_mint,en,CAD,2024-02-03T21:13:28.130Z
Magic 2015 (M15),binder,Cone of Flame,M15,Magic 2015,137,normal,uncommon,3,13715,66a2190a-5afd-4be1-810a-ac9a8178d629,0.01,false,false,near_mint,en,CAD,2024-02-03T21:13:28.130Z
Magic 2015 (M15),binder,Foundry Street Denizen,M15,Magic 2015,141,normal,common,1,13711,08835364-f82d-4047-8f35-bd8b64760dfc,0.01,false,false,near_mint,en,CAD,2025-02-08T14:06:56.625Z
Magic 2015 (M15),binder,Raise the Alarm,M15,Magic 2015,26,normal,common,1,13826,3a74f052-05f7-4e5e-a765-7882a00d0f6a,0.01,false,false,near_mint,en,CAD,2024-02-05T20:07:19.823Z
Magic 2015 (M15),binder,Feral Incarnation,M15,Magic 2015,174,normal,uncommon,1,13678,d8c0c7e7-81f5-4e75-8120-95488fd6ff60,0.01,false,false,near_mint,en,CAD,2024-02-05T20:07:19.823Z
Magic 2015 (M15),binder,Titanic Growth,M15,Magic 2015,203,normal,common,11,13649,b3e511b7-6d41-4aa2-b7bd-d4d6e075a819,0.01,false,false,near_mint,en,CAD,2024-02-04T00:12:26.640Z
Magic 2015 (M15),binder,Hunter's Ambush,M15,Magic 2015,180,normal,common,3,13672,d2971049-b916-4b76-b18f-8650d8d2545d,0.01,false,false,near_mint,en,CAD,2024-02-05T20:46:30.069Z
Magic 2015 (M15),binder,Gather Courage,M15,Magic 2015,175,normal,uncommon,2,13677,e56b1112-ed25-46dd-85c8-58cc7a913198,0.01,false,false,near_mint,en,CAD,2024-02-05T20:46:30.069Z
Magic 2015 (M15),binder,Act on Impulse,M15,Magic 2015,126,normal,uncommon,2,13726,bfe513d1-2509-4051-ba85-49a19479fa5c,0.04,false,false,near_mint,en,CAD,2024-02-03T21:13:28.130Z
Magic 2015 (M15),binder,Flesh to Dust,M15,Magic 2015,98,normal,common,3,13754,16b2e842-6c92-47b0-bed4-e0e64485f168,0.01,false,false,near_mint,en,CAD,2024-02-03T21:13:28.130Z
Magic 2015 (M15),binder,Necrogen Scudder,M15,Magic 2015,106,normal,uncommon,1,13746,c2045ddd-fa05-4769-aa7a-17b9ab8d6fc0,0.01,false,false,near_mint,en,CAD,2024-02-04T00:12:26.640Z
Magic 2015 (M15),binder,Generator Servant,M15,Magic 2015,143,normal,common,4,13709,74d0c422-4201-4d6f-9df7-659e8b78b541,0.04,false,false,near_mint,en,CAD,2024-02-03T21:13:28.130Z
Magic 2015 (M15),binder,Borderland Marauder,M15,Magic 2015,131,normal,common,6,13721,12e29b2b-5fe3-4dee-b247-10cd139fe2d0,0.01,false,false,near_mint,en,CAD,2024-02-03T21:13:28.130Z
Magic 2015 (M15),binder,Coral Barrier,M15,Magic 2015,49,normal,common,3,13803,f34cd305-d823-4996-9f8f-806386491f5d,0.01,false,false,near_mint,en,CAD,2024-02-03T21:13:28.130Z
Magic 2015 (M15),binder,Research Assistant,M15,Magic 2015,77,normal,common,5,13775,4ac8a7c0-d935-4a60-ac32-dde73f5c75da,0.01,false,false,near_mint,en,CAD,2024-02-03T21:13:28.130Z
Magic 2015 (M15),binder,Ranger's Guile,M15,Magic 2015,193,normal,common,1,13659,01388e24-d66f-40a8-af41-0f84dd8ed3fe,0.01,false,false,near_mint,en,CAD,2024-02-03T21:13:28.130Z
Magic 2015 (M15),binder,Necromancer's Assistant,M15,Magic 2015,107,normal,common,2,13745,8b6a8b3e-2709-4036-838b-56cc82b0d917,0.01,false,false,near_mint,en,CAD,2024-02-03T21:13:28.130Z
Magic 2015 (M15),binder,Gravedigger,M15,Magic 2015,99,normal,uncommon,1,13753,98951dea-df48-4f1b-a7cf-f14b2d36300f,0.01,false,false,near_mint,en,CAD,2024-02-03T21:13:28.130Z
Magic 2015 (M15),binder,Welkin Tern,M15,Magic 2015,84,normal,common,3,13768,ea98c545-42d7-47f6-a155-4db092c178c1,0.01,false,false,near_mint,en,CAD,2024-02-03T21:13:28.130Z
Magic 2015 (M15),binder,Tireless Missionaries,M15,Magic 2015,39,normal,common,4,13813,c47b7386-168f-4b8e-9a26-9da6d697a501,0.01,false,false,near_mint,en,CAD,2024-02-03T21:13:28.130Z
Magic 2015 (M15),binder,Oreskos Swiftclaw,M15,Magic 2015,22,normal,common,1,13830,2d32e198-8ddd-44bc-be57-17e1ff72d666,0.01,false,false,near_mint,en,CAD,2024-02-05T20:07:19.823Z
Magic 2015 (M15),binder,Will-Forged Golem,M15,Magic 2015,239,normal,common,1,13613,0175bafa-dc9f-464c-8f9e-dd4131732652,0.01,false,false,near_mint,en,CAD,2024-02-05T20:07:19.823Z
Magic 2015 (M15),binder,Nimbus of the Isles,M15,Magic 2015,72,normal,common,2,13780,5d239c66-3e3f-4dc4-bede-f264864583b1,0.01,false,false,near_mint,en,CAD,2024-02-03T21:13:28.130Z
Magic 2015 (M15),binder,Lava Axe,M15,Magic 2015,154,normal,common,3,13698,63b35586-e56d-4e7a-9a4e-8879529c082d,0.01,false,false,near_mint,en,CAD,2024-02-03T21:13:28.130Z
Magic 2015 (M15),binder,Elvish Mystic,M15,Magic 2015,173,normal,common,5,13679,deb5ca6a-f91d-443d-ad84-6fe1e80bfb51,0.14,false,false,near_mint,en,CAD,2024-02-03T21:13:28.130Z
Magic 2015 (M15),binder,Paragon of Fierce Defiance,M15,Magic 2015,158,normal,uncommon,4,13694,3ad97067-2b6b-4e60-817c-6414e2739806,0.04,false,false,near_mint,en,CAD,2024-02-03T21:13:28.130Z
Magic 2015 (M15),binder,Meteorite,M15,Magic 2015,221,normal,uncommon,1,13631,d7a39c1a-7615-4ac8-8984-b8459d201cb2,0.01,false,false,near_mint,en,CAD,2024-02-03T21:13:28.130Z
Magic 2015 (M15),binder,Netcaster Spider,M15,Magic 2015,186,normal,common,8,13666,a8702c15-5f32-453e-8d58-cadfcdaeb3dc,0.01,false,false,near_mint,en,CAD,2024-02-06T17:33:56.683Z
Magic 2015 (M15),binder,Wall of Fire,M15,Magic 2015,167,normal,common,4,13685,6f8ac968-3d00-40d8-80b5-e6fe08025de2,0.01,false,false,near_mint,en,CAD,2024-02-03T21:13:28.130Z
Magic 2015 (M15),binder,Satyr Wayfinder,M15,Magic 2015,198,normal,common,2,13654,7be07e97-2ffc-40ad-a676-a74b8b680ea1,0.06,false,false,near_mint,en,CAD,2024-02-04T00:12:26.640Z
Magic 2015 (M15),binder,Miner's Bane,M15,Magic 2015,157,normal,common,1,13695,c52d48ac-1685-4061-9907-31248ae38cc9,0.01,false,false,near_mint,en,CAD,2024-02-04T00:12:26.640Z
Magic 2015 (M15),binder,Shaman of Spring,M15,Magic 2015,199,normal,common,9,13653,8e974df6-d78a-43ea-ada5-17c53fcca97b,0.01,false,false,near_mint,en,CAD,2024-02-06T17:33:56.683Z
Magic 2015 (M15),binder,Carnivorous Moss-Beast,M15,Magic 2015,170,normal,common,4,13682,bd814ce3-9555-4e9d-a212-e40717f4e546,0.01,false,false,near_mint,en,CAD,2024-02-06T17:33:56.683Z
Magic 2015 (M15),binder,Paragon of Open Graves,M15,Magic 2015,111,normal,uncommon,2,13741,33d7de75-b6e1-44f5-ae1c-e095b41e8d0b,0.13,false,false,near_mint,en,CAD,2024-02-03T23:41:58.677Z
Magic 2015 (M15),binder,Lightning Strike,M15,Magic 2015,155,normal,common,4,13697,a5603e1f-593c-45f0-9e13-fe3492464443,0.01,false,false,near_mint,en,CAD,2024-02-03T21:13:28.130Z
Magic 2015 (M15),binder,Restock,M15,Magic 2015,195,normal,uncommon,1,13657,343994a6-b4f1-4ec5-997a-307b26601434,0.05,false,false,near_mint,en,CAD,2024-02-05T20:46:30.069Z
Magic 2015 (M15),binder,Sanctified Charge,M15,Magic 2015,30,normal,common,3,13822,6481bf34-192c-4102-8336-4d2d007d9e3c,0.01,false,false,near_mint,en,CAD,2024-02-03T23:41:58.677Z
Magic 2015 (M15),binder,Black Cat,M15,Magic 2015,86,normal,common,1,13766,32efcfad-818c-4485-9022-cf94403f370b,0.02,false,false,near_mint,en,CAD,2024-02-03T21:13:28.130Z
Magic 2015 (M15),binder,Crowd's Favor,M15,Magic 2015,138,normal,common,4,13714,536b8104-9d8d-444b-8535-62bcbe279de2,0.01,false,false,near_mint,en,CAD,2024-02-03T21:13:28.130Z
Magic 2015 (M15),binder,Oppressive Rays,M15,Magic 2015,21,normal,common,1,13831,53555768-edad-4441-b6a7-ea2a7cb38abd,0.01,false,false,near_mint,en,CAD,2024-02-05T20:07:19.823Z
Magic 2015 (M15),binder,Amphin Pathmage,M15,Magic 2015,45,normal,common,3,13807,eafd2e27-01d0-4894-886e-2b8776904ab9,0.01,false,false,near_mint,en,CAD,2024-02-03T21:13:28.130Z
Magic 2015 (M15),binder,Caustic Tar,M15,Magic 2015,89,normal,uncommon,1,13763,81ddf81d-1746-41a7-951c-0bd68954505d,0.01,false,false,near_mint,en,CAD,2024-02-05T20:07:19.823Z
Magic 2015 (M15),binder,Bronze Sable,M15,Magic 2015,214,normal,common,2,13638,e8ba6d7d-fad0-4af1-be12-44be326a031e,0.01,false,false,near_mint,en,CAD,2024-02-05T20:07:19.823Z
Magic 2015 (M15),binder,Hunt the Weak,M15,Magic 2015,179,normal,common,5,13673,546686cb-4cb1-4107-bbf5-0af943236ad2,0.01,false,false,near_mint,en,CAD,2024-02-05T20:07:19.823Z
Magic 2015 (M15),binder,Marked by Honor,M15,Magic 2015,17,normal,common,1,13835,dbc7e2c3-6de6-453d-ade6-8571e7d53df3,0.01,false,false,near_mint,en,CAD,2024-02-05T20:07:19.823Z
Magic 2015 (M15),binder,Paragon of Gathering Mists,M15,Magic 2015,73,normal,uncommon,2,13779,5afc32ed-c1a9-4c37-bfe0-562818c046fc,0.03,false,false,near_mint,en,CAD,2024-02-03T21:13:28.130Z
Magic 2015 (M15),binder,Typhoid Rats,M15,Magic 2015,118,normal,common,1,13734,9f8723f6-96b1-4441-8a57-435fb82d6db4,0.05,false,false,near_mint,en,CAD,2024-02-03T21:13:28.130Z
Magic 2015 (M15),binder,Invisibility,M15,Magic 2015,61,normal,common,2,13791,348d6493-681a-4ea9-9154-ea09f2648e8a,0.02,false,false,near_mint,en,CAD,2024-02-03T21:13:28.130Z
Magic 2015 (M15),binder,Sungrace Pegasus,M15,Magic 2015,38,normal,common,1,13814,52d851b9-c290-4fcc-860d-a3250923b850,0.01,false,false,near_mint,en,CAD,2024-02-05T20:07:19.823Z
Magic 2015 (M15),binder,Garruk's Packleader,M15,Magic 2015,283,normal,uncommon,1,13569,b91725e5-9e36-461b-b523-8490418107f2,0.19,false,false,near_mint,en,CAD,2024-02-06T17:33:56.683Z
Magic 2015 (M15),binder,Nissa's Expedition,M15,Magic 2015,188,normal,uncommon,1,13664,7b6c5cdd-9075-4bb7-88ae-9dc77a637700,0.07,false,false,near_mint,en,CAD,2024-02-05T20:46:30.069Z
Magic 2015 (M15),binder,Walking Corpse,M15,Magic 2015,278,normal,common,1,13574,ccba369f-f4d1-493d-bc5f-271b7e4d8090,0.01,false,false,near_mint,en,CAD,2024-02-03T21:13:28.130Z
Magic 2015 (M15),binder,Chronostutter,M15,Magic 2015,48,normal,common,2,13804,bbef107d-c19f-4af3-9236-c66123075b41,0.01,false,false,near_mint,en,CAD,2024-02-03T21:13:28.130Z
Magic 2015 (M15),binder,Witch's Familiar,M15,Magic 2015,123,normal,common,1,13729,8c9f3b3b-de16-4ae5-844e-1373e0f84469,0.01,false,false,near_mint,en,CAD,2024-02-04T00:12:26.640Z
Magic 2015 (M15),binder,Selfless Cathar,M15,Magic 2015,31,normal,common,1,13821,3366f6c3-3899-4585-b6d2-24406703cf34,0.01,false,false,near_mint,en,CAD,2024-02-05T20:07:19.823Z
Magic 2015 (M15),binder,Triplicate Spirits,M15,Magic 2015,40,normal,common,1,13812,3d6498d3-bf1f-4bf1-a602-7c21fb44c106,0.05,false,false,near_mint,en,CAD,2024-02-03T23:41:58.677Z
Magic 2015 (M15),binder,Naturalize,M15,Magic 2015,185,normal,common,4,13667,59a232db-4ee3-4e9a-bd97-722106f7a7b6,0.01,false,false,near_mint,en,CAD,2024-02-04T00:12:26.640Z
Magic 2015 (M15),binder,Roaring Primadox,M15,Magic 2015,196,normal,uncommon,1,13656,49f985df-177f-4535-b681-f9bc74045b39,0.01,false,false,near_mint,en,CAD,2024-02-06T17:33:56.683Z
Magic 2015 (M15),binder,Wall of Mulch,M15,Magic 2015,208,normal,uncommon,2,13644,a76ec859-59a6-45b2-bbd8-6f89453fe3ec,0.14,false,false,near_mint,en,CAD,2024-02-06T17:33:56.683Z
Magic 2015 (M15),binder,Vineweft,M15,Magic 2015,207,normal,common,4,13645,4578f064-e9f8-4e87-8f46-7536af6c144e,0.01,false,false,near_mint,en,CAD,2024-02-03T21:13:28.130Z
Magic 2015 (M15),binder,Siege Wurm,M15,Magic 2015,200,normal,common,5,13652,ad40b8f1-428a-4244-ad8a-4e757aea2b45,0.01,false,false,near_mint,en,CAD,2024-02-03T21:13:28.130Z
Magic 2015 (M15),binder,Charging Rhino,M15,Magic 2015,171,normal,common,4,13681,90341fb4-ac97-43ff-ae2d-0fe5995e7fd7,0.01,false,false,near_mint,en,CAD,2024-02-06T17:33:56.683Z
Magic 2015 (M15),binder,Verdant Haven,M15,Magic 2015,206,normal,common,2,13646,beec869b-fe2c-4f30-ae36-9ce5bdc555e1,0.01,false,false,near_mint,en,CAD,2024-02-04T00:12:26.640Z
Magic 2015 (M15),binder,Divination,M15,Magic 2015,52,normal,common,4,13800,ddd1187d-f43f-4508-b312-7af0bb8b9789,0.01,false,false,near_mint,en,CAD,2024-02-03T21:13:28.130Z
Magic 2015 (M15),binder,Eternal Thirst,M15,Magic 2015,95,normal,common,1,13757,9228ea53-4aea-45f5-bec5-4a0629ec8825,0.04,false,false,near_mint,en,CAD,2024-02-05T20:07:19.823Z
Magic 2015 (M15),binder,Hammerhand,M15,Magic 2015,147,normal,common,1,13705,e7a81cc6-2660-4501-b589-f8c3a26ee483,0.01,false,false,near_mint,en,CAD,2024-02-04T00:12:26.640Z
Magic 2015 (M15),binder,Kird Chieftain,M15,Magic 2015,151,normal,uncommon,2,13701,4189a909-2e20-4dc7-894c-21446da5b0cf,0.12,false,false,near_mint,en,CAD,2024-02-03T21:13:28.130Z
Magic 2015 (M15),binder,Goblin Roughrider,M15,Magic 2015,146,normal,common,1,13706,9097ec4a-6c0e-4c27-8910-29ac47612031,0.01,false,false,near_mint,en,CAD,2024-02-04T00:12:26.640Z
Magic 2015 (M15),binder,Furnace Whelp,M15,Magic 2015,279,normal,uncommon,1,13573,d44f74e9-aaa6-41d3-8070-bf0ead4a7d77,0.01,false,false,near_mint,en,CAD,2024-02-03T21:13:28.130Z
Magic 2015 (M15),binder,Brood Keeper,M15,Magic 2015,132,normal,uncommon,1,13720,0a640a5b-c638-4ae6-ad02-eb5fe20f4662,0.04,false,false,near_mint,en,CAD,2024-02-03T21:13:28.130Z
Magic 2015 (M15),binder,Centaur Courser,M15,Magic 2015,282,normal,common,1,13570,3b625203-6c50-4b14-928c-6b0aec1375a2,0.01,false,false,near_mint,en,CAD,2024-02-06T17:33:56.683Z
Magic 2015 (M15),binder,Runeclaw Bear,M15,Magic 2015,197,normal,common,7,13655,d1995238-79cc-4381-9595-71ef11ea1e36,0.01,false,false,near_mint,en,CAD,2024-02-03T21:13:28.130Z
Magic 2015 (M15),binder,Constricting Sliver,M15,Magic 2015,7,normal,uncommon,3,13845,ae9b4111-ca9f-435b-81c4-0abf65d1384b,0.15,false,false,near_mint,en,CAD,2024-02-03T21:13:28.130Z
Magic 2015 (M15),binder,Rotfeaster Maggot,M15,Magic 2015,112,normal,common,4,13740,5c8e2442-0677-4ea6-8d70-4c39fbb552ed,0.01,false,false,near_mint,en,CAD,2024-02-03T23:41:58.677Z
Magic 2015 (M15),binder,Living Totem,M15,Magic 2015,184,normal,common,4,13668,ca21890c-68be-4929-913e-d28ace6b40a7,0.01,false,false,near_mint,en,CAD,2024-02-06T17:33:56.683Z
Magic 2015 (M15),binder,Carrion Crow,M15,Magic 2015,88,normal,common,1,13764,97d80cc4-f3be-4306-8126-e60f7b00d384,0.01,false,false,near_mint,en,CAD,2024-02-04T00:12:26.640Z
Magic 2015 (M15),binder,Unmake the Graves,M15,Magic 2015,120,normal,common,1,13732,d6fd00bb-b247-45b7-9cb2-0d65b92c0360,0.01,false,false,near_mint,en,CAD,2024-02-05T20:07:19.823Z
Magic 2015 (M15),binder,Blastfire Bolt,M15,Magic 2015,130,normal,common,1,13722,34774f01-5976-4ed1-b0f4-71dc7a679999,0.01,false,false,near_mint,en,CAD,2024-02-04T00:12:26.640Z
Magic 2015 (M15),binder,Inferno Fist,M15,Magic 2015,150,normal,common,4,13702,721a42f4-5884-418f-b1f9-7cb651559ad0,0.01,false,false,near_mint,en,CAD,2024-02-03T21:13:28.130Z
Magic 2015 (M15),binder,Ancient Silverback,M15,Magic 2015,168,normal,uncommon,2,13684,7b24ea58-0690-45d7-a84b-265b6277b59a,0.01,false,false,near_mint,en,CAD,2024-02-03T21:13:28.130Z
Magic 2015 (M15),binder,Plummet,M15,Magic 2015,192,normal,common,12,13660,ce3de170-fdc5-4d46-9421-bb12460225ca,0.01,false,false,near_mint,en,CAD,2024-02-05T20:46:30.069Z
Magic 2015 (M15),binder,Boonweaver Giant,M15,Magic 2015,5,normal,uncommon,3,13847,85003365-7c5f-4283-995d-e466deef444b,0.01,false,false,near_mint,en,CAD,2024-02-03T21:13:28.130Z
Magic 2015 (M15),binder,Rummaging Goblin,M15,Magic 2015,159,normal,common,1,13693,b6f8f65b-022f-4599-a416-e82a6d45ceba,0.01,false,false,near_mint,en,CAD,2024-02-04T00:12:26.640Z
Magic 2015 (M15),binder,Tormod's Crypt,M15,Magic 2015,237,normal,uncommon,3,13615,314bb937-1b1e-4daa-8b9e-2d282e8f433b,0.19,false,false,near_mint,en,CAD,2024-02-03T21:13:28.130Z
Magic 2015 (M15),binder,Kinsbaile Skirmisher,M15,Magic 2015,16,normal,common,4,13836,ff0c73b7-a242-4fca-ab96-194750c984a7,0.01,false,false,near_mint,en,CAD,2024-02-03T21:13:28.130Z
Magic 2015 (M15),binder,Crippling Blight,M15,Magic 2015,92,normal,common,1,13760,3f9c1ba3-8b7c-413b-865d-0ca4b2f55903,0.01,false,false,near_mint,en,CAD,2024-02-04T00:12:26.640Z
Magic 2015 (M15),binder,Venom Sliver,M15,Magic 2015,205,normal,uncommon,1,13647,8db38bd9-bf58-41ca-84b9-f3582670143e,0.13,false,false,near_mint,en,CAD,2024-02-04T00:12:26.640Z
Magic 2015 (M15),binder,Aeronaut Tinkerer,M15,Magic 2015,43,normal,common,4,13809,e145e85d-1eaa-4ec6-9208-ca6491577302,0.01,false,false,near_mint,en,CAD,2024-02-03T21:13:28.130Z
Magic 2015 (M15),binder,Seismic Strike,M15,Magic 2015,280,normal,common,2,13572,972d0b03-8602-4ada-86b9-4262941bae67,0.08,false,false,near_mint,en,CAD,2024-02-03T21:13:28.130Z
Magic 2015 (M15),binder,Nightfire Giant,M15,Magic 2015,109,normal,uncommon,5,13743,11da48a7-903d-43f5-8085-1b3790ed079a,0.01,false,false,near_mint,en,CAD,2024-02-03T23:41:58.677Z
Magic 2015 (M15),binder,Undergrowth Scavenger,M15,Magic 2015,204,normal,common,1,13648,4f8dc77e-f003-4c25-8394-cda22e3ea039,0.04,false,false,near_mint,en,CAD,2024-02-03T21:13:28.130Z
Magic 2015 (M15),binder,Child of Night,M15,Magic 2015,90,normal,common,4,13762,bff5d53c-5698-4d09-b557-89d10ce4fbbf,0.01,false,false,near_mint,en,CAD,2024-02-03T23:41:58.677Z
Magic 2015 (M15),binder,Invasive Species,M15,Magic 2015,181,normal,common,4,13671,c1fb5a98-94f4-419f-850b-e3a01f17080f,0.01,false,false,near_mint,en,CAD,2024-02-06T17:33:56.683Z
Magic 2015 (M15),binder,Ephemeral Shields,M15,Magic 2015,11,normal,common,6,13841,04f9c2cc-2516-43d5-a7dc-27509f402077,0.03,false,false,near_mint,en,CAD,2024-02-03T23:41:58.677Z
Magic 2015 (M15),binder,Thundering Giant,M15,Magic 2015,165,normal,common,1,13687,77d3cde7-ac3f-4178-908f-0f51c4379b44,0.01,false,false,near_mint,en,CAD,2024-02-04T00:12:26.640Z
Animated Army,deck,Arcane Signet,BLC,Bloomburrow Commander,127,normal,common,1,96215,28180667-cc1e-4f64-9a69-00425ef85ba0,0.27,false,false,near_mint,en,CAD,2025-10-18T16:20:44.779Z
Animated Army,deck,Alchemist's Talent,BLC,Bloomburrow Commander,22,normal,rare,1,96235,2fb8dace-c604-40fc-bbd4-5add5deb041a,4.72,false,false,near_mint,en,CAD,2025-10-18T16:20:44.779Z
Animated Army,deck,Cultivate,BLC,Bloomburrow Commander,212,normal,common,1,96229,2d378437-4fc1-4004-a49a-98d7bac36ef5,0.35,false,false,near_mint,en,CAD,2025-10-18T16:20:44.779Z
Animated Army,deck,Evercoat Ursine,BLC,Bloomburrow Commander,30,normal,rare,1,96429,b299d768-b171-47e5-b69d-82ce13917c43,0.13,false,false,near_mint,en,CAD,2025-10-18T16:20:44.779Z
Animated Army,deck,Gilded Lotus,BLC,Bloomburrow Commander,271,normal,rare,1,96339,725cb5db-d4b6-453b-9a10-4ab7d98e1023,1.03,false,false,near_mint,en,CAD,2025-10-18T16:20:44.779Z
Animated Army,deck,Esika's Chariot,BLC,Bloomburrow Commander,215,normal,rare,1,96196,1f2514c2-c0c7-44f3-ab9d-48b227f039db,0.17,false,false,near_mint,en,CAD,2025-10-18T16:20:44.779Z
Animated Army,deck,Talisman of Impulse,BLC,Bloomburrow Commander,287,normal,uncommon,1,96467,ce42eaf0-dfb5-45b6-9ae9-3a73275fcbbb,0.17,false,false,near_mint,en,CAD,2025-10-18T16:20:44.779Z
Animated Army,deck,Gruul Turf,BLC,Bloomburrow Commander,310,normal,common,1,96241,32a29fdf-12f0-4932-9a41-faa18cd56b44,0.15,false,false,near_mint,en,CAD,2025-10-18T16:20:44.779Z
Animated Army,deck,Garruk's Uprising,BLC,Bloomburrow Commander,219,normal,uncommon,1,96162,0d229647-ffe9-4428-b4d6-a318108fc550,0.56,false,false,near_mint,en,CAD,2025-10-18T16:20:44.779Z
Animated Army,deck,Rolling Hamsphere,BLC,Bloomburrow Commander,39,normal,rare,1,96149,04d6e7f2-fb69-477c-b4f1-8a97485dbf32,0.17,false,false,near_mint,en,CAD,2025-10-18T16:20:44.779Z
Animated Army,deck,Explore,BLC,Bloomburrow Commander,216,normal,common,1,96187,18e5fdee-1ec4-44a2-b84c-35897f1d2912,0.17,false,false,near_mint,en,CAD,2025-10-18T16:20:44.779Z
Animated Army,deck,Greater Good,BLC,Bloomburrow Commander,223,normal,rare,1,96492,debe9258-209a-44cb-99e9-49affd02aa32,1.62,false,false,near_mint,en,CAD,2025-10-18T16:20:44.779Z
Animated Army,deck,Teapot Slinger,BLB,Bloomburrow,157,normal,uncommon,1,96015,30506844-349f-4b68-8cc1-d028c1611cc7,0.01,false,false,near_mint,en,CAD,2025-10-18T16:20:44.779Z
Animated Army,deck,Big Score,BLC,Bloomburrow Commander,193,normal,common,1,96209,243b460e-e67a-40d7-a874-a61fdb011c5a,0.42,false,false,near_mint,en,CAD,2025-10-18T16:20:44.779Z
Animated Army,deck,Fellwar Stone,BLC,Bloomburrow Commander,269,normal,uncommon,1,96512,e99c4fec-eb21-4288-a12f-1c58c4946bae,0.8,false,false,near_mint,en,CAD,2025-10-18T16:20:44.779Z
Animated Army,deck,Trailtracker Scout,BLC,Bloomburrow Commander,35,normal,rare,1,96248,36ee967a-3cac-4fff-b616-ec2557c676f2,0.28,false,false,near_mint,en,CAD,2025-10-18T16:20:44.779Z
Animated Army,deck,Rootbound Crag,BLC,Bloomburrow Commander,326,normal,rare,1,96361,822bb322-1513-4288-befa-a7f27dd14253,0.28,false,false,near_mint,en,CAD,2025-10-18T16:20:44.779Z
Animated Army,deck,Prosperous Bandit,BLC,Bloomburrow Commander,25,normal,rare,1,96325,6b3a7194-25e8-4639-a490-96e9cfce0f84,0.13,false,false,near_mint,en,CAD,2025-10-18T16:20:44.779Z
Animated Army,deck,Beast Within,BLC,Bloomburrow Commander,206,normal,uncommon,1,96311,601c59cf-f3df-4003-9ae9-613a1d4a620b,0.62,false,false,near_mint,en,CAD,2025-10-18T16:20:44.779Z
Animated Army,deck,Thickest in the Thicket,BLC,Bloomburrow Commander,34,normal,rare,1,96360,821f01e4-082e-424a-ae77-4053da893eb2,0.34,false,false,near_mint,en,CAD,2025-10-18T16:20:44.779Z
Animated Army,deck,Sunbird's Invocation,BLC,Bloomburrow Commander,116,normal,rare,1,96180,1512eddf-7a24-4f0a-967f-85e51cc08907,0.14,false,false,near_mint,en,CAD,2025-10-18T16:20:44.779Z
Animated Army,deck,Mountain,BLB,Bloomburrow,375,normal,common,4,96028,4b827c54-8bfe-4ef5-830e-e17b8690bbe7,0.04,false,false,near_mint,en,CAD,2025-10-18T16:20:44.779Z
Animated Army,deck,Burnished Hart,BLC,Bloomburrow Commander,266,normal,uncommon,1,96222,2a7f80b8-e634-4770-b6d1-bdc05e4cbb69,0.06,false,false,near_mint,en,CAD,2025-10-18T16:20:44.779Z
Animated Army,deck,"Etali, Primal Storm",BLC,Bloomburrow Commander,196,normal,rare,1,96377,8dd1b0e5-b197-4e8a-a34f-e0b16a928fb0,0.13,false,false,near_mint,en,CAD,2025-10-18T16:20:44.779Z
Animated Army,deck,Hedron Archive,BLC,Bloomburrow Commander,275,normal,uncommon,1,96206,228ce785-033c-4973-89c7-4616a5b9c9d2,0.14,false,false,near_mint,en,CAD,2025-10-18T16:20:44.779Z
Animated Army,deck,Gratuitous Violence,BLC,Bloomburrow Commander,197,normal,rare,1,96438,bab5985d-636e-41e3-8138-3e108eef8221,0.56,false,false,near_mint,en,CAD,2025-10-18T16:20:44.779Z
Animated Army,deck,Blasphemous Act,BLC,Bloomburrow Commander,114,normal,rare,1,96536,fb01696a-855c-45af-804c-d41acb6496e1,1.74,false,false,near_mint,en,CAD,2025-10-18T16:20:44.779Z
Animated Army,deck,Berserkers' Onslaught,BLC,Bloomburrow Commander,192,normal,rare,1,96363,83c64ec3-ad6d-45d8-a44a-fd557d1ad2bf,0.17,false,false,near_mint,en,CAD,2025-10-18T16:20:44.779Z
Animated Army,deck,Sol Ring,BLC,Bloomburrow Commander,129,normal,uncommon,1,96542,fff440c0-7e6a-46c2-9989-f1b5af20fd44,1.6,false,false,near_mint,en,CAD,2025-10-18T16:20:44.779Z
Animated Army,deck,Mosswort Bridge,BLC,Bloomburrow Commander,317,normal,rare,1,96216,28b0c20f-6727-462a-bdfe-457e487f11d3,0.17,false,false,near_mint,en,CAD,2025-10-18T16:20:44.779Z
Animated Army,deck,Kodama of the East Tree,BLC,Bloomburrow Commander,227,normal,rare,1,96231,2ee1d489-0980-444e-8b07-107be791b76e,2.81,false,false,near_mint,en,CAD,2025-10-18T16:20:44.779Z
Animated Army,deck,Forgotten Cave,BLC,Bloomburrow Commander,305,normal,common,1,96511,e8ae2de4-0460-40b4-aa41-70f95919923e,0.06,false,false,near_mint,en,CAD,2025-10-18T16:20:44.779Z
Animated Army,deck,Terramorphic Expanse,BLC,Bloomburrow Commander,345,normal,common,1,96204,21bb96d8-483c-4fde-97ea-08be9570c289,0.07,false,false,near_mint,en,CAD,2025-10-18T16:20:44.779Z
Animated Army,deck,Thran Dynamo,BLC,Bloomburrow Commander,290,normal,uncommon,1,96319,6455b185-aa5e-45e1-951e-f6eef517daf2,2.3,false,false,near_mint,en,CAD,2025-10-18T16:20:44.779Z
Animated Army,deck,"Goreclaw, Terror of Qal Sisma",BLC,Bloomburrow Commander,222,normal,rare,1,96491,de8a64e5-9986-4692-b173-43475f4b5005,0.37,false,false,near_mint,en,CAD,2025-10-18T16:20:44.779Z
Animated Army,deck,Mossfire Valley,BLC,Bloomburrow Commander,316,normal,rare,1,96520,ef16ac09-fb6c-41c6-bd81-5074dc30e866,0.11,false,false,near_mint,en,CAD,2025-10-18T16:20:44.779Z
Animated Army,deck,Gruul Signet,BLC,Bloomburrow Commander,273,normal,uncommon,1,96193,1e71ad66-28ae-4cd6-ac71-d8710e9ea9cd,0.18,false,false,near_mint,en,CAD,2025-10-18T16:20:44.779Z
Animated Army,deck,"Ghalta, Primal Hunger",BLC,Bloomburrow Commander,220,normal,rare,1,96521,ef6a7dc0-35c2-4300-b0c5-28b04706291f,0.65,false,false,near_mint,en,CAD,2025-10-18T16:20:44.779Z
Animated Army,deck,Mind Stone,BLC,Bloomburrow Commander,280,normal,uncommon,1,96305,5cf95476-27ed-487d-8459-c97a921bb808,0.17,false,false,near_mint,en,CAD,2025-10-18T16:20:44.779Z
Animated Army,deck,Brightcap Badger // Fungus Frolic,BLC,Bloomburrow Commander,28,normal,rare,1,96166,0e843102-b8cc-4bc8-872e-79924197f4cc,0.28,false,false,near_mint,en,CAD,2025-10-18T16:20:44.779Z
Animated Army,deck,Unnatural Growth,BLC,Bloomburrow Commander,245,normal,rare,1,96299,5a9d47cc-157b-4070-ae00-da1c5d7b94de,1.32,false,false,near_mint,en,CAD,2025-10-18T16:20:44.779Z
Animated Army,deck,Rampant Growth,BLC,Bloomburrow Commander,234,normal,common,1,96477,d6e4e354-dee5-4c9d-960d-9847fca97c7a,0.44,false,false,near_mint,en,CAD,2025-10-18T16:20:44.779Z
Animated Army,deck,Outpost Siege,BLC,Bloomburrow Commander,199,normal,rare,1,96282,51f8c63e-8778-43c5-9093-f419442295cf,0.14,false,false,near_mint,en,CAD,2025-10-18T16:20:44.779Z
Animated Army,deck,Decimate,BLC,Bloomburrow Commander,251,normal,rare,1,96517,ed38da33-c230-4eec-b7c7-3b0c5cdf727a,0.14,false,false,near_mint,en,CAD,2025-10-18T16:20:44.779Z
Animated Army,deck,Abrade,BLC,Bloomburrow Commander,191,normal,common,1,96450,c1466ae6-9dbc-4ead-844b-9b1ba7274baf,0.07,false,false,near_mint,en,CAD,2025-10-18T16:20:44.779Z
Animated Army,deck,Garruk's Packleader,BLC,Bloomburrow Commander,218,normal,uncommon,1,96171,109dee37-5de5-40fa-9405-8645be6c5076,0.07,false,false,near_mint,en,CAD,2025-10-18T16:20:44.779Z
Animated Army,deck,Raging Ravine,BLC,Bloomburrow Commander,324,normal,rare,1,96483,da09a99b-af20-4294-a4a6-cb000dae9d73,0.1,false,false,near_mint,en,CAD,2025-10-18T16:20:44.779Z
Animated Army,deck,Harmonize,BLC,Bloomburrow Commander,120,normal,uncommon,1,96441,bb27bd6f-dec5-4e05-b228-d606a03380ad,0.2,false,false,near_mint,en,CAD,2025-10-18T16:20:44.779Z
Animated Army,deck,Cinder Glade,BLC,Bloomburrow Commander,299,normal,rare,1,96227,2c75c411-b5a4-40ad-ad78-e49e37891024,0.18,false,false,near_mint,en,CAD,2025-10-18T16:20:44.779Z
Animated Army,deck,Forest,BLB,Bloomburrow,378,normal,common,5,96108,bddc66f7-4e94-4857-ba7d-6b0083d0bfa0,0.06,false,false,near_mint,en,CAD,2025-10-18T16:20:44.779Z
Animated Army,deck,Lotus Cobra,BLC,Bloomburrow Commander,229,normal,rare,1,96262,3e9cc3c4-82e2-43ba-892d-91836e6ac6fc,5.1,false,false,near_mint,en,CAD,2025-10-18T16:20:44.779Z
Animated Army,deck,Warstorm Surge,BLC,Bloomburrow Commander,117,normal,rare,1,96313,604a6feb-0586-479c-a7b9-60abe9a13eb1,0.63,false,false,near_mint,en,CAD,2025-10-18T16:20:44.779Z
Animated Army,deck,Wandertale Mentor,BLB,Bloomburrow,240,normal,uncommon,1,95808,8c399a55-d02e-41ed-b827-8784b738c118,0.03,false,false,near_mint,en,CAD,2025-10-18T16:20:44.779Z
Animated Army,deck,Llanowar Loamspeaker,BLC,Bloomburrow Commander,228,normal,rare,1,96164,0dba8ffb-b7b1-411e-90c5-070b7a888e3f,0.1,false,false,near_mint,en,CAD,2025-10-18T16:20:44.779Z
Animated Army,deck,"Bello, Bard of the Brambles",BLC,Bloomburrow Commander,1,foil,mythic,1,95765,31e4b7a1-b377-49d2-a92e-4bcb0db35f16,1.26,false,false,near_mint,en,CAD,2025-10-18T16:20:44.779Z
Animated Army,deck,Farseek,BLC,Bloomburrow Commander,119,normal,uncommon,1,96328,6c41b3c9-bbed-447d-a952-250bb7091a9e,0.53,false,false,near_mint,en,CAD,2025-10-18T16:20:44.779Z
Animated Army,deck,Primeval Bounty,BLC,Bloomburrow Commander,232,normal,mythic,1,96307,5e0577c4-fc62-4222-9e32-b48c58e47462,0.28,false,false,near_mint,en,CAD,2025-10-18T16:20:44.779Z
Animated Army,deck,Starstorm,BLC,Bloomburrow Commander,203,normal,rare,1,96414,a5f3ab82-2a24-4c6c-bdd9-f2bd5adca144,0.14,false,false,near_mint,en,CAD,2025-10-18T16:20:44.779Z
Animated Army,deck,Reliquary Tower,BLC,Bloomburrow Commander,132,normal,uncommon,1,96457,c4bb10b5-13ee-43b9-8d5f-4ef812373d20,2.4,false,false,near_mint,en,CAD,2025-10-18T16:20:44.779Z
Animated Army,deck,Tendershoot Dryad,BLC,Bloomburrow Commander,242,normal,rare,1,96253,3a60bdb4-53b3-46f2-b7a1-7954117b42a1,1.83,false,false,near_mint,en,CAD,2025-10-18T16:20:44.779Z
Animated Army,deck,"Grothama, All-Devouring",BLC,Bloomburrow Commander,224,normal,mythic,1,96152,08b5301b-9f3c-4fb2-a308-a47a16c08fc0,0.1,false,false,near_mint,en,CAD,2025-10-18T16:20:44.779Z
Animated Army,deck,Sheltered Thicket,BLC,Bloomburrow Commander,330,normal,rare,1,96256,3bd9e0e1-91b7-4b20-bbd2-f2c8fd064565,0.1,false,false,near_mint,en,CAD,2025-10-18T16:20:44.779Z
Animated Army,deck,Forest,BLB,Bloomburrow,377,normal,common,5,96021,43b3be4a-973d-4aeb-a94e-37e2710ac178,0.06,false,false,near_mint,en,CAD,2025-10-18T16:20:44.779Z
Animated Army,deck,"Grumgully, the Generous",BLC,Bloomburrow Commander,253,normal,uncommon,1,96478,d8d7ac51-450e-473e-93e1-3fa9b3b6e2d4,0.03,false,false,near_mint,en,CAD,2025-10-18T16:20:44.779Z
Animated Army,deck,Temple of Abandon,BLC,Bloomburrow Commander,338,normal,rare,1,96296,59866586-8a4c-464e-8273-2ec06f29d28e,0.1,false,false,near_mint,en,CAD,2025-10-18T16:20:44.779Z
Animated Army,deck,Pyreswipe Hawk,BLC,Bloomburrow Commander,26,normal,rare,1,96161,0cf88f89-9490-4477-b632-85c513e8c749,0.07,false,false,near_mint,en,CAD,2025-10-18T16:20:44.779Z
Animated Army,deck,Tranquil Thicket,BLC,Bloomburrow Commander,350,normal,common,1,96445,bdf8439b-a31e-49d4-981a-d9532f83c370,0.06,false,false,near_mint,en,CAD,2025-10-18T16:20:44.779Z
Animated Army,deck,Wooded Ridgeline,BLC,Bloomburrow Commander,353,normal,common,1,96416,aabe97cd-b627-4620-8051-8f54a5d97328,0.06,false,false,near_mint,en,CAD,2025-10-18T16:20:44.779Z
Animated Army,deck,"Wildsear, Scouring Maw",BLC,Bloomburrow Commander,8,foil,mythic,1,96270,48494ef9-5eb3-4b55-ad1d-b32bbed89ca5,0.35,false,false,near_mint,en,CAD,2025-10-18T16:20:44.779Z
Animated Army,deck,Path of Ancestry,BLC,Bloomburrow Commander,322,normal,common,1,96359,821cb722-146d-447e-907d-dc97baa5bc4f,0.14,false,false,near_mint,en,CAD,2025-10-18T16:20:44.779Z
Animated Army,deck,Spine of Ish Sah,BLC,Bloomburrow Commander,285,normal,rare,1,96147,033b1ee0-494f-4881-8bdf-f9436d58fd66,0.14,false,false,near_mint,en,CAD,2025-10-18T16:20:44.779Z
Animated Army,deck,Copperline Gorge,BLC,Bloomburrow Commander,301,normal,rare,1,96452,c25daaa2-2a04-4fb0-8db3-6e564c26fadc,0.21,false,false,near_mint,en,CAD,2025-10-18T16:20:44.779Z
Animated Army,deck,Karplusan Forest,BLC,Bloomburrow Commander,314,normal,rare,1,96446,bf999ad0-ec64-4bbc-b0c3-fc0946cf65de,0.42,false,false,near_mint,en,CAD,2025-10-18T16:20:44.779Z
Animated Army,deck,"Domri, Anarch of Bolas",BLC,Bloomburrow Commander,98,foil,rare,1,96454,c3aa2926-050c-460d-b26d-e44a39258dcc,0.11,false,false,near_mint,en,CAD,2025-10-18T16:20:44.779Z
Animated Army,deck,Rampaging Baloths,BLC,Bloomburrow Commander,233,normal,mythic,1,96509,e738d6f6-2da1-4c53-b32f-65e8a1f806a2,0.17,false,false,near_mint,en,CAD,2025-10-18T16:20:44.779Z
Animated Army,deck,Mountain,BLB,Bloomburrow,376,normal,common,4,96048,62aaa129-69ff-4e22-861e-b2efd1cd5a10,0.04,false,false,near_mint,en,CAD,2025-10-18T16:20:44.779Z
Animated Army,deck,Thought Vessel,BLC,Bloomburrow Commander,289,normal,common,1,96434,b7a24bfc-bae0-4b21-9054-68723a1adeae,1.24,false,false,near_mint,en,CAD,2025-10-18T16:20:44.779Z
Animated Army,deck,Sakura-Tribe Elder,BLC,Bloomburrow Commander,236,normal,common,1,96247,3696297a-b068-4e89-a62c-6cd5ad437618,0.25,false,false,near_mint,en,CAD,2025-10-18T16:20:44.779Z
Animated Army,deck,Chaos Warp,BLC,Bloomburrow Commander,115,normal,rare,1,96347,7a050532-1e75-4212-acb0-ec740378af10,0.48,false,false,near_mint,en,CAD,2025-10-18T16:20:44.779Z
Animated Army,deck,Evolving Wilds,BLC,Bloomburrow Commander,302,normal,common,1,96280,516d6669-929e-4884-ae92-9a98cb7f9376,0.07,false,false,near_mint,en,CAD,2025-10-18T16:20:44.779Z
Animated Army,deck,Command Tower,BLC,Bloomburrow Commander,130,normal,common,1,96318,63a39996-48b7-42bb-9759-a42382ee0468,0.27,false,false,near_mint,en,CAD,2025-10-18T16:20:44.779Z
Animated Army,deck,Exotic Orchard,BLC,Bloomburrow Commander,131,normal,rare,1,96507,e6d8d98d-29b2-4ca2-bbda-4db2e8f6ae0b,0.14,false,false,near_mint,en,CAD,2025-10-18T16:20:44.779Z
Animated Army,deck,Bootleggers' Stash,BLC,Bloomburrow Commander,207,normal,mythic,1,96449,c10525b5-067c-4a30-a069-875f11f2ff19,0.17,false,false,near_mint,en,CAD,2025-10-18T16:20:44.779Z
Animated Army,deck,Path of Discovery,BLC,Bloomburrow Commander,231,normal,rare,1,96309,5f0dad60-90c2-41e7-bf85-4cb1343b4a9d,0.11,false,false,near_mint,en,CAD,2025-10-18T16:20:44.779Z
Animated Army,deck,Rain of Riches,BLC,Bloomburrow Commander,200,normal,rare,1,96220,299f81b5-20eb-465b-bd36-2acd80a4f37c,0.41,false,false,near_mint,en,CAD,2025-10-18T16:20:44.779Z
Animated Army,deck,Game Trail,BLC,Bloomburrow Commander,306,normal,rare,1,96503,e42e3260-33d7-4cee-8cac-61ed006abf3e,0.11,false,false,near_mint,en,CAD,2025-10-18T16:20:44.779Z
Peace Offering,deck,An Offer You Can't Refuse,BLC,Bloomburrow Commander,170,normal,uncommon,1,96437,b9ee82ee-4899-496e-80a6-e3403f6b364f,1.76,false,false,near_mint,en,CAD,2025-09-21T16:46:43.566Z
Peace Offering,deck,Riot Control,BLC,Bloomburrow Commander,151,normal,common,1,96525,f0ca86cd-1b24-4abc-a877-c3aee6acf873,0.19,false,false,near_mint,en,CAD,2025-09-21T16:46:43.566Z
Peace Offering,deck,Psychosis Crawler,BLC,Bloomburrow Commander,282,normal,rare,1,96379,8fa39403-6de1-4b05-bc95-e24a89b7fdf7,0.26,false,false,near_mint,en,CAD,2025-09-21T16:46:43.566Z
Peace Offering,deck,Skycloud Expanse,BLC,Bloomburrow Commander,332,normal,rare,1,96428,b0a66448-7da0-409b-ae94-746e022b92cf,0.08,false,false,near_mint,en,CAD,2025-09-21T16:46:43.566Z
Peace Offering,deck,Forest,BLB,Bloomburrow,378,normal,common,2,96108,bddc66f7-4e94-4857-ba7d-6b0083d0bfa0,0.06,false,false,near_mint,en,CAD,2025-09-21T16:46:43.566Z
Peace Offering,deck,Tempt with Discovery,BLC,Bloomburrow Commander,124,normal,rare,1,96292,580bbd5b-795e-41fe-b061-579c42218670,3.16,false,false,near_mint,en,CAD,2025-09-21T16:46:43.566Z
Peace Offering,deck,Twenty-Toed Toad,BLC,Bloomburrow Commander,16,normal,rare,1,96289,5479009c-9da5-4646-9894-fb9ec73dc9a9,3.71,false,false,near_mint,en,CAD,2025-09-21T16:46:43.566Z
Peace Offering,deck,"Mangara, the Diplomat",BLC,Bloomburrow Commander,145,normal,mythic,1,96211,26f0d639-9d7f-4a90-bbfd-f942bd59a89b,0.69,false,false,near_mint,en,CAD,2025-09-21T16:46:43.566Z
Peace Offering,deck,Communal Brewing,BLC,Bloomburrow Commander,29,normal,rare,1,96421,acf6399f-f389-4b13-8563-a078a5d198f4,0.65,false,false,near_mint,en,CAD,2025-09-21T16:46:43.566Z
Peace Offering,deck,Mind Stone,BLC,Bloomburrow Commander,280,normal,uncommon,1,96305,5cf95476-27ed-487d-8459-c97a921bb808,0.17,false,false,near_mint,en,CAD,2025-09-21T16:46:43.566Z
Peace Offering,deck,Command Tower,BLC,Bloomburrow Commander,130,normal,common,1,96318,63a39996-48b7-42bb-9759-a42382ee0468,0.12,false,false,near_mint,en,CAD,2025-09-21T16:46:43.566Z
Peace Offering,deck,Canopy Vista,BLC,Bloomburrow Commander,296,normal,rare,1,96402,9ed2a7c6-aa51-4b0e-a2d7-5f8d12c42e78,0.22,false,false,near_mint,en,CAD,2025-09-21T16:46:43.566Z
Peace Offering,deck,Plains,BLB,Bloomburrow,369,normal,common,2,96024,449d4122-ee9d-477c-976a-809ba8cb1443,0.06,false,false,near_mint,en,CAD,2025-09-21T16:46:43.566Z
Peace Offering,deck,Sphinx of Enlightenment,BLC,Bloomburrow Commander,175,normal,mythic,1,96242,3307e9c8-c4c1-480c-94a1-78332eaaac14,0.14,false,false,near_mint,en,CAD,2025-09-21T16:46:43.566Z
Peace Offering,deck,Illusionist's Gambit,BLC,Bloomburrow Commander,166,normal,rare,1,96447,bfe27186-7e6e-4ad6-8980-28d7e26b4d86,0.14,false,false,near_mint,en,CAD,2025-09-21T16:46:43.566Z
Peace Offering,deck,"Baird, Steward of Argive",BLC,Bloomburrow Commander,135,normal,uncommon,1,96279,5165b4fa-ce48-49c3-9cb3-dc6ece8c0f08,0.07,false,false,near_mint,en,CAD,2025-09-21T16:46:43.566Z
Peace Offering,deck,Broken Wings,BLC,Bloomburrow Commander,208,normal,common,1,96442,bb9136d4-cacd-4e51-a2e8-aaf96d7a546d,0.01,false,false,near_mint,en,CAD,2025-09-21T16:46:43.566Z
Peace Offering,deck,Sungrass Prairie,BLC,Bloomburrow Commander,334,normal,rare,1,96485,dc653d50-bce2-45f9-b3ee-6170d500d572,0.12,false,false,near_mint,en,CAD,2025-09-21T16:46:43.566Z
Peace Offering,deck,Coiling Oracle,BLC,Bloomburrow Commander,250,normal,common,1,96399,9cfb4080-0f31-4352-b47a-a36955b68a18,0.1,false,false,near_mint,en,CAD,2025-09-21T16:46:43.566Z
Peace Offering,deck,Perch Protection,BLC,Bloomburrow Commander,11,normal,rare,1,96197,1f81d6ea-9a76-43b9-b030-d40c5cfbeefe,5.76,false,false,near_mint,en,CAD,2025-09-21T16:46:43.566Z
Peace Offering,deck,Temple of Mystery,BLC,Bloomburrow Commander,342,normal,rare,1,96283,525ecebf-d769-472e-9405-324449cc910b,0.11,false,false,near_mint,en,CAD,2025-09-21T16:46:43.566Z
Peace Offering,deck,Kalonian Hydra,BLC,Bloomburrow Commander,226,normal,mythic,1,96396,9a936dcd-684a-47f6-860c-2f3541d8286c,4.81,false,false,near_mint,en,CAD,2025-09-21T16:46:43.566Z
Peace Offering,deck,Bloodroot Apothecary,BLC,Bloomburrow Commander,27,normal,rare,1,96472,d39e0024-9a91-49d6-bfbf-9dbf7d228687,2.16,false,false,near_mint,en,CAD,2025-09-21T16:46:43.566Z
Peace Offering,deck,Mr. Foxglove,BLC,Bloomburrow Commander,6,foil,mythic,1,96465,cba58beb-9524-46d4-ac63-119f19d9d44f,0.19,false,false,near_mint,en,CAD,2025-09-21T16:46:43.566Z
Peace Offering,deck,Exotic Orchard,BLC,Bloomburrow Commander,131,normal,rare,1,96507,e6d8d98d-29b2-4ca2-bbda-4db2e8f6ae0b,0.17,false,false,near_mint,en,CAD,2025-09-21T16:46:43.566Z
Peace Offering,deck,Simic Ascendancy,BLC,Bloomburrow Commander,260,normal,rare,1,96385,9300abb9-2750-4de8-8c1d-dbae48a86037,0.28,false,false,near_mint,en,CAD,2025-09-21T16:46:43.566Z
Peace Offering,deck,Evolving Wilds,BLC,Bloomburrow Commander,302,normal,common,1,96280,516d6669-929e-4884-ae92-9a98cb7f9376,0.06,false,false,near_mint,en,CAD,2025-09-21T16:46:43.566Z
Peace Offering,deck,Steelburr Champion,BLC,Bloomburrow Commander,12,normal,rare,1,96340,73b1f962-22b7-4394-9796-24f7b0f8a42f,0.17,false,false,near_mint,en,CAD,2025-09-21T16:46:43.566Z
Peace Offering,deck,Long River's Pull,BLB,Bloomburrow,58,normal,uncommon,1,95900,1c81d0fa-81a1-4f9b-a5fd-5a648fd01dea,0.12,false,false,near_mint,en,CAD,2025-09-21T16:46:43.566Z
Peace Offering,deck,Promise of Loyalty,BLC,Bloomburrow Commander,148,normal,rare,1,96444,bc537e6b-17bd-4908-a7b2-a4efa4f20c02,0.21,false,false,near_mint,en,CAD,2025-09-21T16:46:43.566Z
Peace Offering,deck,Managorger Hydra,BLC,Bloomburrow Commander,230,normal,rare,1,96463,c91b574c-dc87-4994-9d7c-e1e8a20c1527,1.03,false,false,near_mint,en,CAD,2025-09-21T16:46:43.566Z
Peace Offering,deck,Temple of Plenty,BLC,Bloomburrow Commander,343,normal,rare,1,96424,ae61f7c7-870a-4bf7-af05-8fb077a10104,0.14,false,false,near_mint,en,CAD,2025-09-21T16:46:43.566Z
Peace Offering,deck,Prairie Stream,BLC,Bloomburrow Commander,323,normal,rare,1,96516,ebe09b89-6b2d-4512-9bfd-b897810e8c40,0.19,false,false,near_mint,en,CAD,2025-09-21T16:46:43.566Z
Peace Offering,deck,Yavimaya Coast,BLC,Bloomburrow Commander,355,normal,rare,1,96346,797b266b-4403-4ba4-9ffd-9c62fd981153,0.28,false,false,near_mint,en,CAD,2025-09-21T16:46:43.566Z
Peace Offering,deck,Seachrome Coast,BLC,Bloomburrow Commander,328,normal,rare,1,96372,88ec4d3b-f1f1-489c-b41e-0206e5e59fbd,0.26,false,false,near_mint,en,CAD,2025-09-21T16:46:43.566Z
Peace Offering,deck,Plains,BLB,Bloomburrow,370,normal,common,2,95991,031b61a1-db66-416d-8187-edc32123131f,0.06,false,false,near_mint,en,CAD,2025-09-21T16:46:43.566Z
Peace Offering,deck,Fisher's Talent,BLC,Bloomburrow Commander,36,normal,rare,1,96269,47f0e0b9-d137-46ac-a6e4-13a529e30bb5,0.15,false,false,near_mint,en,CAD,2025-09-21T16:46:43.566Z
Peace Offering,deck,Reliquary Tower,BLC,Bloomburrow Commander,132,normal,uncommon,1,96457,c4bb10b5-13ee-43b9-8d5f-4ef812373d20,2.73,false,false,near_mint,en,CAD,2025-09-21T16:46:43.566Z
Peace Offering,deck,Arcane Signet,BLC,Bloomburrow Commander,127,normal,common,1,96215,28180667-cc1e-4f64-9a69-00425ef85ba0,0.5,false,false,near_mint,en,CAD,2025-09-21T16:46:43.566Z
Peace Offering,deck,Triskaidekaphile,BLC,Bloomburrow Commander,178,normal,rare,1,96172,10c7b3b1-32f4-49b1-aa39-02d3ef29a727,0.58,false,false,near_mint,en,CAD,2025-09-21T16:46:43.566Z
Peace Offering,deck,Chasm Skulker,BLC,Bloomburrow Commander,164,normal,rare,1,96371,87523249-4397-41b8-8ee8-fcb1d2dd9853,0.41,false,false,near_mint,en,CAD,2025-09-21T16:46:43.566Z
Peace Offering,deck,Island,BLB,Bloomburrow,371,normal,common,2,96025,46848fc2-ba58-4738-b4ce-0399d9053f48,0.04,false,false,near_mint,en,CAD,2025-09-21T16:46:43.566Z
Peace Offering,deck,Swiftfoot Boots,BLC,Bloomburrow Commander,286,normal,uncommon,1,96334,70161846-6582-49f0-a466-083f1283e85d,1.38,false,false,near_mint,en,CAD,2025-09-21T16:46:43.566Z
Peace Offering,deck,Sol Ring,BLC,Bloomburrow Commander,129,normal,uncommon,1,96542,fff440c0-7e6a-46c2-9989-f1b5af20fd44,1.38,false,false,near_mint,en,CAD,2025-09-21T16:46:43.566Z
Peace Offering,deck,Peerless Recycling,BLB,Bloomburrow,188,normal,uncommon,1,95925,5f72466c-505b-4371-9366-0fde525a37e6,0.06,false,false,near_mint,en,CAD,2025-09-21T16:46:43.566Z
Peace Offering,deck,Wizard Class,BLC,Bloomburrow Commander,112,normal,uncommon,1,96326,6b429f7a-da0c-4570-87ed-9945a657fe11,1.72,false,false,near_mint,en,CAD,2025-09-21T16:46:43.566Z
Peace Offering,deck,Faeburrow Elder,BLC,Bloomburrow Commander,252,normal,rare,1,96400,9d736aef-8c9b-43bf-8214-7cf0a0ee968f,1.38,false,false,near_mint,en,CAD,2025-09-21T16:46:43.566Z
Peace Offering,deck,Tenuous Truce,BLC,Bloomburrow Commander,159,normal,rare,1,96252,387d54f1-bf1d-44f1-9576-cc912a51358c,0.19,false,false,near_mint,en,CAD,2025-09-21T16:46:43.566Z
Peace Offering,deck,Secret Rendezvous,BLC,Bloomburrow Commander,152,normal,uncommon,1,96498,e198cc9f-a03c-49f2-8270-80864ce17508,0.28,false,false,near_mint,en,CAD,2025-09-21T16:46:43.566Z
Peace Offering,deck,Thriving Grove,BLC,Bloomburrow Commander,347,normal,common,1,96418,ab962037-6cf3-43a7-be74-b43bfd77a7a2,0.06,false,false,near_mint,en,CAD,2025-09-21T16:46:43.566Z
Peace Offering,deck,Fellwar Stone,BLC,Bloomburrow Commander,269,normal,uncommon,1,96512,e99c4fec-eb21-4288-a12f-1c58c4946bae,1.38,false,false,near_mint,en,CAD,2025-09-21T16:46:43.566Z
Peace Offering,deck,Cultivate,BLC,Bloomburrow Commander,212,normal,common,1,96229,2d378437-4fc1-4004-a49a-98d7bac36ef5,0.68,false,false,near_mint,en,CAD,2025-09-21T16:46:43.566Z
Peace Offering,deck,Adarkar Wastes,BLC,Bloomburrow Commander,291,normal,rare,1,96474,d501527c-1bf5-4b59-9bff-e4562181a096,0.28,false,false,near_mint,en,CAD,2025-09-21T16:46:43.566Z
Peace Offering,deck,Octomancer,BLC,Bloomburrow Commander,37,normal,rare,1,96528,f260197a-0297-4673-96de-dee915d79353,0.63,false,false,near_mint,en,CAD,2025-09-21T16:46:43.566Z
Peace Offering,deck,Loran of the Third Path,BLC,Bloomburrow Commander,143,normal,rare,1,96320,647e6b32-c755-4700-b151-6a174dbb2bd0,2.76,false,false,near_mint,en,CAD,2025-09-21T16:46:43.566Z
Peace Offering,deck,Swords to Plowshares,BLC,Bloomburrow Commander,109,normal,uncommon,1,96387,948cdb9d-adae-4161-a233-7f7d28b3e1a7,1.65,false,false,near_mint,en,CAD,2025-09-21T16:46:43.566Z
Peace Offering,deck,Thriving Heath,BLC,Bloomburrow Commander,348,normal,common,1,96365,84edcf5a-9622-4c9d-885a-f2403b436069,0.06,false,false,near_mint,en,CAD,2025-09-21T16:46:43.566Z
Peace Offering,deck,Temple of Enlightenment,BLC,Bloomburrow Commander,339,normal,rare,1,96348,7a77ecc1-76e1-414f-a472-937eb9b734cc,0.07,false,false,near_mint,en,CAD,2025-09-21T16:46:43.566Z
Peace Offering,deck,Jolly Gerbils,BLB,Bloomburrow,19,normal,uncommon,1,96167,0eab51d6-ba17-4a8c-8834-25db363f2b6b,0.01,false,false,near_mint,en,CAD,2025-09-21T16:46:43.566Z
Peace Offering,deck,Realm-Cloaked Giant // Cast Off,BLC,Bloomburrow Commander,149,normal,mythic,1,96315,616d22fc-ab08-4e2d-8f0b-496a4ae1789e,0.11,false,false,near_mint,en,CAD,2025-09-21T16:46:43.566Z
Peace Offering,deck,"Rishkar, Peema Renegade",BLC,Bloomburrow Commander,235,normal,rare,1,96304,5c9de5df-b993-4799-b5a4-d9926da0b312,0.23,false,false,near_mint,en,CAD,2025-09-21T16:46:43.566Z
Peace Offering,deck,Body of Knowledge,BLC,Bloomburrow Commander,163,normal,rare,1,96294,58811652-dff7-4b96-b4f0-86f99bac88bf,0.21,false,false,near_mint,en,CAD,2025-09-21T16:46:43.566Z
Peace Offering,deck,Forest,BLB,Bloomburrow,377,normal,common,2,96021,43b3be4a-973d-4aeb-a94e-37e2710ac178,0.07,false,false,near_mint,en,CAD,2025-09-21T16:46:43.566Z
Peace Offering,deck,Intellectual Offering,BLC,Bloomburrow Commander,168,normal,rare,1,96344,78fa7463-cd59-4654-ada8-7854efee5aa4,0.07,false,false,near_mint,en,CAD,2025-09-21T16:46:43.566Z
Peace Offering,deck,Glacial Fortress,BLC,Bloomburrow Commander,307,normal,rare,1,96356,805ce12b-58eb-4584-a02e-d55ce3e527ce,0.21,false,false,near_mint,en,CAD,2025-09-21T16:46:43.566Z
Peace Offering,deck,Spore Frog,BLC,Bloomburrow Commander,238,normal,common,1,96237,3164ebb4-269a-4be6-a535-a112303f9fe8,0.19,false,false,near_mint,en,CAD,2025-09-21T16:46:43.566Z
Peace Offering,deck,"Tamiyo, Field Researcher",BLC,Bloomburrow Commander,100,foil,mythic,1,95786,5899d4c5-e6b8-48e9-9044-b5b34a1284f9,0.34,false,false,near_mint,en,CAD,2025-09-21T16:46:43.566Z
Peace Offering,deck,Generous Gift,BLC,Bloomburrow Commander,106,normal,uncommon,1,96518,ee0e17cb-a729-4be9-9fe3-e71ba45f0a6e,1.21,false,false,near_mint,en,CAD,2025-09-21T16:46:43.566Z
Peace Offering,deck,Wear Down,BLB,Bloomburrow,203,normal,uncommon,1,95863,fded2b83-3b7d-4c8c-83c4-0624a1069628,0.07,false,false,near_mint,en,CAD,2025-09-21T16:46:43.566Z
Peace Offering,deck,Thought Vessel,BLC,Bloomburrow Commander,289,normal,common,1,96434,b7a24bfc-bae0-4b21-9054-68723a1adeae,1.38,false,false,near_mint,en,CAD,2025-09-21T16:46:43.566Z
Peace Offering,deck,Rites of Flourishing,BLC,Bloomburrow Commander,122,normal,rare,1,96246,36459b89-b273-43c9-aeab-86bcd60edfd1,0.28,false,false,near_mint,en,CAD,2025-09-21T16:46:43.566Z
Peace Offering,deck,Brushland,BLC,Bloomburrow Commander,295,normal,rare,1,96169,0f04a729-2e7e-459b-83ca-7d57b6b13ac3,0.41,false,false,near_mint,en,CAD,2025-09-21T16:46:43.566Z
Peace Offering,deck,Thriving Isle,BLC,Bloomburrow Commander,349,normal,common,1,96425,af188959-16f3-4482-a110-c22d0863f6c7,0.01,false,false,near_mint,en,CAD,2025-09-21T16:46:43.566Z
Peace Offering,deck,Razorverge Thicket,BLC,Bloomburrow Commander,325,normal,rare,1,96352,7c55f26b-4c18-4418-b30f-64c73e3f884d,0.28,false,false,near_mint,en,CAD,2025-09-21T16:46:43.566Z
Peace Offering,deck,Farseek,BLC,Bloomburrow Commander,119,normal,uncommon,1,96328,6c41b3c9-bbed-447d-a952-250bb7091a9e,0.48,false,false,near_mint,en,CAD,2025-09-21T16:46:43.566Z
Peace Offering,deck,Hoofprints of the Stag,BLC,Bloomburrow Commander,140,normal,rare,1,96174,111fd453-244a-49f1-88e7-7cf1b8e975ee,0.07,false,false,near_mint,en,CAD,2025-09-21T16:46:43.566Z
Peace Offering,deck,Forgotten Ancient,BLC,Bloomburrow Commander,217,normal,rare,1,96462,c90b37d1-e708-494a-bc93-b1bfbaf29de5,0.4,false,false,near_mint,en,CAD,2025-09-21T16:46:43.566Z
Peace Offering,deck,"Jolrael, Mwonvuli Recluse",BLC,Bloomburrow Commander,225,normal,rare,1,96210,258bfd1a-ec8d-453d-a957-814110e2dcaf,0.07,false,false,near_mint,en,CAD,2025-09-21T16:46:43.566Z
Peace Offering,deck,Perplexing Test,BLC,Bloomburrow Commander,171,normal,rare,1,96436,b91b660b-e04b-480c-a0ed-eb82d3201c7c,0.19,false,false,near_mint,en,CAD,2025-09-21T16:46:43.566Z
Peace Offering,deck,Ghirapur Orrery,BLC,Bloomburrow Commander,270,normal,rare,1,96230,2dde7d22-f235-4368-8fbe-17f6cf0508b3,0.28,false,false,near_mint,en,CAD,2025-09-21T16:46:43.566Z
Peace Offering,deck,Overflowing Basin,BLC,Bloomburrow Commander,321,normal,rare,1,96455,c41cc911-544f-43b7-8a86-8a369e3069b8,0.19,false,false,near_mint,en,CAD,2025-09-21T16:46:43.566Z
Peace Offering,deck,Martial Impetus,BLC,Bloomburrow Commander,108,normal,uncommon,1,96301,5b114cfe-3cec-43b8-b20f-01a1436aa25a,0.06,false,false,near_mint,en,CAD,2025-09-21T16:46:43.566Z
Peace Offering,deck,Terramorphic Expanse,BLC,Bloomburrow Commander,345,normal,common,1,96204,21bb96d8-483c-4fde-97ea-08be9570c289,0.1,false,false,near_mint,en,CAD,2025-09-21T16:46:43.566Z
Peace Offering,deck,Flooded Grove,BLC,Bloomburrow Commander,304,normal,rare,1,96527,f2017e4f-8f1e-4e4e-b7d4-23760c8de084,0.28,false,false,near_mint,en,CAD,2025-09-21T16:46:43.566Z
Peace Offering,deck,"Kwain, Itinerant Meddler",BLC,Bloomburrow Commander,254,normal,rare,1,96466,cce29404-abfd-4c2c-90e5-5e04c111aa2b,0.17,false,false,near_mint,en,CAD,2025-09-21T16:46:43.566Z
Peace Offering,deck,Island,BLB,Bloomburrow,372,normal,common,2,95998,10125dab-fe82-4796-b5db-3bd6ad389e1d,0.03,false,false,near_mint,en,CAD,2025-09-21T16:46:43.566Z
Peace Offering,deck,Sunpetal Grove,BLC,Bloomburrow Commander,335,normal,rare,1,96194,1eb0d965-a7a1-4dfc-9867-adbf153e72be,0.48,false,false,near_mint,en,CAD,2025-09-21T16:46:43.566Z
Peace Offering,deck,Ms. Bumbleflower,BLC,Bloomburrow Commander,3,foil,mythic,1,95775,42bbedc1-6b83-46b4-8b3b-a4e05ce77d87,1.03,false,false,near_mint,en,CAD,2025-09-21T16:46:43.566Z
Peace Offering,deck,Sunscorch Regent,BLC,Bloomburrow Commander,158,normal,rare,1,96484,da3ae3b5-a68c-4cca-adb5-5c350510bff0,0.28,false,false,near_mint,en,CAD,2025-09-21T16:46:43.566Z
Peace Offering,deck,"Selvala, Explorer Returned",BLC,Bloomburrow Commander,259,normal,rare,1,96323,69195842-c7ce-477b-a04f-06412aff382a,0.1,false,false,near_mint,en,CAD,2025-09-21T16:46:43.566Z
Peace Offering,deck,Seaside Citadel,BLC,Bloomburrow Commander,329,normal,uncommon,1,96408,a3286386-15da-42a7-aca9-fefb9df9f217,0.28,false,false,near_mint,en,CAD,2025-09-21T16:46:43.566Z
Peace Offering,deck,Hinterland Harbor,BLC,Bloomburrow Commander,312,normal,rare,1,96198,1fa8b7e9-e6c7-4b04-aab4-2a9edf5b4320,0.28,false,false,near_mint,en,CAD,2025-09-21T16:46:43.566Z
Peace Offering,deck,Tempt with Bunnies,BLC,Bloomburrow Commander,13,normal,rare,1,96381,90cc0369-dc9b-4e75-8e3c-ec0783fa13a9,2.89,false,false,near_mint,en,CAD,2025-09-21T16:46:43.566Z
Peace Offering,deck,Coveted Jewel,BLC,Bloomburrow Commander,268,normal,rare,1,96380,90617b21-821b-4945-89b5-f5d1b57ca3aa,0.21,false,false,near_mint,en,CAD,2025-09-21T16:46:43.566Z
Jump Scare,deck,Temple of Mystery,DSC,Duskmourn: House of Horror Commander,311,normal,rare,1,99065,1a349dad-7f8f-4ca8-b4e0-c212bf029f6c,0.07,false,false,near_mint,en,CAD,2024-10-26T18:05:29.208Z
Jump Scare,deck,Trail of Mystery,DSC,Duskmourn: House of Horror Commander,203,normal,rare,1,99159,56271ec9-5e41-47d3-ac76-d0743fb399cc,0.08,false,false,near_mint,en,CAD,2024-10-26T18:05:29.208Z
Jump Scare,deck,Oversimplify,DSC,Duskmourn: House of Horror Commander,228,normal,rare,1,99370,db0e1886-fe98-48a3-aa9c-8255c02c0604,0.11,false,false,near_mint,en,CAD,2024-10-26T18:05:29.208Z
Jump Scare,deck,Forest,DSK,Duskmourn: House of Horror,286,normal,common,3,98769,0da5fbc2-24ad-4520-a60a-436d3a485fec,0.01,false,false,near_mint,en,CAD,2024-10-26T18:05:29.208Z
Jump Scare,deck,Command Tower,DSC,Duskmourn: House of Horror Commander,96,normal,common,1,98781,129d1bbd-83ad-4953-bf6d-b55989b2529c,0.24,false,false,near_mint,en,CAD,2024-10-26T18:05:29.208Z
Jump Scare,deck,Reliquary Tower,DSC,Duskmourn: House of Horror Commander,295,normal,uncommon,1,99219,78a8c8ed-9afc-4855-bd6a-cf4e2335ecfa,1.73,false,false,near_mint,en,CAD,2024-10-26T18:05:29.208Z
Jump Scare,deck,"Arixmethes, Slumbering Isle",DSC,Duskmourn: House of Horror Commander,211,normal,rare,1,99331,bf561379-4e5f-486a-bcdf-6e08e105316e,0.14,false,false,near_mint,en,CAD,2024-10-26T18:05:29.208Z
Jump Scare,deck,Curator Beastie,DSC,Duskmourn: House of Horror Commander,30,normal,rare,1,98863,83eafcd9-0918-43a8-a1be-13deec424235,0.01,false,false,near_mint,en,CAD,2024-10-26T18:05:29.208Z
Jump Scare,deck,Yavimaya Coast,DSC,Duskmourn: House of Horror Commander,327,normal,rare,1,99384,e429d25c-475c-4c49-9d84-205fdbd9d5e7,0.29,false,false,near_mint,en,CAD,2024-10-26T18:05:29.208Z
Jump Scare,deck,Whisperwood Elemental,DSC,Duskmourn: House of Horror Commander,204,normal,mythic,1,99412,f522f32d-e510-4128-98ae-d3c0f684b899,0.12,false,false,near_mint,en,CAD,2024-10-26T18:05:29.208Z
Jump Scare,deck,Mosswort Bridge,DSC,Duskmourn: House of Horror Commander,288,normal,rare,1,99229,7e608136-d934-4785-abb6-f423722e3835,0.14,false,false,near_mint,en,CAD,2024-10-26T18:05:29.208Z
Jump Scare,deck,Simic Growth Chamber,DSC,Duskmourn: House of Horror Commander,298,normal,uncommon,1,99076,212d97c5-c144-483b-b42e-00623477e928,0.01,false,false,near_mint,en,CAD,2024-10-26T18:05:29.208Z
Jump Scare,deck,Sakura-Tribe Elder,DSC,Duskmourn: House of Horror Commander,194,normal,common,1,99220,7a0dd468-9317-42bd-946d-ef96805fc6a4,0.35,false,false,near_mint,en,CAD,2024-10-26T18:05:29.208Z
Jump Scare,deck,Shriekwood Devourer,DSC,Duskmourn: House of Horror Commander,35,normal,rare,1,98908,bd73c214-f6b6-49e9-b6e8-af6b1f1fb0f0,0.28,false,false,near_mint,en,CAD,2024-10-26T18:05:29.208Z
Jump Scare,deck,Valgavoth's Lair,DSK,Duskmourn: House of Horror,327,foil,rare,1,98643,7b5041f1-7cb8-4b60-94f6-436430bbece4,2.45,false,false,near_mint,en,CAD,2024-10-26T18:05:29.208Z
Jump Scare,deck,Scute Swarm,DSC,Duskmourn: House of Horror Commander,197,normal,rare,1,99394,ea630ba1-22f9-4a10-bdc6-0d03128214f4,2.77,false,false,near_mint,en,CAD,2024-10-26T18:05:29.208Z
Jump Scare,deck,Vineglimmer Snarl,DSC,Duskmourn: House of Horror Commander,323,normal,rare,1,99207,72151f2e-3980-466e-9741-6f7de8d898e7,0.12,false,false,near_mint,en,CAD,2024-10-26T18:05:29.208Z
Jump Scare,deck,They Came from the Pipes,DSC,Duskmourn: House of Horror Commander,14,normal,rare,1,98846,74c900b3-6db0-4bd9-afd2-d193e4aca09c,0.21,false,false,near_mint,en,CAD,2024-10-26T18:05:29.208Z
Jump Scare,deck,Experimental Lab // Staff Room,DSC,Duskmourn: House of Horror Commander,33,normal,rare,1,98773,0ee64079-76f2-49da-bd62-3d22dc1ec0c0,1.77,false,false,near_mint,en,CAD,2024-10-26T18:05:29.208Z
Jump Scare,deck,Thornwood Falls,DSC,Duskmourn: House of Horror Commander,314,normal,common,1,99294,acdd77d6-0c6e-4aa7-8d2e-f5203df5c7f3,0.01,false,false,near_mint,en,CAD,2024-10-26T18:05:29.208Z
Jump Scare,deck,"Rashmi, Eternities Crafter",DSC,Duskmourn: House of Horror Commander,231,normal,mythic,1,99387,e553935f-d8d8-4b98-ab4a-5a2eea3f3626,0.14,false,false,near_mint,en,CAD,2024-10-26T18:05:29.208Z
Jump Scare,deck,Worldspine Wurm,DSC,Duskmourn: House of Horror Commander,206,normal,mythic,1,99397,edb684f3-7787-4e54-96a2-61f95b6494a8,1.11,false,false,near_mint,en,CAD,2024-10-26T18:05:29.208Z
Jump Scare,deck,Dig Through Time,DSC,Duskmourn: House of Horror Commander,115,normal,rare,1,99162,572b3180-9822-4885-b81c-b1bf8aca5a5e,0.14,false,false,near_mint,en,CAD,2024-10-26T18:05:29.208Z
Jump Scare,deck,Hydra Omnivore,DSC,Duskmourn: House of Horror Commander,185,normal,mythic,1,99285,a6abde7a-da2a-4631-9db6-9d0ffe1e1105,0.33,false,false,near_mint,en,CAD,2024-10-26T18:05:29.208Z
Jump Scare,deck,Citanul Hierophants,DSC,Duskmourn: House of Horror Commander,81,normal,rare,1,98940,f378ee17-bf8b-4a83-b42e-86da10817dba,0.14,false,false,near_mint,en,CAD,2024-10-26T18:05:29.208Z
Jump Scare,deck,Overwhelming Stampede,DSC,Duskmourn: House of Horror Commander,192,normal,rare,1,99348,cbb081ca-75ab-40e4-b071-50ed387c90e4,1.37,false,false,near_mint,en,CAD,2024-10-26T18:05:29.208Z
Jump Scare,deck,Deathmist Raptor,DSC,Duskmourn: House of Horror Commander,176,normal,mythic,1,99396,ed6e6cf5-8fb7-4ba6-943a-e5aa14a3ee92,0.01,false,false,near_mint,en,CAD,2024-10-26T18:05:29.208Z
Jump Scare,deck,Biomass Mutation,DSC,Duskmourn: House of Horror Commander,214,normal,rare,1,99275,a16aa6bf-547f-4d95-82ca-79a4ee5b6212,0.01,false,false,near_mint,en,CAD,2024-10-26T18:05:29.208Z
Jump Scare,deck,Hinterland Harbor,DSC,Duskmourn: House of Horror Commander,284,normal,rare,1,99160,5675b928-33d5-4abf-a732-e36a5c7c4f86,0.53,false,false,near_mint,en,CAD,2024-10-26T18:05:29.208Z
Jump Scare,deck,Retreat to Coralhelm,DSC,Duskmourn: House of Horror Commander,126,normal,uncommon,1,99353,cf8246c1-1db2-409f-9440-222d6dc78297,0.01,false,false,near_mint,en,CAD,2024-10-26T18:05:29.208Z
Jump Scare,deck,Primordial Mist,DSC,Duskmourn: House of Horror Commander,123,normal,rare,1,99072,1f814aa9-f5e7-409c-82b5-45205d2b5f29,0.07,false,false,near_mint,en,CAD,2024-10-26T18:05:29.208Z
Jump Scare,deck,Arcane Signet,DSC,Duskmourn: House of Horror Commander,92,normal,common,1,98793,211a1d86-7257-4621-ae05-c2b235c063f0,0.35,false,false,near_mint,en,CAD,2024-10-26T18:05:29.208Z
Jump Scare,deck,Reality Shift,DSC,Duskmourn: House of Horror Commander,125,normal,uncommon,1,99189,67da79c0-a546-4af7-b823-9b86b3d1b9ff,0.28,false,false,near_mint,en,CAD,2024-10-26T18:05:29.208Z
Jump Scare,deck,Glitch Interpreter,DSC,Duskmourn: House of Horror Commander,13,normal,rare,1,98923,d68b8dff-32b0-4e96-82f0-4d4ceb92861d,0.11,false,false,near_mint,en,CAD,2024-10-26T18:05:29.208Z
Jump Scare,deck,Sandwurm Convergence,DSC,Duskmourn: House of Horror Commander,195,normal,rare,1,99108,3ad9cb61-4072-449b-9b32-83e2192cb292,0.14,false,false,near_mint,en,CAD,2024-10-26T18:05:29.208Z
Jump Scare,deck,Castle Vantress,DSC,Duskmourn: House of Horror Commander,267,normal,rare,1,99377,dead85f7-865c-4f7d-ad6c-014d4e90f8be,0.12,false,false,near_mint,en,CAD,2024-10-26T18:05:29.208Z
Jump Scare,deck,Overflowing Basin,DSC,Duskmourn: House of Horror Commander,293,normal,rare,1,99413,f561957b-b072-4788-91cb-6794e3e61651,0.14,false,false,near_mint,en,CAD,2024-10-26T18:05:29.208Z
Jump Scare,deck,Aether Gale,DSC,Duskmourn: House of Horror Commander,109,normal,rare,1,99422,f956bdf3-6b1d-4730-98f6-ba89d3a12b8b,0.07,false,false,near_mint,en,CAD,2024-10-26T18:05:29.208Z
Jump Scare,deck,Drownyard Temple,DSC,Duskmourn: House of Horror Commander,272,normal,rare,1,99295,ae9a7d45-fec6-404e-965e-68e463d65fbf,0.07,false,false,near_mint,en,CAD,2024-10-26T18:05:29.208Z
Jump Scare,deck,Scroll of Fate,DSC,Duskmourn: House of Horror Commander,251,normal,rare,1,99131,476d509f-efc0-4138-8dce-23fa6321279c,0.12,false,false,near_mint,en,CAD,2024-10-26T18:05:29.208Z
Jump Scare,deck,"Ashaya, Soul of the Wild",DSC,Duskmourn: House of Horror Commander,170,normal,mythic,1,99046,0a74b4e6-f6c9-4fef-a83c-a285a541e720,5.19,false,false,near_mint,en,CAD,2024-10-26T18:05:29.208Z
Jump Scare,deck,Thunderfoot Baloth,DSC,Duskmourn: House of Horror Commander,201,normal,rare,1,99232,80c1b1ea-2459-4986-8846-4db916d6b771,0.24,false,false,near_mint,en,CAD,2024-10-26T18:05:29.208Z
Jump Scare,deck,Rampant Growth,DSC,Duskmourn: House of Horror Commander,193,normal,common,1,99130,4614738e-64f8-4ce4-8fbe-add2119c2eef,0.33,false,false,near_mint,en,CAD,2024-10-26T18:05:29.208Z
Jump Scare,deck,Skaab Ruinator,DSC,Duskmourn: House of Horror Commander,128,normal,mythic,1,99186,668d4e90-61d3-4064-b867-6ac7a49a7d59,0.14,false,false,near_mint,en,CAD,2024-10-26T18:05:29.208Z
Jump Scare,deck,Growth Spiral,DSC,Duskmourn: House of Horror Commander,88,normal,common,1,98788,1e10e2b4-9639-41ae-8b8e-253224d3d513,0.14,false,false,near_mint,en,CAD,2024-10-26T18:05:29.208Z
Jump Scare,deck,Ash Barrens,DSC,Duskmourn: House of Horror Commander,260,normal,common,1,98891,a881be73-7b22-418f-bf20-a07400b3b836,0.01,false,false,near_mint,en,CAD,2024-10-26T18:05:29.208Z
Jump Scare,deck,Quandrix Campus,DSC,Duskmourn: House of Horror Commander,294,normal,common,1,99415,f5e038d0-788d-4ed1-b2b3-bc2748febf05,0.01,false,false,near_mint,en,CAD,2024-10-26T18:05:29.208Z
Jump Scare,deck,Forest,DSK,Duskmourn: House of Horror,285,normal,common,5,98935,e84c0880-728d-4ac2-b685-4f18f66c24db,0.01,false,false,near_mint,en,CAD,2024-10-26T18:05:29.208Z
Jump Scare,deck,Flooded Grove,DSC,Duskmourn: House of Horror Commander,276,normal,rare,1,99347,cb739834-810d-4803-845e-bb651f055078,0.35,false,false,near_mint,en,CAD,2024-10-26T18:05:29.208Z
Jump Scare,deck,Kheru Spellsnatcher,DSC,Duskmourn: House of Horror Commander,119,normal,rare,1,99179,610f4f2b-e5ed-463b-9d9b-0f7b3f3e99c8,0.08,false,false,near_mint,en,CAD,2024-10-26T18:05:29.208Z
Jump Scare,deck,"Yedora, Grave Gardener",DSC,Duskmourn: House of Horror Commander,209,normal,uncommon,1,99222,7b852b55-bee1-46fc-87e4-5c01b90bbd43,0.12,false,false,near_mint,en,CAD,2024-10-26T18:05:29.208Z
Jump Scare,deck,"Kianne, Corrupted Memory",DSC,Duskmourn: House of Horror Commander,2,foil,mythic,1,98927,d970c966-9a89-4c4c-ac73-8cf8fffe7721,0.14,false,false,near_mint,en,CAD,2024-10-26T18:05:29.208Z
Jump Scare,deck,Tangled Islet,DSC,Duskmourn: House of Horror Commander,306,normal,common,1,99224,7b994b5a-4b67-49b6-859d-ae706fc465ca,0.01,false,false,near_mint,en,CAD,2024-10-26T18:05:29.208Z
Jump Scare,deck,Counterspell,DSC,Duskmourn: House of Horror Commander,114,normal,uncommon,1,99147,4f616706-ec97-4923-bb1e-11a69fbaa1f8,1.8,false,false,near_mint,en,CAD,2024-10-26T18:05:29.208Z
Jump Scare,deck,"Shigeki, Jukai Visionary",DSC,Duskmourn: House of Horror Commander,198,normal,rare,1,99288,a87b3207-5d09-4821-ba26-f0b8a6aaff42,0.14,false,false,near_mint,en,CAD,2024-10-26T18:05:29.208Z
Jump Scare,deck,Explosive Vegetation,DSC,Duskmourn: House of Horror Commander,177,normal,uncommon,1,99248,8de3fdf8-d55e-4ffc-8f8b-6314d4d467ce,0.14,false,false,near_mint,en,CAD,2024-10-26T18:05:29.208Z
Jump Scare,deck,Augur of Autumn,DSC,Duskmourn: House of Horror Commander,171,normal,rare,1,99276,a1f8954f-e6c0-4448-8a33-337f02f6fdea,0.32,false,false,near_mint,en,CAD,2024-10-26T18:05:29.208Z
Jump Scare,deck,"Tatyova, Benthic Druid",DSC,Duskmourn: House of Horror Commander,235,normal,uncommon,1,99056,13a902f7-2711-4769-9866-762195c3d0fb,0.1,false,false,near_mint,en,CAD,2024-10-26T18:05:29.208Z
Jump Scare,deck,Sol Ring,DSC,Duskmourn: House of Horror Commander,94,normal,uncommon,1,98862,82f1a8a3-7fdb-49a3-9649-b5c0b4755cd5,1.54,false,false,near_mint,en,CAD,2024-10-26T18:05:29.208Z
Jump Scare,deck,Disorienting Choice,DSC,Duskmourn: House of Horror Commander,32,normal,rare,1,98889,a756a35d-a630-41a2-8b3d-6f1bafd7409a,0.29,false,false,near_mint,en,CAD,2024-10-26T18:05:29.208Z
Jump Scare,deck,Simic Signet,DSC,Duskmourn: House of Horror Commander,252,normal,uncommon,1,99328,bf222c78-f12e-4857-93da-fade99c740b8,0.14,false,false,near_mint,en,CAD,2024-10-26T18:05:29.208Z
Jump Scare,deck,Island,DSK,Duskmourn: House of Horror,280,normal,common,4,98930,e1d10d9c-8771-4870-aebf-e767d0fada32,0.01,false,false,near_mint,en,CAD,2024-10-26T18:05:29.208Z
Jump Scare,deck,Temur War Shaman,DSC,Duskmourn: House of Horror Commander,200,normal,rare,1,99082,24824ccd-d470-49eb-a07d-2fc0de817766,0.04,false,false,near_mint,en,CAD,2024-10-26T18:05:29.208Z
Jump Scare,deck,Beanstalk Giant // Fertile Footsteps,DSC,Duskmourn: House of Horror Commander,172,normal,uncommon,1,99204,71096773-69dd-4fb7-a088-e0fe096eaf6b,0.01,false,false,near_mint,en,CAD,2024-10-26T18:05:29.208Z
Jump Scare,deck,Body of Knowledge,DSC,Duskmourn: House of Horror Commander,112,normal,rare,1,99063,185b2e8f-ab37-42e4-b3a1-f38b19a2e05a,0.12,false,false,near_mint,en,CAD,2024-10-26T18:05:29.208Z
Jump Scare,deck,Trygon Predator,DSC,Duskmourn: House of Horror Commander,238,normal,uncommon,1,99140,4ac09170-4c03-4843-9b68-55939a5ecc75,0.1,false,false,near_mint,en,CAD,2024-10-26T18:05:29.208Z
Jump Scare,deck,Myriad Landscape,DSC,Duskmourn: House of Horror Commander,289,normal,uncommon,1,99266,9a8b2950-8c5d-45ad-b2ce-59d96eca1e71,0.14,false,false,near_mint,en,CAD,2024-10-26T18:05:29.208Z
Jump Scare,deck,Growing Dread,DSK,Duskmourn: House of Horror,216,normal,uncommon,1,98826,5479ac50-8335-4c6a-be99-750a44e24f25,0.01,false,false,near_mint,en,CAD,2024-10-26T18:05:29.208Z
Jump Scare,deck,Zimone's Hypothesis,DSC,Duskmourn: House of Horror Commander,15,normal,rare,1,98897,ada2b522-219a-44be-98c1-83a02efdd709,0.14,false,false,near_mint,en,CAD,2024-10-26T18:05:29.208Z
Jump Scare,deck,Island,DSK,Duskmourn: House of Horror,279,normal,common,5,98871,947702ca-d065-4368-9f26-f859d4642cb6,0.01,false,false,near_mint,en,CAD,2024-10-26T18:05:29.208Z
Jump Scare,deck,Giggling Skitterspike,DSC,Duskmourn: House of Horror Commander,39,normal,rare,1,98948,fba20e7e-9581-4a9b-bdda-5c85d3450d4c,6.63,false,false,near_mint,en,CAD,2024-10-26T18:05:29.208Z
Jump Scare,deck,Wilderness Reclamation,DSC,Duskmourn: House of Horror Commander,205,normal,uncommon,1,99173,5e6c0cb4-f17d-48ae-9bbf-9498505a23b0,0.48,false,false,near_mint,en,CAD,2024-10-26T18:05:29.208Z
Jump Scare,deck,"Zimone, Mystery Unraveler",DSC,Duskmourn: House of Horror Commander,8,foil,mythic,1,98617,30f23588-5064-48d9-a271-039df757f8d2,0.35,false,false,near_mint,en,CAD,2024-10-26T18:05:29.208Z
Jump Scare,deck,Cultivate,DSC,Duskmourn: House of Horror Commander,174,normal,common,1,99190,684063e2-c9a5-4e7c-b702-94e3e114d063,0.62,false,false,near_mint,en,CAD,2024-10-26T18:05:29.208Z
Jump Scare,deck,Eureka Moment,DSC,Duskmourn: House of Horror Commander,216,normal,common,1,99251,904b7c23-4077-4529-acc1-3882f475c547,0.01,false,false,near_mint,en,CAD,2024-10-26T18:05:29.208Z
Jump Scare,deck,Kefnet the Mindful,DSC,Duskmourn: House of Horror Commander,118,normal,mythic,1,99344,ca06ae1a-4080-450a-8ff0-ad6aafd8f04c,0.07,false,false,near_mint,en,CAD,2024-10-26T18:05:29.208Z
Jump Scare,deck,Yavimaya Elder,DSC,Duskmourn: House of Horror Commander,208,normal,common,1,99087,27dacbde-a646-418c-b569-4a4f11c9faae,0.01,false,false,near_mint,en,CAD,2024-10-26T18:05:29.208Z
Jump Scare,deck,Greater Tanuki,DSC,Duskmourn: House of Horror Commander,181,normal,common,1,99184,65a193bb-22f3-4732-93cd-877cd8c8417c,0.01,false,false,near_mint,en,CAD,2024-10-26T18:05:29.208Z
Jump Scare,deck,Terramorphic Expanse,DSK,Duskmourn: House of Horror,269,normal,common,1,98901,b379c8f1-817c-4f18-8f58-45c40504433e,0.01,false,false,near_mint,en,CAD,2024-10-26T18:05:29.208Z
Jump Scare,deck,"Aesi, Tyrant of Gyre Strait",DSC,Duskmourn: House of Horror Commander,210,normal,mythic,1,99188,673c21f8-02b6-4ac4-b2fc-df065b4ac662,8.3,false,false,near_mint,en,CAD,2024-10-26T18:05:29.208Z
Jump Scare,deck,Ezuri's Predation,DSC,Duskmourn: House of Horror Commander,178,normal,rare,1,99265,9a6cd6f6-ae6e-4a77-95ca-64c6882357d5,0.35,false,false,near_mint,en,CAD,2024-10-26T18:05:29.208Z
Jump Scare,deck,"Multani, Yavimaya's Avatar",DSC,Duskmourn: House of Horror Commander,190,normal,mythic,1,99180,61337cf3-709d-4886-9c9b-0c346677f026,0.26,false,false,near_mint,en,CAD,2024-10-26T18:05:29.208Z
Jump Scare,deck,Cackling Counterpart,DSC,Duskmourn: House of Horror Commander,72,normal,rare,1,98936,eb26e2dd-a81b-46a5-9208-c6b3d2548fbb,0.08,false,false,near_mint,en,CAD,2024-10-26T18:05:29.208Z
Jump Scare,deck,Overgrown Zealot,DSK,Duskmourn: House of Horror,193,normal,uncommon,1,98874,96d68d29-499a-4864-be18-bd98fda0d173,0.01,false,false,near_mint,en,CAD,2024-10-26T18:05:29.208Z
Jump Scare,deck,Beast Within,DSC,Duskmourn: House of Horror Commander,80,normal,uncommon,1,98783,15d24a9b-05a0-4759-80eb-22743ed5c228,1.16,false,false,near_mint,en,CAD,2024-10-26T18:05:29.208Z
Jump Scare,deck,Temple of the False God,DSC,Duskmourn: House of Horror Commander,313,normal,uncommon,1,99079,23d62c88-3a7a-4eef-8ec4-ff1243e6ce93,0.07,false,false,near_mint,en,CAD,2024-10-26T18:05:29.208Z
Jump Scare,deck,Evolving Wilds,DSC,Duskmourn: House of Horror Commander,274,normal,common,1,99386,e524216c-ed35-49a3-868f-7ad0a0027a80,0.06,false,false,near_mint,en,CAD,2024-10-26T18:05:29.208Z
Wishlist,list,Grinding Station,5DN,Fifth Dawn,127,normal,uncommon,1,29368,df1df511-b52c-45cd-9503-ffce4271a802,8.79,false,false,near_mint,en,CAD,2024-10-23T21:16:37.052Z
Morgan’s LOTR Red/Black Starter Deck,deck,Foray of Orcs,LTR,The Lord of the Rings: Tales of Middle-earth,128,normal,uncommon,2,83116,5fea0c66-c776-4dc7-a235-f3822521cacd,0.04,false,false,near_mint,en,CAD,2024-02-03T03:08:55.003Z
Morgan’s LOTR Red/Black Starter Deck,deck,Oliphaunt,LTR,The Lord of the Rings: Tales of Middle-earth,139,normal,common,1,83161,6989018c-37b1-4282-a4af-9cc97f160b4d,0.16,false,false,near_mint,en,CAD,2024-02-03T03:08:55.003Z
Morgan’s LOTR Red/Black Starter Deck,deck,Goblin Assailant,LTR,The Lord of the Rings: Tales of Middle-earth,295,normal,common,3,83414,b4bda198-7ab4-4c6b-9fb1-93ac54c06a85,0.22,false,false,near_mint,en,CAD,2024-02-03T03:08:55.003Z
Morgan’s LOTR Red/Black Starter Deck,deck,Mountain,LTR,The Lord of the Rings: Tales of Middle-earth,268,normal,common,6,83589,e3731001-4e6a-4a91-9e7d-fc2ea039a60b,0.08,false,false,near_mint,en,CAD,2024-02-03T03:08:55.003Z
Morgan’s LOTR Red/Black Starter Deck,deck,Mordor Trebuchet,LTR,The Lord of the Rings: Tales of Middle-earth,97,normal,common,2,83140,648bc8ae-1798-4c2f-a372-0487a90ba4d3,0.04,false,false,near_mint,en,CAD,2024-02-03T03:08:55.003Z
Morgan’s LOTR Red/Black Starter Deck,deck,Mountain,LTR,The Lord of the Rings: Tales of Middle-earth,269,normal,common,5,83390,adf13285-d127-4534-9f49-aa86914da175,0.05,false,false,near_mint,en,CAD,2024-02-03T03:08:55.003Z
Morgan’s LOTR Red/Black Starter Deck,deck,Snarling Warg,LTR,The Lord of the Rings: Tales of Middle-earth,109,normal,common,1,83351,a1ad561c-ccb4-480a-88a4-0555d0ef245e,0.03,false,false,near_mint,en,CAD,2024-02-03T03:08:55.003Z
Morgan’s LOTR Red/Black Starter Deck,deck,Swamp,LTR,The Lord of the Rings: Tales of Middle-earth,266,normal,common,6,82951,2a0fba6e-54d2-498c-83bc-41024307e608,0.05,false,false,near_mint,en,CAD,2024-02-03T03:08:55.003Z
Morgan’s LOTR Red/Black Starter Deck,deck,Voracious Fell Beast,LTR,The Lord of the Rings: Tales of Middle-earth,113,normal,uncommon,1,83554,d9b7d7f8-503d-4660-9a18-6a8e2fcaa25f,0.01,false,false,near_mint,en,CAD,2024-02-03T03:08:55.003Z
Morgan’s LOTR Red/Black Starter Deck,deck,"Sauron, the Lidless Eye",LTR,The Lord of the Rings: Tales of Middle-earth,288,foil,mythic,1,83547,d82a4c78-d2fc-425a-8d0e-2e64509a08f1,5.15,false,false,near_mint,en,CAD,2024-02-03T03:08:55.003Z
Morgan’s LOTR Red/Black Starter Deck,deck,Fires of Mount Doom,LTR,The Lord of the Rings: Tales of Middle-earth,294,normal,rare,1,83439,b9db8702-fc72-453b-afc8-62266f7cd1c2,0.63,false,false,near_mint,en,CAD,2024-02-03T03:08:55.003Z
Morgan’s LOTR Red/Black Starter Deck,deck,"Grishnákh, Brash Instigator",LTR,The Lord of the Rings: Tales of Middle-earth,134,normal,uncommon,1,83136,6385e769-f805-499d-9f47-494533362152,0.01,false,false,near_mint,en,CAD,2024-02-03T03:08:55.003Z
Morgan’s LOTR Red/Black Starter Deck,deck,Goblin Fireleaper,LTR,The Lord of the Rings: Tales of Middle-earth,133,normal,uncommon,1,83620,ec120dae-8c40-4053-9341-1f7774464634,0.05,false,false,near_mint,en,CAD,2024-02-03T03:08:55.003Z
Morgan’s LOTR Red/Black Starter Deck,deck,Olog-hai Crusher,LTR,The Lord of the Rings: Tales of Middle-earth,140,normal,common,2,83476,c33bf593-62e0-491a-a31a-328bce6d8735,0.03,false,false,near_mint,en,CAD,2024-02-03T03:08:55.003Z
Morgan’s LOTR Red/Black Starter Deck,deck,Cast into the Fire,LTR,The Lord of the Rings: Tales of Middle-earth,118,normal,common,1,82962,2ef878cb-27b6-47d8-ad11-bd20529b0e7e,0.63,false,false,near_mint,en,CAD,2024-02-03T03:08:55.003Z
Morgan’s LOTR Red/Black Starter Deck,deck,Feed the Swarm,LTC,Tales of Middle-earth Commander,200,normal,common,2,82823,029e2a27-46f2-44fa-ac7c-462c69feab95,0.3,false,false,near_mint,en,CAD,2024-02-03T03:08:55.003Z
Morgan’s LOTR Red/Black Starter Deck,deck,Nasty End,LTR,The Lord of the Rings: Tales of Middle-earth,99,normal,common,1,83477,c34f88d7-15a1-434f-88d7-3d4fcf406d54,0.06,false,false,near_mint,en,CAD,2024-02-03T03:08:55.003Z
Morgan’s LOTR Red/Black Starter Deck,deck,Dunland Crebain,LTR,The Lord of the Rings: Tales of Middle-earth,82,normal,common,2,83160,695c05ab-e46e-46c7-bd2e-ef0b2307e449,0.02,false,false,near_mint,en,CAD,2024-02-03T03:08:55.003Z
Morgan’s LOTR Red/Black Starter Deck,deck,Easterling Vanguard,LTR,The Lord of the Rings: Tales of Middle-earth,83,normal,common,2,83607,e860dd40-07c5-47c3-92a8-1ee95a953c2f,0.01,false,false,near_mint,en,CAD,2024-02-03T03:08:55.003Z
Morgan’s LOTR Red/Black Starter Deck,deck,Uglúk of the White Hand,LTR,The Lord of the Rings: Tales of Middle-earth,235,normal,uncommon,1,83610,e914c7fc-be3c-4346-bf37-6e10f4998204,0.04,false,false,near_mint,en,CAD,2024-02-03T03:08:55.003Z
Morgan’s LOTR Red/Black Starter Deck,deck,Mind Stone,LTC,Tales of Middle-earth Commander,282,normal,uncommon,1,82929,23dd6cb6-31ee-467e-9f67-39046197bcb6,0.26,false,false,near_mint,en,CAD,2024-02-03T03:08:55.003Z
Morgan’s LOTR Red/Black Starter Deck,deck,Fire of Orthanc,LTR,The Lord of the Rings: Tales of Middle-earth,127,normal,common,1,83332,9b5871c5-bb94-4803-93ba-cd1a630b00d6,0.05,false,false,near_mint,en,CAD,2024-02-03T03:08:55.003Z
Morgan’s LOTR Red/Black Starter Deck,deck,Evolving Wilds,LTC,Tales of Middle-earth Commander,306,normal,common,4,83586,e24ec4c1-5a28-450d-8e37-62a154749ee6,0.08,false,false,near_mint,en,CAD,2024-02-03T03:08:55.003Z
Morgan’s LOTR Red/Black Starter Deck,deck,"Witch-king, Bringer of Ruin",LTR,The Lord of the Rings: Tales of Middle-earth,293,normal,rare,1,83295,90da1d3e-dbcb-4b1e-a606-d4fc1a60a8fe,12.85,false,false,near_mint,en,CAD,2024-02-03T03:08:55.003Z
Morgan’s LOTR Red/Black Starter Deck,deck,"Gothmog, Morgul Lieutenant",LTR,The Lord of the Rings: Tales of Middle-earth,87,normal,uncommon,1,83353,a1c10e93-88eb-46b9-8adc-583661807990,0.03,false,false,near_mint,en,CAD,2024-02-03T03:08:55.003Z
Morgan’s LOTR Red/Black Starter Deck,deck,Swamp,LTR,The Lord of the Rings: Tales of Middle-earth,267,normal,common,5,83548,d86cd8fb-4ba7-4311-b0f3-b06fa112eda5,0.06,false,false,near_mint,en,CAD,2024-02-03T03:08:55.003Z
Morgan’s LOTR Red/Black Starter Deck,deck,Shelob's Ambush,LTR,The Lord of the Rings: Tales of Middle-earth,108,normal,common,1,82941,25e69fa8-7339-4bfa-8e35-9cbfe0001d8b,0.03,false,false,near_mint,en,CAD,2024-02-03T03:08:55.003Z
Morgan’s LOTR Red/Black Starter Deck,deck,Swarming of Moria,LTR,The Lord of the Rings: Tales of Middle-earth,150,normal,common,1,82842,0a1bd073-4351-4c56-9b07-4430d0d83084,0.03,false,false,near_mint,en,CAD,2024-02-03T03:08:55.003Z
Morgan’s LOTR Red/Black Starter Deck,deck,"Mauhúr, Uruk-hai Captain",LTR,The Lord of the Rings: Tales of Middle-earth,214,normal,uncommon,1,83145,65e9a757-7ed4-4cc0-bb6f-a59fa69b32a5,0.08,false,false,near_mint,en,CAD,2024-02-03T03:08:55.003Z
Morgan’s LOTR Red/Black Starter Deck,deck,"The Balrog, Flame of Udûn",LTR,The Lord of the Rings: Tales of Middle-earth,297,normal,rare,1,83292,905e7424-2d0b-4877-a7dc-272ea9392ff0,0.34,false,false,near_mint,en,CAD,2024-02-03T03:08:55.003Z
Morgan’s LOTR Red/Black Starter Deck,deck,"Gollum, Scheming Guide",LTR,The Lord of the Rings: Tales of Middle-earth,292,normal,rare,1,83231,7f93ad17-b655-4a10-990e-b26ead90d221,1.5,false,false,near_mint,en,CAD,2024-02-03T03:08:55.003Z
Morgan’s OTJ Draft Deck 07SEP2024,deck,Longhorn Sharpshooter,OTJ,Outlaws of Thunder Junction,132,normal,uncommon,1,93123,398d9a16-d72c-42e2-a0ea-d9da642ee046,0.01,false,false,near_mint,en,CAD,2024-09-15T20:42:15.988Z
Morgan’s OTJ Draft Deck 07SEP2024,deck,Magebane Lizard,OTJ,Outlaws of Thunder Junction,134,normal,uncommon,1,93189,62e12566-375f-4f31-aa91-1b13a96d9ece,1.2,false,false,near_mint,en,CAD,2024-09-15T20:42:15.988Z
Morgan’s OTJ Draft Deck 07SEP2024,deck,Aven Interrupter,OTJ,Outlaws of Thunder Junction,4,normal,rare,1,93360,d3ca43a4-d194-440f-8099-f1fa103a108d,1.55,false,false,near_mint,en,CAD,2024-09-15T20:42:15.988Z
Morgan’s OTJ Draft Deck 07SEP2024,deck,Outlaw Medic,OTJ,Outlaws of Thunder Junction,23,normal,common,1,93107,2feaa51e-47fb-4849-b420-ee7278f3489a,0.01,false,false,near_mint,en,CAD,2024-09-15T20:42:15.988Z
Morgan’s OTJ Draft Deck 07SEP2024,deck,Slickshot Show-Off,OTJ,Outlaws of Thunder Junction,146,normal,rare,1,93210,7054012b-4f9d-44a0-aaf9-7fd3bddc7b2d,12.24,false,false,near_mint,en,CAD,2024-09-15T20:42:15.988Z
Morgan’s OTJ Draft Deck 07SEP2024,deck,Holy Cow,OTJ,Outlaws of Thunder Junction,16,normal,common,1,93261,90de84c9-941b-4056-8501-ce8a948b9643,0.01,false,false,near_mint,en,CAD,2024-09-15T20:42:15.988Z
Morgan’s OTJ Draft Deck 07SEP2024,deck,Take Up the Shield,OTJ,Outlaws of Thunder Junction,34,normal,common,1,93224,76a31968-ba6d-4c01-838f-4cb8c64e73fb,0.01,false,false,near_mint,en,CAD,2024-09-15T20:42:15.988Z
Morgan’s OTJ Draft Deck 07SEP2024,deck,Trained Arynx,OTJ,Outlaws of Thunder Junction,36,normal,common,1,93415,ef32a5f8-f69d-47dc-a800-4f0ddf4eada5,0.01,false,false,near_mint,en,CAD,2024-09-15T20:42:15.988Z
Morgan’s OTJ Draft Deck 07SEP2024,deck,Dust Animus,OTJ,Outlaws of Thunder Junction,9,normal,rare,1,93211,70719e7b-6f02-4c1a-9f11-79b2b0d9846a,0.04,false,false,near_mint,en,CAD,2024-09-15T20:42:15.988Z
Morgan’s OTJ Draft Deck 07SEP2024,deck,"Ertha Jo, Frontier Mentor",OTJ,Outlaws of Thunder Junction,203,normal,uncommon,1,93294,a4e81be6-6447-4f1e-be00-6fcdb2ab35af,0.01,false,false,near_mint,en,CAD,2024-09-15T20:42:15.988Z
Morgan’s OTJ Draft Deck 07SEP2024,deck,Outlaws' Fury,OTJ,Outlaws of Thunder Junction,136,normal,common,1,93428,f7502b9c-b759-499a-8e94-22f87f5eb142,0.01,false,false,near_mint,en,CAD,2024-09-15T20:42:15.988Z
Morgan’s OTJ Draft Deck 07SEP2024,deck,Sheriff of Safe Passage,OTJ,Outlaws of Thunder Junction,29,normal,uncommon,1,93336,c38a845d-f25d-45ab-9154-3fa5291b0ba0,0.01,false,false,near_mint,en,CAD,2024-09-15T20:42:15.988Z
Morgan’s OTJ Draft Deck 07SEP2024,deck,Nurturing Pixie,OTJ,Outlaws of Thunder Junction,20,normal,uncommon,1,93046,0fe155f6-888b-41a0-a9a0-be7bea998718,0.04,false,false,near_mint,en,CAD,2024-09-15T20:42:15.988Z
Morgan’s OTJ Draft Deck 07SEP2024,deck,Steer Clear,OTJ,Outlaws of Thunder Junction,31,foil,common,1,93160,523a4d6e-122b-49b4-bf3d-17d29c0007fb,0.01,false,false,near_mint,en,CAD,2024-09-15T20:42:15.988Z
Morgan’s OTJ Draft Deck 07SEP2024,deck,Wanted Griffin,OTJ,Outlaws of Thunder Junction,38,normal,common,1,93187,624a176b-fe24-4441-8877-464cf172ccff,0.01,false,false,near_mint,en,CAD,2024-09-15T20:42:15.988Z
Morgan’s OTJ Draft Deck 07SEP2024,deck,Quilled Charger,OTJ,Outlaws of Thunder Junction,139,normal,common,1,93169,56e326c4-39f1-41ee-9e47-ebe468c51718,0.01,false,false,near_mint,en,CAD,2024-09-15T20:42:15.988Z
Morgan’s OTJ Draft Deck 07SEP2024,deck,Ride Down,OTP,Breaking News,52,normal,uncommon,1,93419,f1ec2b59-fbc5-464c-916c-b1accf29867d,0.01,false,false,near_mint,en,CAD,2024-09-15T20:42:15.988Z
Morgan’s OTJ Draft Deck 07SEP2024,deck,"Fortune, Loyal Steed",OTJ,Outlaws of Thunder Junction,12,normal,rare,1,93033,069294a8-e65a-47af-942f-7e99d18658f2,0.12,false,false,near_mint,en,CAD,2024-09-15T20:42:15.988Z
Morgan’s OTJ Draft Deck 07SEP2024,deck,Take for a Ride,OTJ,Outlaws of Thunder Junction,148,normal,uncommon,1,93343,c8e2ff9c-0e98-46f9-a33c-739388c5f3d0,0.01,false,false,near_mint,en,CAD,2024-09-15T20:42:15.988Z
Morgan’s OTJ Draft Deck 07SEP2024,deck,Iron-Fist Pulverizer,OTJ,Outlaws of Thunder Junction,131,normal,common,1,93352,cd7f984a-0b56-45df-958d-6178e4da61ed,0.01,false,false,near_mint,en,CAD,2024-09-15T20:42:15.988Z
Morgan’s OTJ Draft Deck 07SEP2024,deck,Shepherd of the Clouds,OTJ,Outlaws of Thunder Junction,28,normal,uncommon,1,93334,c2245f36-2138-4f01-9b70-151137a5ac59,0.01,false,false,near_mint,en,CAD,2024-09-15T20:42:15.988Z
Morgan’s OTJ Draft Deck 07SEP2024,deck,Claim Jumper,OTJ,Outlaws of Thunder Junction,8,normal,rare,1,93191,654ade6b-0369-4b90-a744-2f57a45b04f4,0.87,false,false,near_mint,en,CAD,2024-09-15T20:42:15.988Z
Morgan’s OTJ Draft Deck 07SEP2024,deck,Crackle with Power,OTP,Breaking News,22,normal,mythic,1,93369,d7cdccd8-13c0-49ab-9fc9-554e7897e782,1.22,false,false,near_mint,en,CAD,2024-09-15T20:42:15.988Z
Morgan’s LOTR Green/White Starter Deck,deck,Banishing Light,LTC,Tales of Middle-earth Commander,161,normal,uncommon,2,83315,961b1464-928e-41b9-bc73-c47df94e0e8e,0.09,false,false,near_mint,en,CAD,2024-02-03T03:35:29.359Z
Morgan’s LOTR Green/White Starter Deck,deck,Second Breakfast,LTR,The Lord of the Rings: Tales of Middle-earth,29,normal,common,1,82814,002f647a-25f8-461b-8617-52674f5d577c,0.07,false,false,near_mint,en,CAD,2024-02-03T03:35:29.359Z
Morgan’s LOTR Green/White Starter Deck,deck,Mushroom Watchdogs,LTR,The Lord of the Rings: Tales of Middle-earth,180,normal,common,2,83526,d15fd66d-fa7e-411d-9014-a56caa879d93,0.01,false,false,near_mint,en,CAD,2024-02-03T03:35:29.359Z
Morgan’s LOTR Green/White Starter Deck,deck,Protector of Gondor,LTR,The Lord of the Rings: Tales of Middle-earth,25,normal,common,2,83256,85708748-40ca-4066-a287-7a6a189ff3df,0.01,false,false,near_mint,en,CAD,2024-02-03T03:35:29.359Z
Morgan’s LOTR Green/White Starter Deck,deck,Plains,LTR,The Lord of the Rings: Tales of Middle-earth,263,normal,common,5,83106,5bb495cc-9908-455e-bec9-3993d595f4f9,0.07,false,false,near_mint,en,CAD,2024-02-03T03:35:29.359Z
Morgan’s LOTR Green/White Starter Deck,deck,You Cannot Pass!,LTR,The Lord of the Rings: Tales of Middle-earth,38,normal,uncommon,1,82859,116d4030-acd2-4aa2-8254-aaaff1264459,0.03,false,false,near_mint,en,CAD,2024-02-03T03:35:29.359Z
Morgan’s LOTR Green/White Starter Deck,deck,"Butterbur, Bree Innkeeper",LTR,The Lord of the Rings: Tales of Middle-earth,197,normal,uncommon,1,83640,f3fd9ff1-278b-4e6a-b30b-90250d8b5762,0.01,false,false,near_mint,en,CAD,2024-02-03T03:35:29.359Z
Morgan’s LOTR Green/White Starter Deck,deck,"Frodo, Determined Hero",LTR,The Lord of the Rings: Tales of Middle-earth,289,normal,rare,1,83248,83d1b37c-a8c6-4690-8701-3395397711e7,1.17,false,false,near_mint,en,CAD,2024-02-03T03:35:29.359Z
Morgan’s LOTR Green/White Starter Deck,deck,Bilbo's Ring,LTR,The Lord of the Rings: Tales of Middle-earth,298,normal,rare,1,83297,91dbeac4-1c39-4a4f-84e7-1b71f7468c8f,10.71,false,false,near_mint,en,CAD,2024-02-03T03:35:29.359Z
Morgan’s LOTR Green/White Starter Deck,deck,Bag End Porter,LTR,The Lord of the Rings: Tales of Middle-earth,153,normal,common,2,83427,b7557170-39a2-49df-823e-958c3eb34801,0.01,false,false,near_mint,en,CAD,2024-02-03T03:35:29.359Z
Morgan’s LOTR Green/White Starter Deck,deck,"Aragorn and Arwen, Wed",LTR,The Lord of the Rings: Tales of Middle-earth,287,foil,mythic,1,83546,d7d4c97a-9319-4534-9a49-da000f41a02d,10.29,false,false,near_mint,en,CAD,2024-02-03T03:35:29.359Z
Morgan’s LOTR Green/White Starter Deck,deck,Wose Pathfinder,LTR,The Lord of the Rings: Tales of Middle-earth,190,normal,common,2,83144,6589b339-9067-4e9b-bfdb-c49f8b3ef2d4,0.02,false,false,near_mint,en,CAD,2024-02-03T03:35:29.359Z
Morgan’s LOTR Green/White Starter Deck,deck,Forest,LTR,The Lord of the Rings: Tales of Middle-earth,271,normal,common,5,82833,07264de1-4322-4adb-8f08-c0aa236747c7,0.04,false,false,near_mint,en,CAD,2024-02-03T03:35:29.359Z
Morgan’s LOTR Green/White Starter Deck,deck,Westfold Rider,LTR,The Lord of the Rings: Tales of Middle-earth,37,normal,common,1,83187,71ed2e4b-c732-472a-a589-f1f53086d9ee,0.04,false,false,near_mint,en,CAD,2024-02-03T03:35:29.359Z
Morgan’s LOTR Green/White Starter Deck,deck,Peregrin Took,LTR,The Lord of the Rings: Tales of Middle-earth,181,normal,uncommon,1,83648,f5baee8d-88e7-4468-94a9-66ca8e2caf15,0.19,false,false,near_mint,en,CAD,2024-02-03T03:35:29.359Z
Morgan’s LOTR Green/White Starter Deck,deck,Generous Ent,LTR,The Lord of the Rings: Tales of Middle-earth,169,normal,common,1,83258,85d22d5d-3875-42ff-b51e-c6e21db201f5,0.35,false,false,near_mint,en,CAD,2024-02-03T03:35:29.359Z
Morgan’s LOTR Green/White Starter Deck,deck,East-Mark Cavalier,LTR,The Lord of the Rings: Tales of Middle-earth,9,normal,common,1,83337,9be412c0-45d4-4856-a8cf-63a5a822dc5c,0.01,false,false,near_mint,en,CAD,2024-02-03T03:35:29.359Z
Morgan’s LOTR Green/White Starter Deck,deck,Dúnedain Blade,LTR,The Lord of the Rings: Tales of Middle-earth,6,normal,common,1,83014,3d5f92bf-e4e7-487a-834c-964fdd6ad674,0.03,false,false,near_mint,en,CAD,2024-02-03T03:35:29.359Z
Morgan’s LOTR Green/White Starter Deck,deck,Stew the Coneys,LTR,The Lord of the Rings: Tales of Middle-earth,189,normal,uncommon,1,83455,bcc7c41c-f416-457e-91ba-1f338f45eeac,0.04,false,false,near_mint,en,CAD,2024-02-03T03:35:29.359Z
Morgan’s LOTR Green/White Starter Deck,deck,"Galadriel, Gift-Giver",LTR,The Lord of the Rings: Tales of Middle-earth,296,normal,rare,1,83239,8229264e-af6c-4f1f-b86a-257889ace9ce,5.61,false,false,near_mint,en,CAD,2024-02-03T03:35:29.359Z
Morgan’s LOTR Green/White Starter Deck,deck,"Gandalf, White Rider",LTR,The Lord of the Rings: Tales of Middle-earth,290,normal,rare,1,83412,b422ce26-06fb-4748-9c01-32c4be914a77,2.59,false,false,near_mint,en,CAD,2024-02-03T03:35:29.359Z
Morgan’s LOTR Green/White Starter Deck,deck,Galadhrim Bow,LTR,The Lord of the Rings: Tales of Middle-earth,167,normal,common,1,83340,9df34f21-798f-440d-8b09-ec5b5c0b8c12,0.03,false,false,near_mint,en,CAD,2024-02-03T03:35:29.359Z
Morgan’s LOTR Green/White Starter Deck,deck,Plains,LTR,The Lord of the Rings: Tales of Middle-earth,262,normal,common,6,83656,f724ae86-b968-4f49-8267-c2c34c22f1b6,0.04,false,false,near_mint,en,CAD,2024-02-03T03:35:29.359Z
Morgan’s LOTR Green/White Starter Deck,deck,Knight of the Keep,LTR,The Lord of the Rings: Tales of Middle-earth,291,normal,common,3,83003,3af21576-3793-4796-ab60-112fbbb5fc0d,0.13,false,false,near_mint,en,CAD,2024-02-03T03:35:29.359Z
Morgan’s LOTR Green/White Starter Deck,deck,Eastfarthing Farmer,LTR,The Lord of the Rings: Tales of Middle-earth,8,normal,common,1,82944,26bb65ba-d605-4b79-a700-4a08ec5a90b4,0.04,false,false,near_mint,en,CAD,2024-02-03T03:35:29.359Z
Morgan’s LOTR Green/White Starter Deck,deck,Shire Terrace,LTR,The Lord of the Rings: Tales of Middle-earth,261,normal,common,2,82936,25932483-58cd-4ae5-82bf-ab455177d117,0.18,false,false,near_mint,en,CAD,2024-02-03T03:35:29.359Z
Morgan’s LOTR Green/White Starter Deck,deck,Rosie Cotton of South Lane,LTR,The Lord of the Rings: Tales of Middle-earth,27,normal,uncommon,1,83198,75338f49-1f02-4333-87e4-5779ef14e688,0.12,false,false,near_mint,en,CAD,2024-02-03T03:35:29.359Z
Morgan’s LOTR Green/White Starter Deck,deck,Many Partings,LTR,The Lord of the Rings: Tales of Middle-earth,176,normal,common,2,83528,d179dbbe-9c79-4dbc-955a-5209a3e2745a,0.07,false,false,near_mint,en,CAD,2024-02-03T03:35:29.359Z
Morgan’s LOTR Green/White Starter Deck,deck,Graypelt Refuge,LTC,Tales of Middle-earth Commander,316,normal,uncommon,2,82835,07e81ace-4d75-4d79-ab99-c42288580def,0.09,false,false,near_mint,en,CAD,2024-02-03T03:35:29.359Z
Morgan’s LOTR Green/White Starter Deck,deck,Meriadoc Brandybuck,LTR,The Lord of the Rings: Tales of Middle-earth,177,normal,uncommon,1,83266,885a3277-ef10-4dcf-ac63-eb8971cd627c,0.05,false,false,near_mint,en,CAD,2024-02-03T03:35:29.359Z
Morgan’s LOTR Green/White Starter Deck,deck,Forest,LTR,The Lord of the Rings: Tales of Middle-earth,270,normal,common,6,83507,cbe793e4-c034-4a22-929d-d743c0255bf1,0.05,false,false,near_mint,en,CAD,2024-02-03T03:35:29.359Z
Morgan’s LOTR Green/White Starter Deck,deck,"Landroval, Horizon Witness",LTR,The Lord of the Rings: Tales of Middle-earth,21,normal,uncommon,1,83089,5684483b-9a6a-499b-a5e1-e2815ee03cdb,0.01,false,false,near_mint,en,CAD,2024-02-03T03:35:29.359Z
OTJ Draft 2,deck,Prickly Pair,OTJ,Outlaws of Thunder Junction,137,normal,common,1,93398,e70f2278-8857-46e4-aa2b-fff5589b750f,0.01,false,false,near_mint,en,CAD,2024-08-05T21:19:44.991Z
OTJ Draft 2,deck,Nimble Brigand,OTJ,Outlaws of Thunder Junction,58,normal,uncommon,1,93220,73c74d48-362d-4c3b-9ff7-39bdd19657a6,0.01,false,false,near_mint,en,CAD,2024-08-05T21:19:44.991Z
OTJ Draft 2,deck,This Town Ain't Big Enough,OTJ,Outlaws of Thunder Junction,74,normal,uncommon,1,93322,bb206e27-da4d-4abe-9d8c-6d18c5f2f52a,0.01,false,false,near_mint,en,CAD,2024-08-05T21:19:44.991Z
OTJ Draft 2,deck,Thunder Salvo,OTJ,Outlaws of Thunder Junction,150,normal,common,2,93289,a0bf0ea9-0929-4d33-815a-6df29c399e7e,0.01,false,false,near_mint,en,CAD,2024-08-05T21:19:44.991Z
OTJ Draft 2,deck,"Magda, the Hoardmaster",OTJ,Outlaws of Thunder Junction,133,normal,rare,1,93141,4443d112-209b-49ec-bc40-3a11dcdb092e,0.4,false,false,near_mint,en,CAD,2024-08-05T21:19:44.991Z
OTJ Draft 2,deck,Iron-Fist Pulverizer,OTJ,Outlaws of Thunder Junction,131,normal,common,1,93352,cd7f984a-0b56-45df-958d-6178e4da61ed,0.01,false,false,near_mint,en,CAD,2024-08-05T21:19:44.991Z
OTJ Draft 2,deck,Harrier Strix,OTJ,Outlaws of Thunder Junction,52,normal,common,2,93213,70ca61a9-8938-41bf-bd14-5759f4de6521,0.01,false,false,near_mint,en,CAD,2024-08-05T21:19:44.991Z
OTJ Draft 2,deck,Visage Bandit,OTJ,Outlaws of Thunder Junction,76,normal,uncommon,1,93196,685ec4c6-3332-498f-8b56-d7ad8fc5230c,0.01,false,false,near_mint,en,CAD,2024-08-05T21:19:44.991Z
OTJ Draft 2,deck,Deepmuck Desperado,OTJ,Outlaws of Thunder Junction,42,normal,uncommon,1,93435,f95ee726-7465-40f8-a954-19b19e636c12,0.01,false,false,near_mint,en,CAD,2024-08-05T21:19:44.991Z
OTJ Draft 2,deck,Spring Splasher,OTJ,Outlaws of Thunder Junction,69,normal,common,1,93315,b6822d12-1a25-42e7-94cc-71bd29daed93,0.01,false,false,near_mint,en,CAD,2024-08-05T21:19:44.991Z
OTJ Draft 2,deck,Island,M20,Core Set 2020,265,normal,common,7,45195,fe7f4393-38f9-43b5-873b-58246183b874,0.42,false,false,near_mint,en,CAD,2024-08-05T21:19:44.991Z
OTJ Draft 2,deck,Seize the Secrets,OTJ,Outlaws of Thunder Junction,64,normal,common,1,93076,1bdbdfa8-aa28-4b3d-95e7-3d0e7e37f982,0.01,false,false,near_mint,en,CAD,2024-08-05T21:19:44.991Z
OTJ Draft 2,deck,Stingerback Terror,OTJ,Outlaws of Thunder Junction,147,normal,rare,1,93371,d84d6e52-5c35-47bc-b160-876a3b0fcbe1,0.01,false,false,near_mint,en,CAD,2024-08-05T21:19:44.991Z
OTJ Draft 2,deck,Island,OTJ,Outlaws of Thunder Junction,279,normal,common,1,93801,acd6be3f-745c-41ad-95c9-1db66ba56be2,0.01,false,false,near_mint,en,CAD,2024-08-05T21:19:44.991Z
OTJ Draft 2,deck,Memory Vessel,BIG,The Big Score,13,normal,mythic,1,93557,2e37a5cd-887d-4b41-97f7-ae0bba85436b,0.22,false,false,near_mint,en,CAD,2024-08-05T21:19:44.991Z
OTJ Draft 2,deck,Explosive Derailment,OTJ,Outlaws of Thunder Junction,122,normal,common,2,93417,f0e3df9c-0a86-4e6f-a3c7-84a883328a3d,0.01,false,false,near_mint,en,CAD,2024-08-05T21:19:44.991Z
OTJ Draft 2,deck,Rodeo Pyromancers,OTJ,Outlaws of Thunder Junction,143,normal,common,1,93381,df877a29-06e1-474d-8600-410bbec674ae,0.01,false,false,near_mint,en,CAD,2024-08-05T21:19:44.991Z
OTJ Draft 2,deck,"Malcolm, the Eyes",OTJ,Outlaws of Thunder Junction,219,foil,rare,1,93159,521dffaa-813b-41e4-b7c2-a8c407167875,0.11,false,false,near_mint,en,CAD,2024-08-05T21:19:44.991Z
OTJ Draft 2,deck,Oasis Gardener,OTJ,Outlaws of Thunder Junction,246,normal,common,1,93411,ee0dc663-4bfb-46d4-af79-d0143c799487,0.01,false,false,near_mint,en,CAD,2024-08-05T21:19:44.991Z
OTJ Draft 2,deck,Quick Draw,OTJ,Outlaws of Thunder Junction,138,normal,common,1,93168,56399cd0-1214-42b6-be38-f2cbd770915f,0.01,false,false,near_mint,en,CAD,2024-08-05T21:19:44.991Z
OTJ Draft 2,deck,Mountain,M20,Core Set 2020,273,normal,common,8,45187,399f7531-e137-463b-bec3-e86756b6ed71,0.92,false,false,near_mint,en,CAD,2024-08-05T21:19:44.991Z
OTJ Draft 2,deck,Slick Sequence,OTJ,Outlaws of Thunder Junction,233,normal,uncommon,1,93329,beb1c974-0d35-4e9f-a310-44eb2af64494,0.01,false,false,near_mint,en,CAD,2024-08-05T21:19:44.991Z
OTJ Draft 2,deck,Mountain,OTJ,Outlaws of Thunder Junction,283,normal,common,1,93745,9137b4aa-2289-4a4d-b1f5-ae75a0928278,0.01,false,false,near_mint,en,CAD,2024-08-05T21:19:44.991Z
OTJ Draft 2,deck,Daring Thunder-Thief,OTJ,Outlaws of Thunder Junction,41,normal,common,1,93310,b41a2bf7-248c-4f8b-92ec-3010d276cb59,0.01,false,false,near_mint,en,CAD,2024-08-05T21:19:44.991Z
Gev Commander Deck (Persist Infinite Combo),list,Mountain,J22,Jumpstart 2022,107,normal,common,4,76324,577aff75-67f7-42c8-b31f-50026c5ba5c6,0.03,false,false,near_mint,en,CAD,2024-11-02T19:09:12.087Z
Gev Commander Deck (Persist Infinite Combo),list,Immersturm Skullcairn,KHM,Kaldheim,263,normal,uncommon,1,56759,12ed97de-736d-43d8-977b-308ac54f88f4,0.03,false,false,near_mint,en,CAD,2024-11-02T19:09:12.087Z
Gev Commander Deck (Persist Infinite Combo),list,Fellwar Stone,BLC,Bloomburrow Commander,269,normal,uncommon,1,96512,e99c4fec-eb21-4288-a12f-1c58c4946bae,0.68,false,false,near_mint,en,CAD,2024-11-02T19:09:12.087Z
Gev Commander Deck (Persist Infinite Combo),list,Diresight,BLB,Bloomburrow,91,normal,common,1,95985,fada29c0-5293-40a4-b36d-d073ee99e650,0.01,false,false,near_mint,en,CAD,2024-11-02T19:09:12.087Z
Gev Commander Deck (Persist Infinite Combo),list,Ash Barrens,CMM,Commander Masters,419,normal,common,1,84968,df0693ae-55f9-4864-b5db-383715a04d21,0.03,false,false,near_mint,en,CAD,2024-11-02T19:09:12.087Z
Gev Commander Deck (Persist Infinite Combo),list,Ramunap Ruins,HOU,Hour of Devastation,181,normal,uncommon,1,4494,af11d41a-0d29-45e9-9d27-a41282b9e292,0.21,false,false,near_mint,en,CAD,2024-11-02T19:09:12.087Z
Gev Commander Deck (Persist Infinite Combo),list,Riveteers Overlook,M3C,Modern Horizons 3 Commander,369,normal,common,1,95101,383c936c-dccc-4ea8-8cc3-0cc75c4cc257,0.24,false,false,near_mint,en,CAD,2024-11-02T19:09:12.087Z
Gev Commander Deck (Persist Infinite Combo),list,Exotic Orchard,LTC,Tales of Middle-earth Commander,307,normal,rare,1,83359,a3120b65-f021-467e-bd9f-27329134a743,0.2,false,false,near_mint,en,CAD,2024-11-02T19:09:12.087Z
Gev Commander Deck (Persist Infinite Combo),list,Rakdos Signet,DSC,Duskmourn: House of Horror Commander,250,normal,uncommon,1,99035,01cc9536-f710-4c47-9e3f-d7e83cc888f2,0.61,false,false,near_mint,en,CAD,2024-11-02T19:09:12.087Z
Gev Commander Deck (Persist Infinite Combo),list,Fabled Passage,BLB,Bloomburrow,252,normal,rare,1,96075,8809830f-d8e1-4603-9652-0ad8b00234e9,4.53,false,false,near_mint,en,CAD,2024-11-02T19:09:12.087Z
Gev Commander Deck (Persist Infinite Combo),list,Dimir House Guard,RAV,Ravnica: City of Guilds,83,normal,common,1,27927,9a021caf-d9e7-470b-85be-3af42a3adfd3,0.07,false,false,near_mint,en,CAD,2024-11-02T19:09:12.087Z
Gev Commander Deck (Persist Infinite Combo),list,Piranha Marsh,ZEN,Zendikar,222,normal,common,1,22402,ea077cff-b5c9-4a40-8e66-8810c37be5cb,0.08,false,false,near_mint,en,CAD,2024-11-02T19:09:12.087Z
Gev Commander Deck (Persist Infinite Combo),list,Bloodfell Caves,IKO,Ikoria: Lair of Behemoths,243,normal,common,1,49834,0c8269e6-b30c-4fdc-82a7-d503c133afa6,0.07,false,false,near_mint,en,CAD,2024-11-02T19:09:12.087Z
Gev Commander Deck (Persist Infinite Combo),list,Swamp,M20,Core Set 2020,272,normal,common,8,45188,6ba77dad-f157-4e31-9654-921967ea98c0,0.06,false,false,near_mint,en,CAD,2024-11-02T19:09:12.087Z
Gev Commander Deck (Persist Infinite Combo),list,Faithless Looting,DKA,Dark Ascension,87,normal,common,1,18450,a1b0da17-d595-441d-811c-a2d28d2bb232,0.28,false,false,near_mint,en,CAD,2024-11-02T19:09:12.087Z
Gev Commander Deck (Persist Infinite Combo),list,Rakdos Charm,RTR,Return to Ravnica,184,normal,uncommon,1,17238,0fcd4394-d22d-4eec-ad73-ffaf10ad60de,0.39,false,false,near_mint,en,CAD,2024-11-02T19:09:12.087Z
Gev Commander Deck (Persist Infinite Combo),list,Foreboding Ruins,40K,"Warhammer 40,000 Commander",279,normal,rare,1,72325,31e1c45c-eb7b-4ae6-9dd2-e65d9ef00686,0.21,false,false,near_mint,en,CAD,2024-11-02T19:09:12.087Z
Gev Commander Deck (Persist Infinite Combo),list,Barbarian Ring,MH3,Modern Horizons 3,299,normal,uncommon,1,94603,c184406c-b22c-4b9b-9d3a-3e7b17efd8a0,0.01,false,false,near_mint,en,CAD,2024-11-02T19:09:12.087Z
Gev Commander Deck (Persist Infinite Combo),list,Feed the Swarm,DSC,Duskmourn: House of Horror Commander,78,normal,common,1,99279,a3bad7f1-0b02-4499-a2e2-4625d01e3710,0.25,false,false,near_mint,en,CAD,2024-11-02T19:09:12.087Z
Gev Commander Deck (Persist Infinite Combo),list,Necromantic Selection,ZNC,Zendikar Rising Commander,48,normal,rare,1,55445,a105c396-7c69-49ff-be06-891d51d861c6,0.28,false,false,near_mint,en,CAD,2024-11-02T19:09:12.087Z
Gev Commander Deck (Persist Infinite Combo),list,Everflowing Chalice,C14,Commander 2014,239,normal,uncommon,1,12617,2dd9f287-fc13-4bb1-851f-8d76c5cc12d8,0.31,false,false,near_mint,en,CAD,2024-11-02T19:09:12.087Z
Gev Commander Deck (Persist Infinite Combo),list,Rakdos Carnarium,VOC,Crimson Vow Commander,180,normal,common,1,64520,385e7ce2-0484-4763-949a-10082cd60e46,0.14,false,false,near_mint,en,CAD,2024-11-02T19:09:12.087Z
Gev Commander Deck (Persist Infinite Combo),list,Reckless Handling,MAT,March of the Machine: The Aftermath,19,foil,uncommon,1,82481,239165bb-7819-4d54-a84c-2911934253d6,0.06,false,false,near_mint,en,CAD,2024-11-02T19:09:12.087Z
Gev Commander Deck (Persist Infinite Combo),list,Shadows of the Past,ORI,Magic Origins,118,normal,uncommon,1,10824,02962013-fc5a-46be-9021-8fd40ab3027c,0.08,false,false,near_mint,en,CAD,2024-11-02T19:09:12.087Z
Gev Commander Deck (Persist Infinite Combo),list,Rath's Edge,NEM,Nemesis,142,normal,rare,1,33740,42681dce-5c63-4e56-955e-39f085ea6ae9,0.5,false,false,near_mint,en,CAD,2024-11-02T19:09:12.087Z
Gev Commander Deck (Persist Infinite Combo),list,Dross Hopper,SOM,Scars of Mirrodin,60,normal,common,1,20972,1a0656f6-a016-479a-a003-72e106e986b0,0.07,false,false,near_mint,en,CAD,2024-11-02T19:09:12.087Z
Gev Commander Deck (Persist Infinite Combo),list,Arcane Signet,BLC,Bloomburrow Commander,127,normal,common,1,96215,28180667-cc1e-4f64-9a69-00425ef85ba0,0.35,false,false,near_mint,en,CAD,2024-11-02T19:09:12.087Z
Gev Commander Deck (Persist Infinite Combo),list,Falkenrath Noble,VOC,Crimson Vow Commander,128,normal,uncommon,1,64579,89420882-5833-46f0-9a3f-3c8e694074df,0.13,false,false,near_mint,en,CAD,2024-11-02T19:09:12.087Z
Gev Commander Deck (Persist Infinite Combo),list,Command Tower,C21,Commander 2021,284,normal,common,1,58847,b53a112c-671c-4312-af56-53fdb735829b,0.13,false,false,near_mint,en,CAD,2024-11-02T19:09:12.087Z
Gev Commander Deck (Persist Infinite Combo),list,Final Parting,DOM,Dominaria,93,normal,uncommon,1,2183,de8803f6-9efa-4323-b8c5-29bdd5a48f9a,0.31,false,false,near_mint,en,CAD,2024-11-02T19:09:12.087Z
Gev Commander Deck (Persist Infinite Combo),list,Puppeteer Clique,WOC,Wilds of Eldraine Commander,115,normal,rare,1,85715,c69c4c50-728d-4dc0-bd0c-282e178d0efa,0.2,false,false,near_mint,en,CAD,2024-11-02T19:09:12.087Z
Gev Commander Deck (Persist Infinite Combo),list,Decree of Pain,CMM,Commander Masters,148,normal,rare,1,84519,7af6702a-a7d9-4d86-8ba2-364417a31dbb,0.21,false,false,near_mint,en,CAD,2024-11-02T19:09:12.087Z
Gev Commander Deck (Persist Infinite Combo),list,Warstorm Surge,M12,Magic 2012,160,normal,rare,1,19107,b16443df-52c6-4c9d-a7ff-89a37e593a0a,0.67,false,false,near_mint,en,CAD,2024-11-02T19:09:12.087Z
Gev Commander Deck (Persist Infinite Combo),list,Immersturm Predator,KHM,Kaldheim,214,normal,rare,1,56749,0d83d2d9-b9d0-47f5-989b-f2c726401ade,0.13,false,false,near_mint,en,CAD,2024-11-02T19:09:12.087Z
Gev Commander Deck (Persist Infinite Combo),list,Thunderblust,MM2,Modern Masters 2015,131,normal,rare,1,11086,249ec37d-c4ed-4af6-8c30-bcec13c108fd,0.42,false,false,near_mint,en,CAD,2024-11-02T19:09:12.087Z
Gev Commander Deck (Persist Infinite Combo),list,Fire Diamond,C14,Commander 2014,240,normal,uncommon,1,12616,cdb74b43-350a-45dc-bd26-89971f803251,0.25,false,false,near_mint,en,CAD,2024-11-02T19:09:12.087Z
Gev Commander Deck (Persist Infinite Combo),list,Molten Gatekeeper,MH3,Modern Horizons 3,128,normal,common,1,94877,9f5ba065-2806-4e99-a330-168cfe76250f,0.01,false,false,near_mint,en,CAD,2024-11-02T19:09:12.087Z
Gev Commander Deck (Persist Infinite Combo),list,The Creation of Avacyn,MH3,Modern Horizons 3,86,normal,uncommon,1,94385,27d701aa-df93-4f0e-b1e3-d081487eb456,0.01,false,false,near_mint,en,CAD,2024-11-02T19:09:12.087Z
Gev Commander Deck (Persist Infinite Combo),list,Read the Bones,THS,Theros,101,normal,common,1,15563,dbbdbf1a-2d15-4291-aa19-614f854d8cb3,0.14,false,false,near_mint,en,CAD,2024-11-02T19:09:12.087Z
Gev Commander Deck (Persist Infinite Combo),list,Invasion of Regatha // Disciples of the Inferno,MOM,March of the Machine,148,normal,uncommon,1,81196,ada79e04-bb69-4c92-a829-014f02b1e06a,0.01,false,false,near_mint,en,CAD,2024-11-02T19:09:12.087Z
Gev Commander Deck (Persist Infinite Combo),list,Maestros Theater,SNC,Streets of New Capenna,251,normal,common,1,67750,51eb4a44-a5c8-49ed-b440-2462626bb638,0.21,false,false,near_mint,en,CAD,2024-11-02T19:09:12.087Z
Gev Commander Deck (Persist Infinite Combo),list,Lesser Masticore,MH1,Modern Horizons,225,normal,uncommon,1,44709,c4c7cba5-6111-40ce-828a-e811301bb283,0.06,false,false,near_mint,en,CAD,2024-11-02T19:09:12.087Z
Gev Commander Deck (Persist Infinite Combo),list,Terramorphic Expanse,BRC,The Brothers' War Commander,210,normal,common,1,75527,6c156c30-d681-4b3b-bcf9-3a1e85a8c7a1,0.11,false,false,near_mint,en,CAD,2024-11-02T19:09:12.087Z
Gev Commander Deck (Persist Infinite Combo),list,Murderous Redcap,SHM,Shadowmoor,192,normal,uncommon,1,24674,5f7171f0-7d42-47c9-ab46-93c2bb42c914,0.43,false,false,near_mint,en,CAD,2024-11-02T19:09:12.087Z
Gev Commander Deck (Persist Infinite Combo),list,Altar of Dementia,CNS,Conspiracy,196,normal,rare,1,14224,c16b08f8-9c26-450d-ad97-b7734e4f5bc4,11.16,false,false,near_mint,en,CAD,2024-11-02T19:09:12.087Z
Gev Commander Deck (Persist Infinite Combo),list,Wayfarer's Bauble,MM2,Modern Masters 2015,234,normal,common,1,10983,1272beac-71ac-4a88-bd49-a5a907c182ac,0.2,false,false,near_mint,en,CAD,2024-11-02T19:09:12.087Z
Gev Commander Deck (Persist Infinite Combo),list,Mind Stone,DSC,Duskmourn: House of Horror Commander,248,normal,uncommon,1,99406,f1f616f2-d69d-4763-8ff0-3eb05a543926,0.14,false,false,near_mint,en,CAD,2024-11-02T19:09:12.087Z
Gev Commander Deck (Persist Infinite Combo),list,Hoarding Dragon,CMM,Commander Masters,233,normal,uncommon,1,84288,42363046-28d4-4540-a0d0-3635459ba769,0.06,false,false,near_mint,en,CAD,2024-11-02T19:09:12.087Z
Gev Commander Deck (Persist Infinite Combo),list,Phyrexian Plaguelord,PLST,The List,CMA-61,normal,rare,1,48623,be25e502-5315-48b8-be57-154b4273ee90,0.14,false,false,near_mint,en,CAD,2024-11-02T19:09:12.087Z
Gev Commander Deck (Persist Infinite Combo),list,"Judith, the Scourge Diva",CMM,Commander Masters,341,normal,uncommon,1,84934,d6fb929c-1b8d-4d1d-aa69-ac6189cd7ebf,0.08,false,false,near_mint,en,CAD,2024-11-02T19:09:12.087Z
Gev Commander Deck (Persist Infinite Combo),list,Charcoal Diamond,CLB,Commander Legends: Battle for Baldur's Gate,442,normal,common,1,68994,44c435b6-4010-4bb6-b645-67732b1ebeab,0.01,false,false,near_mint,en,CAD,2024-11-02T19:09:12.087Z
Gev Commander Deck (Persist Infinite Combo),list,Blighted Gorge,BFZ,Battle for Zendikar,231,normal,uncommon,1,10120,88cbfe5d-79b7-45db-b3cd-4ae7a9964a37,0.01,false,false,near_mint,en,CAD,2024-11-02T19:09:12.087Z
Gev Commander Deck (Persist Infinite Combo),list,Bastion of Remembrance,DSC,Duskmourn: House of Horror Commander,131,normal,uncommon,1,99375,dd5745d4-db9b-4c87-900f-73a606a9c7d0,0.28,false,false,near_mint,en,CAD,2024-11-02T19:09:12.087Z
Gev Commander Deck (Persist Infinite Combo),list,Demonic Bargain,VOW,Innistrad: Crimson Vow,368,normal,rare,1,64440,df5603d9-085c-48ac-b78b-5d95f412e577,0.13,false,false,near_mint,en,CAD,2024-11-02T19:09:12.087Z
Gev Commander Deck (Persist Infinite Combo),list,Wingrattle Scarecrow,SHM,Shadowmoor,270,normal,common,1,24596,61c5d86e-1ce1-4386-b70f-73b24351d6ae,0.31,false,false,near_mint,en,CAD,2024-11-02T19:09:12.087Z
Gev Commander Deck (Persist Infinite Combo),list,Evolving Wilds,DMC,Dominaria United Commander,208,normal,common,1,71703,b2f20d21-6666-4851-a293-469152c347cf,0.08,false,false,near_mint,en,CAD,2024-11-02T19:09:12.087Z
Gev Commander Deck (Persist Infinite Combo),list,Lingering Tormentor,EVE,Eventide,36,normal,uncommon,1,24515,f5165880-9727-4f52-9633-fd5cecce7f01,0.15,false,false,near_mint,en,CAD,2024-11-02T19:09:12.087Z
Gev Commander Deck (Persist Infinite Combo),list,Mind Slash,NEM,Nemesis,59,normal,uncommon,1,33823,8bece38b-e09e-4666-95b6-5e5b05867cd5,0.29,false,false,near_mint,en,CAD,2024-11-02T19:09:12.087Z
Gev Commander Deck (Persist Infinite Combo),list,Witty Roastmaster,SNC,Streets of New Capenna,131,normal,common,1,67822,71d13f19-482b-4a2e-9692-b7d7caf2f9f5,0.35,false,false,near_mint,en,CAD,2024-11-02T19:09:12.087Z
Gev Commander Deck (Persist Infinite Combo),list,Woe Strider,BLC,Bloomburrow Commander,189,normal,rare,1,96150,05b2af75-2e29-446b-b3d0-00b5e5d50b3c,0.21,false,false,near_mint,en,CAD,2024-11-02T19:09:12.087Z
Gev Commander Deck (Persist Infinite Combo),list,Reckless Fireweaver,KLD,Kaladesh,126,normal,common,1,7517,63ffac51-62c4-4170-85b3-a43d7cfae7d7,0.79,false,false,near_mint,en,CAD,2024-11-02T19:09:12.087Z
Gev Commander Deck (Persist Infinite Combo),list,Escape Tunnel,MKM,Murders at Karlov Manor,261,normal,common,1,91057,93ddde4f-d35e-4128-8f43-d0eadbd715de,0.01,false,false,near_mint,en,CAD,2024-11-02T19:09:12.087Z
Gev Commander Deck (Persist Infinite Combo),list,Smoldering Marsh,BRC,The Brothers' War Commander,202,normal,rare,1,75807,d6882120-e807-4695-af88-ddfec92f6127,0.25,false,false,near_mint,en,CAD,2024-11-02T19:09:12.087Z
Gev Commander Deck (Persist Infinite Combo),list,Prismatic Lens,OTC,Outlaws of Thunder Junction Commander,264,normal,uncommon,1,93697,74e8d3a8-5937-4108-b2fe-23e049379345,0.21,false,false,near_mint,en,CAD,2024-11-02T19:09:12.087Z
Gev Commander Deck (Persist Infinite Combo),list,"Gev, Scaled Scorch",BLB,Bloomburrow,214,normal,rare,1,96001,131ea976-289e-4f32-896d-27bbfd423ba9,0.35,false,false,near_mint,en,CAD,2024-11-02T19:09:12.087Z
Gev Commander Deck (Persist Infinite Combo),list,Myriad Landscape,KHC,Kaldheim Commander,115,normal,uncommon,1,57214,4544593c-c155-436f-a74b-eea3e854ad1d,0.2,false,false,near_mint,en,CAD,2024-11-02T19:09:12.087Z
Gev Commander Deck (Persist Infinite Combo),list,Netherborn Phalanx,RAV,Ravnica: City of Guilds,99,normal,uncommon,1,27911,b665e905-cb06-48b7-9f50-5916277e237d,0.25,false,false,near_mint,en,CAD,2024-11-02T19:09:12.087Z
Gev Commander Deck (Persist Infinite Combo),list,Magebane Lizard,OTJ,Outlaws of Thunder Junction,134,normal,uncommon,1,93189,62e12566-375f-4f31-aa91-1b13a96d9ece,1.06,false,false,near_mint,en,CAD,2024-11-02T19:09:12.087Z
Gev Commander Deck (Persist Infinite Combo),list,Coveted Prize,ZNR,Zendikar Rising,337,normal,rare,1,54653,95c86ad5-5384-4a62-971c-05abc995da91,0.26,false,false,near_mint,en,CAD,2024-11-02T19:09:12.087Z
Gev Commander Deck (Persist Infinite Combo),list,Illicit Shipment,SNC,Streets of New Capenna,83,normal,uncommon,1,67636,1f7cced2-390b-499f-ace3-e52fd53d4712,0.01,false,false,near_mint,en,CAD,2024-11-02T19:09:12.087Z
Gev Commander Deck (Persist Infinite Combo),list,"Invasion of Fiora // Marchesa, Resolute Monarch",MOM,March of the Machine,114,normal,rare,1,81201,b3af679b-6ee6-4a1d-8ec3-b659bdd90b4a,0.35,false,false,near_mint,en,CAD,2024-11-02T19:09:12.087Z
Gev Commander Deck (Persist Infinite Combo),list,Goblin Bombardment,WOT,Wilds of Eldraine: Enchanting Tales,43,normal,rare,1,85803,e92af114-ad34-4106-a7fa-5676dbcd4960,0.93,false,false,near_mint,en,CAD,2024-11-02T19:09:12.087Z
Gev Commander Deck (Persist Infinite Combo),list,Rattleblaze Scarecrow,SHM,Shadowmoor,259,normal,common,1,24607,4b46425f-516c-42f5-8df1-79af17d02a4a,0.24,false,false,near_mint,en,CAD,2024-11-02T19:09:12.087Z
Gev Commander Deck (Persist Infinite Combo),list,Sign in Blood,DSC,Duskmourn: House of Horror Commander,156,normal,common,1,99312,b89d9372-8682-4a61-a003-8bccfbb6cbb4,0.01,false,false,near_mint,en,CAD,2024-11-02T19:09:12.087Z
Gev Commander Deck (Persist Infinite Combo),list,Oblivion Stone,M3C,Modern Horizons 3 Commander,303,normal,rare,1,94922,2994bab5-59ae-4545-a125-67032850b4de,0.14,false,false,near_mint,en,CAD,2024-11-02T19:09:12.087Z
Gev Commander Deck (Persist Infinite Combo),list,Outpost Siege,C20,Commander 2020,157,normal,rare,1,50261,ad63f120-f6d0-4394-b12a-f3e1cf728a2f,0.21,false,false,near_mint,en,CAD,2024-11-02T19:09:12.087Z
Gev Commander Deck (Persist Infinite Combo),list,Brainspoil,RAV,Ravnica: City of Guilds,78,normal,common,1,27932,c34fa44f-274e-4914-bbd5-71193f8d2f96,0.08,false,false,near_mint,en,CAD,2024-11-02T19:09:12.087Z
Gev Commander Deck (Persist Infinite Combo),list,Viscera Seer,C13,Commander 2013,99,normal,common,1,15287,535d8c19-c108-4fca-9918-2fcfc32e673d,0.49,false,false,near_mint,en,CAD,2024-11-02T19:09:12.087Z
Gev Commander Deck (Persist Infinite Combo),list,Spikefield Hazard // Spikefield Cave,ZNR,Zendikar Rising,166,normal,uncommon,1,54683,a69541db-3f4e-412f-aa8e-dec1e74f74dc,0.15,false,false,near_mint,en,CAD,2024-11-02T19:09:12.087Z
Gev Commander Deck (Persist Infinite Combo),list,Razaketh's Rite,HOU,Hour of Devastation,74,normal,uncommon,1,4601,dd36987a-48c3-477b-b859-0268e84b7e7b,0.14,false,false,near_mint,en,CAD,2024-11-02T19:09:12.087Z
Gev Commander Deck (Persist Infinite Combo),list,Nevinyrral's Disk,CMR,Commander Legends,328,normal,rare,1,55648,447c7c8a-ed88-4f4f-9e1c-d97bde20e40c,0.21,false,false,near_mint,en,CAD,2024-11-02T19:09:12.087Z
Gev Commander Deck (Persist Infinite Combo),list,Shadowblood Ridge,BRC,The Brothers' War Commander,199,normal,rare,1,75659,9b4a6fb2-f6f4-437d-8ac4-797425cc294c,0.1,false,false,near_mint,en,CAD,2024-11-02T19:09:12.087Z
Gev Commander Deck (Persist Infinite Combo),list,Fervent Mastery,STX,Strixhaven: School of Mages,101,normal,rare,1,58024,1f824caf-b32c-442a-8631-887831a57360,0.04,false,false,near_mint,en,CAD,2024-11-02T19:09:12.087Z
Gev Commander Deck (Persist Infinite Combo),list,Falkenrath Aristocrat,MM3,Modern Masters 2017,163,normal,rare,1,6050,53399f12-0d62-40bf-a532-1d02b6c2f19e,0.28,false,false,near_mint,en,CAD,2024-11-02T19:09:12.087Z
Gev Commander Deck (Persist Infinite Combo),list,Bedevil,DMC,Dominaria United Commander,144,normal,rare,1,71880,fc81669c-af6e-4af4-b1eb-43ff7fdda590,0.35,false,false,near_mint,en,CAD,2024-11-02T19:09:12.087Z
Gev Commander Deck (Persist Infinite Combo),list,Zof Consumption // Zof Bloodbog,ZNR,Zendikar Rising,132,normal,uncommon,1,54657,98496d5b-1519-4f0c-8b46-0a43be643dfb,0.06,false,false,near_mint,en,CAD,2024-11-02T19:09:12.087Z
Gev Commander Deck (Persist Infinite Combo),list,Leechridden Swamp,DSC,Duskmourn: House of Horror Commander,286,normal,uncommon,1,99273,a07a0e31-ace6-40ad-8700-2d58135b5320,0.22,false,false,near_mint,en,CAD,2024-11-02T19:09:12.087Z
Gev Commander Deck (Persist Infinite Combo),list,Vindictive Vampire,RVR,Ravnica Remastered,330,normal,uncommon,1,89560,10276bc4-9640-48e0-9a88-034eee288e9e,0.1,false,false,near_mint,en,CAD,2024-11-02T19:09:12.087Z
Gev Commander Deck (Persist Infinite Combo),list,"Yahenni, Undying Partisan",LCC,The Lost Caverns of Ixalan Commander,214,normal,rare,1,88369,2b77cd68-fbdd-4bca-a68c-299425588a61,0.24,false,false,near_mint,en,CAD,2024-11-02T19:09:12.087Z
Gev Commander Deck (Persist Infinite Combo),list,Grim Servant,MH3,Modern Horizons 3,97,normal,uncommon,1,94648,df9c275d-e8cc-40c2-8baf-7a0d154aa7cf,0.01,false,false,near_mint,en,CAD,2024-11-02T19:09:12.087Z
Gev Commander Deck (Persist Infinite Combo),list,Putrid Goblin,MH1,Modern Horizons,101,normal,common,1,44833,333406d5-abcc-4629-a33b-395d0662ba1b,0.24,false,false,near_mint,en,CAD,2024-11-02T19:09:12.087Z
Gev Commander Deck (Persist Infinite Combo),list,Temple of Malice,BRC,The Brothers' War Commander,208,normal,rare,1,75547,7306c101-399b-4306-89b5-6c43cb582597,0.14,false,false,near_mint,en,CAD,2024-11-02T19:09:12.087Z
Gev Commander Deck (Persist Infinite Combo),list,Stensia Bloodhall,SCD,Starter Commander Decks,320,normal,rare,1,77329,4c936ea7-8802-4ae7-9d85-4b873cbd56ce,0.06,false,false,near_mint,en,CAD,2024-11-02T19:09:12.087Z
Gev Commander Deck (Persist Infinite Combo),list,Jagged Barrens,OTJ,Outlaws of Thunder Junction,259,normal,common,1,93178,5d809f5b-d965-4cb1-a9f8-2048f8534373,0.35,false,false,near_mint,en,CAD,2024-11-02T19:09:12.087Z
Gev Commander Deck (Persist Infinite Combo),list,Worn Powerstone,MH3,Modern Horizons 3,298,normal,uncommon,1,94578,ace686ad-9e3f-41b3-b8eb-d1b6d45eb4e1,0.07,false,false,near_mint,en,CAD,2024-11-02T19:09:12.087Z
Gev Commander Deck (Persist Infinite Combo),list,Flesh-Eater Imp,MBS,Mirrodin Besieged,42,normal,uncommon,1,20099,6d5ee9f3-80fe-43b0-be5b-0c93103e1077,0.17,false,false,near_mint,en,CAD,2024-11-02T19:09:12.087Z
Gatecrash (GTC),binder,Primal Visitation,GTC,Gatecrash,187,normal,common,2,16637,2dd518e8-047a-4df0-a0b8-ba116d048fa8,0.01,false,false,near_mint,en,CAD,2024-02-03T21:13:28.130Z
Gatecrash (GTC),binder,Paranoid Delusions,GTC,Gatecrash,186,normal,common,2,16638,af406038-91ce-41fe-8b6d-55408a96d0a2,0.01,false,false,near_mint,en,CAD,2024-02-04T00:12:26.640Z
Gatecrash (GTC),binder,Beckon Apparition,GTC,Gatecrash,212,normal,common,1,16612,8b2ef9c5-ca6f-4243-bd38-2b325257831c,0.01,false,false,near_mint,en,CAD,2024-02-04T00:12:26.640Z
Gatecrash (GTC),binder,Zhur-Taa Swine,GTC,Gatecrash,210,normal,common,2,16614,cef93050-2f24-4c85-a00b-796e53868ac1,0.01,false,false,near_mint,en,CAD,2024-02-03T21:13:28.130Z
Gatecrash (GTC),binder,Drakewing Krasis,GTC,Gatecrash,157,normal,common,1,16667,016d1d17-ba5c-4168-9a3d-232bdcc98c80,0.01,false,false,near_mint,en,CAD,2024-02-04T00:12:26.640Z
Gatecrash (GTC),binder,Gruul Charm,GTC,Gatecrash,169,normal,uncommon,2,16655,9235afe5-0a6b-43c2-921c-18524cf032f1,0.06,false,false,near_mint,en,CAD,2024-02-03T21:13:28.130Z
Gatecrash (GTC),binder,Crocanura,GTC,Gatecrash,116,normal,common,2,16708,b459a988-97b0-4370-b89a-2565f8721b60,0.01,false,false,near_mint,en,CAD,2024-02-03T21:13:28.130Z
Gatecrash (GTC),binder,Hold the Gates,GTC,Gatecrash,16,normal,uncommon,1,16808,48fd52d0-0e41-48d5-b96f-4c6409788c18,0.15,false,false,near_mint,en,CAD,2024-02-04T00:12:26.640Z
Gatecrash (GTC),binder,Spire Tracer,GTC,Gatecrash,135,normal,common,4,16689,428b0d43-94c9-4f7f-b042-ea63f88ac697,0.01,false,false,near_mint,en,CAD,2024-02-04T00:12:26.640Z
Gatecrash (GTC),binder,Death's Approach,GTC,Gatecrash,62,normal,common,2,16762,b0f69c6f-522d-42c8-be7c-ea6d7ffb6a90,0.01,false,false,near_mint,en,CAD,2024-02-03T23:41:58.677Z
Gatecrash (GTC),binder,Tower Defense,GTC,Gatecrash,137,normal,uncommon,1,16687,857e1eb2-f3f2-4c7f-9965-da9d7e385223,0.22,false,false,near_mint,en,CAD,2024-02-05T20:07:19.823Z
Gatecrash (GTC),binder,Orzhov Charm,GTC,Gatecrash,185,normal,uncommon,3,16639,8ca44265-5e1b-4fbf-9002-52b2ce9b7448,0.05,false,false,near_mint,en,CAD,2024-02-03T21:13:28.130Z
Gatecrash (GTC),binder,Disciple of the Old Ways,GTC,Gatecrash,118,normal,common,1,16706,3c62b3ee-db2b-45c3-87d5-5d917ea4baeb,0.01,false,false,near_mint,en,CAD,2024-02-03T21:13:28.130Z
Gatecrash (GTC),binder,Ruination Wurm,GTC,Gatecrash,192,normal,common,3,16632,ce04d1ee-2605-472d-b3ee-24800342e9af,0.01,false,false,near_mint,en,CAD,2024-02-03T21:13:28.130Z
Gatecrash (GTC),binder,Purge the Profane,GTC,Gatecrash,190,normal,common,3,16634,937ee156-0105-4291-8c67-d03a59c24679,0.01,false,false,near_mint,en,CAD,2024-02-04T00:12:26.640Z
Gatecrash (GTC),binder,Gutter Skulk,GTC,Gatecrash,67,normal,common,1,16757,830c7c77-20c4-429f-88c7-b85ab7a0e38b,0.01,false,false,near_mint,en,CAD,2024-02-04T00:12:26.640Z
Gatecrash (GTC),binder,Riot Gear,GTC,Gatecrash,236,normal,common,1,16588,d3be1289-76f9-40b3-9387-b76a8b8d8797,0.01,false,false,near_mint,en,CAD,2024-02-04T00:12:26.640Z
Gatecrash (GTC),binder,Greenside Watcher,GTC,Gatecrash,122,normal,common,1,16702,e825cb2d-98d7-423d-9ba1-b4d04027027e,0.01,false,false,near_mint,en,CAD,2024-02-06T18:12:23.263Z
Gatecrash (GTC),binder,Knight Watch,GTC,Gatecrash,19,normal,common,1,16805,cd492072-9a8c-4d55-ac71-3c8efaa3fc87,0.01,false,false,near_mint,en,CAD,2024-02-04T00:12:26.640Z
Gatecrash (GTC),binder,Naturalize,GTC,Gatecrash,127,normal,common,1,16697,4adf36ca-56ca-4987-ac93-248d43c9c401,0.01,false,false,near_mint,en,CAD,2024-02-06T03:57:49.958Z
Gatecrash (GTC),binder,Skyknight Legionnaire,GTC,Gatecrash,197,normal,common,2,16627,ae8c9948-b52e-4d07-a72a-99ab6be05cc6,0.01,false,false,near_mint,en,CAD,2024-02-03T21:13:28.130Z
Gatecrash (GTC),binder,Act of Treason,GTC,Gatecrash,85,normal,common,1,16739,a04c8c6f-14e9-427c-918e-208ccd39ec4a,0.01,false,false,near_mint,en,CAD,2024-02-04T00:12:26.640Z
Gatecrash (GTC),binder,Gateway Shade,GTC,Gatecrash,65,normal,uncommon,2,16759,aa33fc15-3a4f-48bc-be7c-fdec1cb49c10,0.01,false,false,near_mint,en,CAD,2024-02-04T00:12:26.640Z
Gatecrash (GTC),binder,Dimir Charm,GTC,Gatecrash,154,normal,uncommon,2,16670,f3f4cfa7-8ee4-4a85-9e6a-65a7541f62c1,0.14,false,false,near_mint,en,CAD,2024-02-03T21:13:28.130Z
Gatecrash (GTC),binder,Vizkopa Guildmage,GTC,Gatecrash,206,normal,uncommon,1,16618,41f505a3-2c54-43a9-b4a9-43a1451b36f6,0.3,false,false,near_mint,en,CAD,2024-02-03T21:13:28.130Z
Gatecrash (GTC),binder,Sunhome Guildmage,GTC,Gatecrash,200,normal,uncommon,1,16624,42d1122a-099b-49bf-9b53-52429658816a,0.01,false,false,near_mint,en,CAD,2024-02-03T21:13:28.130Z
Gatecrash (GTC),binder,Mortus Strider,GTC,Gatecrash,179,normal,common,1,16645,d644eb6e-cc49-4834-bc2c-53f6a4ceb451,0.01,false,false,near_mint,en,CAD,2024-02-04T00:12:26.640Z
Gatecrash (GTC),binder,Merfolk of the Depths,GTC,Gatecrash,221,normal,uncommon,2,16603,bddb2e15-a53e-4647-a627-6c7032429fca,0.01,false,false,near_mint,en,CAD,2024-02-03T21:13:28.130Z
Gatecrash (GTC),binder,Predator's Rapport,GTC,Gatecrash,129,normal,common,1,16695,47324ab7-df78-4859-be0b-2eef5d4f8082,0.01,false,false,near_mint,en,CAD,2024-02-06T03:57:49.958Z
Gatecrash (GTC),binder,Slaughterhorn,GTC,Gatecrash,134,normal,common,1,16690,fb3fcc7a-ff5b-4695-aa86-9166f6cba565,0.01,false,false,near_mint,en,CAD,2024-02-06T17:53:00.867Z
Gatecrash (GTC),binder,Dinrova Horror,GTC,Gatecrash,155,normal,uncommon,2,16669,398df5e6-6bda-467a-81e2-91be7e21d715,0.01,false,false,near_mint,en,CAD,2024-02-04T00:12:26.640Z
Gatecrash (GTC),binder,Deathcult Rogue,GTC,Gatecrash,218,normal,common,1,16606,a4c186d2-e631-4811-83ea-fdb54e730a5d,0.01,false,false,near_mint,en,CAD,2024-02-04T00:12:26.640Z
Gatecrash (GTC),binder,Duskmantle Guildmage,GTC,Gatecrash,158,normal,uncommon,1,16666,9a1509ff-387e-4ccd-bda0-86e8738a98fb,0.49,false,false,near_mint,en,CAD,2024-02-03T21:13:28.130Z
Gatecrash (GTC),binder,Cartel Aristocrat,GTC,Gatecrash,150,normal,uncommon,1,16674,25bcfbc0-1401-4e5e-8145-c8936c4ff725,0.07,false,false,near_mint,en,CAD,2024-02-04T00:12:26.640Z
Gatecrash (GTC),binder,Ordruun Veteran,GTC,Gatecrash,184,normal,uncommon,2,16640,20fea3f6-e64a-4964-86bc-c0b8fef0ab25,0.01,false,false,near_mint,en,CAD,2024-02-04T00:12:26.640Z
Gatecrash (GTC),binder,Armored Transport,GTC,Gatecrash,226,normal,common,1,16598,f8cf8f6c-217e-4d51-aa63-859c2d38d438,0.01,false,false,near_mint,en,CAD,2024-02-03T21:13:28.130Z
Gatecrash (GTC),binder,Adaptive Snapjaw,GTC,Gatecrash,113,normal,common,3,16711,0d3c0c43-2d6d-49b8-a112-07611a23ae69,0.01,false,false,near_mint,en,CAD,2024-02-03T21:13:28.130Z
Gatecrash (GTC),binder,Burst of Strength,GTC,Gatecrash,115,normal,common,2,16709,d1cbd617-9f2e-4882-b8f0-dfc2fced2281,0.01,false,false,near_mint,en,CAD,2024-02-03T21:13:28.130Z
Gatecrash (GTC),binder,Verdant Haven,GTC,Gatecrash,138,normal,common,3,16686,c59109a0-fdab-49cb-bbf6-d405de4d1645,0.01,false,false,near_mint,en,CAD,2024-02-04T00:12:26.640Z
Gatecrash (GTC),binder,Rust Scarab,GTC,Gatecrash,130,normal,uncommon,2,16694,c57335b5-30e2-431f-ab50-d5f1981783c3,0.04,false,false,near_mint,en,CAD,2024-02-06T17:53:00.867Z
Gatecrash (GTC),binder,Cinder Elemental,GTC,Gatecrash,87,normal,uncommon,1,16737,8bbf10ce-69e0-4984-91a3-f65df919830d,0.01,false,false,near_mint,en,CAD,2024-02-03T21:13:28.130Z
Gatecrash (GTC),binder,Shielded Passage,GTC,Gatecrash,24,normal,common,1,16800,6546b6c4-73b2-41b3-9ff9-316e9ce916e5,0.01,false,false,near_mint,en,CAD,2024-02-04T00:12:26.640Z
Bloomburrow SLD,binder,"Tezzeret, Master of the Bridge",SLD,Secret Lair Drop,1701,normal,mythic,1,96569,6bf29f1d-b30e-4c5b-a581-a0386d75ebe1,,false,false,near_mint,en,CAD,2024-08-17T03:00:41.595Z
Bloomburrow SLD,binder,"Kiora, Behemoth Beckoner",SLD,Secret Lair Drop,1700,normal,rare,1,96559,0ffe59ce-b4f3-44ff-9972-44c0549cb9eb,,false,false,near_mint,en,CAD,2024-08-17T03:00:41.595Z
Bloomburrow SLD,binder,"Vraska, Golgari Queen",SLD,Secret Lair Drop,1702,normal,mythic,1,96580,e35d8d96-5d5c-4549-87df-458fc43e4444,,false,false,near_mint,en,CAD,2024-08-17T03:00:41.595Z
Bloomburrow SLD,binder,Pollenbright Druid,SLD,Secret Lair Drop,776,foil,rare,1,96543,422e29a7-caf4-4d78-813d-10b6d83802d3,,false,false,near_mint,en,CAD,2024-08-17T03:00:41.595Z
Bloomburrow SLD,binder,Sorin Markov,SLD,Secret Lair Drop,1698,normal,mythic,1,96585,f5f502f4-0295-40de-8ffe-48f23d72006c,,false,false,near_mint,en,CAD,2024-08-17T03:00:41.595Z
Bloomburrow SLD,binder,"Huatli, Radiant Champion",SLD,Secret Lair Drop,1699,normal,mythic,1,96555,03e9d584-2a61-4966-b2c1-f22e0dd94de6,,false,false,near_mint,en,CAD,2024-08-17T03:00:41.595Z
Riders of Rohan Commander (Upgraded),deck,Court of Ire,LTC,Tales of Middle-earth Commander,213,normal,rare,1,82874,14efb04a-67d0-4d48-b292-b211f9cf967c,0.34,false,false,near_mint,en,CAD,2024-10-06T17:41:37.001Z
Riders of Rohan Commander (Upgraded),deck,"Éowyn, Shieldmaiden",LTC,Tales of Middle-earth Commander,1,foil,mythic,1,83570,dd4a00ff-2206-4e12-a0ab-61ed82c9e6c5,0.2,false,false,near_mint,en,CAD,2024-10-06T17:41:37.001Z
Riders of Rohan Commander (Upgraded),deck,Talisman of Conviction,LTC,Tales of Middle-earth Commander,285,normal,uncommon,1,83483,c542cc26-f61a-416b-866e-8c500ff24783,0.22,false,false,near_mint,en,CAD,2024-10-06T17:41:37.001Z
Riders of Rohan Commander (Upgraded),deck,Tranquil Cove,LTC,Tales of Middle-earth Commander,340,normal,common,1,83582,dff36b80-84e8-439d-bd42-5f4b31dae17a,0.07,false,false,near_mint,en,CAD,2024-10-06T17:41:37.001Z
Riders of Rohan Commander (Upgraded),deck,Secluded Courtyard,LTC,Tales of Middle-earth Commander,330,normal,uncommon,1,83364,a49a20ea-dcd7-435b-9bb5-abc9dee58fb0,0.46,false,false,near_mint,en,CAD,2024-10-06T17:41:37.001Z
Riders of Rohan Commander (Upgraded),deck,Shared Animosity,LTC,Tales of Middle-earth Commander,226,normal,rare,1,83222,7e735f1a-3925-43f8-bc95-2cadcd44d5e0,0.54,false,false,near_mint,en,CAD,2024-10-06T17:41:37.001Z
Riders of Rohan Commander (Upgraded),deck,Furycalm Snarl,LTC,Tales of Middle-earth Commander,313,normal,rare,1,83308,94e25653-b347-4ff3-a914-a00bea46be14,0.1,false,false,near_mint,en,CAD,2024-10-06T17:41:37.001Z
Riders of Rohan Commander (Upgraded),deck,Beregond of the Guard,LTC,Tales of Middle-earth Commander,9,normal,rare,1,83168,6aad41a6-e894-43f8-a4b5-abc206836306,0.14,false,false,near_mint,en,CAD,2024-10-06T17:41:37.001Z
Riders of Rohan Commander (Upgraded),deck,"Éomer, King of Rohan",LTC,Tales of Middle-earth Commander,52,normal,rare,1,83113,5f48930a-d7bd-410b-995a-4e2837aabb25,0.41,false,false,near_mint,en,CAD,2024-10-06T17:41:37.001Z
Riders of Rohan Commander (Upgraded),deck,Windbrisk Heights,LTC,Tales of Middle-earth Commander,345,normal,rare,1,83393,aed27090-0cb2-45cf-8db1-d4c8ada2543a,0.14,false,false,near_mint,en,CAD,2024-10-06T17:41:37.001Z
Riders of Rohan Commander (Upgraded),deck,Clifftop Retreat,LTC,Tales of Middle-earth Commander,300,normal,rare,1,83007,3bf1e2f8-426c-4e24-b943-6fb9d5567d70,0.84,false,false,near_mint,en,CAD,2024-10-06T17:41:37.001Z
Riders of Rohan Commander (Upgraded),deck,Archivist of Gondor,LTC,Tales of Middle-earth Commander,18,normal,rare,1,83621,ec691418-1075-477f-b0df-f0d064588baf,0.01,false,false,near_mint,en,CAD,2024-10-06T17:41:37.001Z
Riders of Rohan Commander (Upgraded),deck,"Goldbug, Humanity's Ally // Goldbug, Scrappy Scout",BOT,Transformers,11,normal,mythic,1,76033,8e4a8db9-ef57-4ea0-952c-1e5d343fb5d9,0.35,false,false,near_mint,en,CAD,2024-10-26T06:07:15.913Z
Riders of Rohan Commander (Upgraded),deck,Mountain,LTR,The Lord of the Rings: Tales of Middle-earth,269,normal,common,2,83390,adf13285-d127-4534-9f49-aa86914da175,0.01,false,false,near_mint,en,CAD,2024-10-06T17:41:37.001Z
Riders of Rohan Commander (Upgraded),deck,Island,LTR,The Lord of the Rings: Tales of Middle-earth,265,normal,common,2,83150,671516eb-b088-4a15-aec9-1781ca016e11,0.01,false,false,near_mint,en,CAD,2024-10-06T17:41:37.001Z
Riders of Rohan Commander (Upgraded),deck,Kindred Discovery,CLB,Commander Legends: Battle for Baldur's Gate,81,normal,rare,1,69044,5a5462e9-c602-4431-a845-f7c6cafbc3cf,6.05,false,false,near_mint,en,CAD,2024-10-19T01:37:21.091Z
Riders of Rohan Commander (Upgraded),deck,Vanquisher's Banner,LTC,Tales of Middle-earth Commander,289,normal,rare,1,83601,e715f4e0-6ef4-40da-bc6c-84709e910cad,5.04,false,false,near_mint,en,CAD,2024-10-06T17:41:37.001Z
Riders of Rohan Commander (Upgraded),deck,Crown of Gondor,LTC,Tales of Middle-earth Commander,75,normal,rare,1,82813,00127acd-a284-4bc8-bdfa-895914e3cd49,0.15,false,false,near_mint,en,CAD,2024-10-06T17:41:37.001Z
Riders of Rohan Commander (Upgraded),deck,Harsh Mentor,LTC,Tales of Middle-earth Commander,221,normal,rare,1,83609,e885d925-13d8-4615-aefa-b2629ffa83b6,0.27,false,false,near_mint,en,CAD,2024-10-06T17:41:37.001Z
Riders of Rohan Commander (Upgraded),deck,Earthquake,LTC,Tales of Middle-earth Commander,214,normal,rare,1,83630,f1030c6d-e6f4-42e0-84d3-d3916d7f397c,0.41,false,false,near_mint,en,CAD,2024-10-06T17:41:37.001Z
Riders of Rohan Commander (Upgraded),deck,Impact Tremors,WOT,Wilds of Eldraine: Enchanting Tales,44,normal,uncommon,1,85784,e23cf8e0-0983-4495-ad3e-8b0c3e706115,0.45,false,false,near_mint,en,CAD,2024-10-19T01:37:21.091Z
Riders of Rohan Commander (Upgraded),deck,Reinforced Ronin,NEO,Kamigawa: Neon Dynasty,158,normal,uncommon,1,66747,89a18961-8f0b-4e98-9de4-aba97e91ad9a,0.1,false,false,near_mint,en,CAD,2024-10-19T01:37:21.091Z
Riders of Rohan Commander (Upgraded),deck,Fiend Hunter,LTC,Tales of Middle-earth Commander,168,normal,uncommon,1,83182,703c52d2-9e9d-4a54-82af-800fa1456d36,0.08,false,false,near_mint,en,CAD,2024-10-06T17:41:37.001Z
Riders of Rohan Commander (Upgraded),deck,Plains,LTR,The Lord of the Rings: Tales of Middle-earth,262,normal,common,5,83656,f724ae86-b968-4f49-8267-c2c34c22f1b6,0.01,false,false,near_mint,en,CAD,2024-10-06T17:41:37.001Z
Riders of Rohan Commander (Upgraded),deck,Exotic Orchard,LTC,Tales of Middle-earth Commander,307,normal,rare,1,83359,a3120b65-f021-467e-bd9f-27329134a743,0.14,false,false,near_mint,en,CAD,2024-10-06T17:41:37.001Z
Riders of Rohan Commander (Upgraded),deck,Lossarnach Captain,LTC,Tales of Middle-earth Commander,16,normal,rare,1,82839,08b78cd2-7c52-4dcd-b063-1ac5e96420d4,0.3,false,false,near_mint,en,CAD,2024-10-06T17:41:37.001Z
Riders of Rohan Commander (Upgraded),deck,Wayfarer's Bauble,LTC,Tales of Middle-earth Commander,290,normal,common,1,83189,7219d07d-56b3-4522-9552-7f290f2c2176,0.34,false,false,near_mint,en,CAD,2024-10-06T17:41:37.001Z
Riders of Rohan Commander (Upgraded),deck,Herald's Horn,LTC,Tales of Middle-earth Commander,280,normal,uncommon,1,83060,4c0d09ac-ef6e-4b66-9e47-59cc97dd7d6b,4.17,false,false,near_mint,en,CAD,2024-10-06T17:41:37.001Z
Riders of Rohan Commander (Upgraded),deck,Supreme Verdict,LTC,Tales of Middle-earth Commander,272,normal,rare,1,83354,a1cc1333-7eb3-48c4-99e7-0c138f2e088e,1.7,false,false,near_mint,en,CAD,2024-10-06T17:41:37.001Z
Riders of Rohan Commander (Upgraded),deck,Increasing Devotion,LTC,Tales of Middle-earth Commander,171,normal,rare,1,83502,ca0aaf39-0f4d-47c8-834e-f7974e316079,0.08,false,false,near_mint,en,CAD,2024-10-06T17:41:37.001Z
Riders of Rohan Commander (Upgraded),deck,Prince Imrahil the Fair,LTR,The Lord of the Rings: Tales of Middle-earth,219,normal,uncommon,1,83216,7d486def-7c3f-41e9-bb28-4582450a7b9e,0.01,false,false,near_mint,en,CAD,2024-10-06T17:41:37.001Z
Riders of Rohan Commander (Upgraded),deck,Frontline Medic,LTC,Tales of Middle-earth Commander,169,normal,rare,1,83009,3c7cfb4a-f4b5-4cb4-b0ed-13d29cf966a5,0.05,false,false,near_mint,en,CAD,2024-10-06T17:41:37.001Z
Riders of Rohan Commander (Upgraded),deck,Dearly Departed,LTC,Tales of Middle-earth Commander,165,normal,rare,1,83290,900a6221-9222-4645-94e7-1a0fcaf73aae,0.04,false,false,near_mint,en,CAD,2024-10-06T17:41:37.001Z
Riders of Rohan Commander (Upgraded),deck,Village Bell-Ringer,LTC,Tales of Middle-earth Commander,181,normal,common,1,83598,e62563c6-a7cd-40a9-afb8-14e49d4edb4a,0.07,false,false,near_mint,en,CAD,2024-10-06T17:41:37.001Z
Riders of Rohan Commander (Upgraded),deck,"Adeline, Resplendent Cathar",MOC,March of the Machine Commander,167,normal,rare,1,82001,dd95d377-a61e-4b62-a883-ed491c48da15,7.23,false,false,near_mint,en,CAD,2024-10-19T01:37:21.091Z
Riders of Rohan Commander (Upgraded),deck,Zealous Conscripts,LTC,Tales of Middle-earth Commander,231,normal,rare,1,83467,c1205f74-ffe3-401f-96ef-96f855b9ae67,0.16,false,false,near_mint,en,CAD,2024-10-06T17:41:37.001Z
Riders of Rohan Commander (Upgraded),deck,Sanctuary Lockdown,IKO,Ikoria: Lair of Behemoths,28,normal,uncommon,1,50049,1387b7be-f69e-4919-9070-a89654c656f3,0.01,false,false,near_mint,en,CAD,2024-10-06T17:47:03.976Z
Riders of Rohan Commander (Upgraded),deck,"Éowyn, Fearless Knight",LTR,The Lord of the Rings: Tales of Middle-earth,201,normal,rare,1,83391,adffb389-c9a3-41c4-b078-292a2bcf870d,0.18,false,false,near_mint,en,CAD,2024-02-03T21:28:35.979Z
Riders of Rohan Commander (Upgraded),deck,"Boromir, Gondor's Hope",LTC,Tales of Middle-earth Commander,49,normal,rare,1,83011,3c9b154f-808f-4338-ad95-a0a478460ad8,0.07,false,false,near_mint,en,CAD,2024-10-06T17:41:37.001Z
Riders of Rohan Commander (Upgraded),deck,Selfless Squire,LTC,Tales of Middle-earth Commander,176,normal,rare,1,83649,f5f2bffc-4a56-4558-91b4-d2d6a98b8d05,0.11,false,false,near_mint,en,CAD,2024-10-06T17:41:37.001Z
Riders of Rohan Commander (Upgraded),deck,Jeskai Banner,KTK,Khans of Tarkir,222,normal,common,1,13176,684dc050-a66b-4364-9880-56f383db6c0a,0.02,false,false,near_mint,en,CAD,2025-02-08T15:56:18.002Z
Riders of Rohan Commander (Upgraded),deck,Thought Vessel,LTC,Tales of Middle-earth Commander,287,normal,common,1,83132,62d4f5fe-d83d-4508-819b-57784ea44fa4,1.36,false,false,near_mint,en,CAD,2024-10-06T17:41:37.001Z
Riders of Rohan Commander (Upgraded),deck,Sunset Revelry,LTC,Tales of Middle-earth Commander,177,normal,uncommon,1,83381,a9601594-1efb-4cf7-ad94-76fe6ebfe8ad,0.07,false,false,near_mint,en,CAD,2024-10-06T17:41:37.001Z
Riders of Rohan Commander (Upgraded),deck,Sol Ring,LTC,Tales of Middle-earth Commander,284,normal,uncommon,1,83094,5805f64c-dd88-4e94-8f0a-a01dae67e3ba,1.36,false,false,near_mint,en,CAD,2024-10-06T17:41:37.001Z
Riders of Rohan Commander (Upgraded),deck,Terramorphic Expanse,LTC,Tales of Middle-earth Commander,337,normal,common,1,83251,84a12498-9c44-4178-a8fc-54d20014ba7a,0.14,false,false,near_mint,en,CAD,2024-10-06T17:41:37.001Z
Riders of Rohan Commander (Upgraded),deck,Coppercoat Vanguard,MAT,March of the Machine: The Aftermath,1,normal,uncommon,1,82639,d786f05d-78a2-41b6-a185-111e8c1b216b,0.14,false,false,near_mint,en,CAD,2024-10-19T01:37:21.091Z
Riders of Rohan Commander (Upgraded),deck,Plains,LTR,The Lord of the Rings: Tales of Middle-earth,263,normal,common,4,83106,5bb495cc-9908-455e-bec9-3993d595f4f9,0.01,false,false,near_mint,en,CAD,2024-10-06T17:41:37.001Z
Riders of Rohan Commander (Upgraded),deck,Island,LTR,The Lord of the Rings: Tales of Middle-earth,264,normal,common,3,83451,bbeca27a-6c5b-40b9-83a4-a3a2096ff6f8,0.01,false,false,near_mint,en,CAD,2024-10-06T17:41:37.001Z
Riders of Rohan Commander (Upgraded),deck,"Denethor, Stone Seer",LTC,Tales of Middle-earth Commander,20,normal,rare,1,83532,d32d3d8a-7450-4a29-abc7-f472426f0c28,0.01,false,false,near_mint,en,CAD,2024-10-06T17:41:37.001Z
Riders of Rohan Commander (Upgraded),deck,Professional Face-Breaker,PSNC,Streets of New Capenna Promos,116p,normal,rare,1,68565,05bf07aa-1dda-4628-8a4b-c40d13145a49,5.5,false,false,near_mint,en,CAD,2024-10-19T01:37:21.091Z
Riders of Rohan Commander (Upgraded),deck,Command Tower,LTC,Tales of Middle-earth Commander,301,normal,common,1,83079,5306a95e-fb18-463d-81a9-3c3b8121fc94,0.01,false,false,near_mint,en,CAD,2024-10-06T17:41:37.001Z
Riders of Rohan Commander (Upgraded),deck,"Théoden, King of Rohan",LTR,The Lord of the Rings: Tales of Middle-earth,233,normal,uncommon,1,83654,f6dcd1ca-4943-46e4-bb5d-c14949e21e23,0.01,false,false,near_mint,en,CAD,2024-10-06T17:41:37.001Z
Riders of Rohan Commander (Upgraded),deck,"Faramir, Steward of Gondor",LTC,Tales of Middle-earth Commander,54,normal,rare,1,83108,5c3e8a30-de2a-4d8f-a929-5abeaea2e65a,0.1,false,false,near_mint,en,CAD,2024-10-06T17:41:37.001Z
Riders of Rohan Commander (Upgraded),deck,Humble Defector,LTC,Tales of Middle-earth Commander,222,normal,uncommon,1,83403,b2317866-35b3-4348-a5d1-888ef8f9e2ac,0.07,false,false,near_mint,en,CAD,2024-10-06T17:41:37.001Z
Riders of Rohan Commander (Upgraded),deck,Bastion Protector,LTC,Tales of Middle-earth Commander,162,normal,rare,1,83651,f6859dfd-64aa-41e4-9b6b-e560af265e44,0.48,false,false,near_mint,en,CAD,2024-10-06T17:41:37.001Z
Riders of Rohan Commander (Upgraded),deck,Evolving Wilds,LTC,Tales of Middle-earth Commander,306,normal,common,1,83586,e24ec4c1-5a28-450d-8e37-62a154749ee6,0.05,false,false,near_mint,en,CAD,2024-10-06T17:41:37.001Z
Riders of Rohan Commander (Upgraded),deck,Port Town,LTC,Tales of Middle-earth Commander,323,normal,rare,1,83389,adce6d6b-9d68-4289-b5af-41a41f140d62,0.12,false,false,near_mint,en,CAD,2024-10-06T17:41:37.001Z
Riders of Rohan Commander (Upgraded),deck,Riders of Rohan,LTC,Tales of Middle-earth Commander,67,normal,rare,1,83602,e76a2b11-a087-42cf-8356-ef9edbac244a,0.05,false,false,near_mint,en,CAD,2024-10-06T17:41:37.001Z
Riders of Rohan Commander (Upgraded),deck,Marshal's Anthem,LTC,Tales of Middle-earth Commander,172,normal,rare,1,83482,c524688d-ec43-4665-a22b-c8efacb4be61,0.07,false,false,near_mint,en,CAD,2024-10-06T17:41:37.001Z
Riders of Rohan Commander (Upgraded),deck,Visions of Glory,LTC,Tales of Middle-earth Commander,182,normal,rare,1,82990,35b97bc8-f61d-4a3e-b6f0-361962fc2152,0.08,false,false,near_mint,en,CAD,2024-10-06T17:41:37.001Z
Riders of Rohan Commander (Upgraded),deck,Outlaws' Merriment,ELD,Throne of Eldraine,198,normal,mythic,1,46140,5d7585ab-a364-471c-8ef1-318e459b4020,0.27,false,false,near_mint,en,CAD,2024-10-06T17:47:03.976Z
Riders of Rohan Commander (Upgraded),deck,Rogue's Passage,LTC,Tales of Middle-earth Commander,326,normal,uncommon,1,83260,86438671-fdb8-4a82-b1e8-ef51fa4078df,0.31,false,false,near_mint,en,CAD,2024-10-06T17:41:37.001Z
Riders of Rohan Commander (Upgraded),deck,Throne of the High City,LTC,Tales of Middle-earth Commander,339,normal,rare,1,83462,bf43967f-756c-4e01-9fdc-7d4abdf4e9dd,0.08,false,false,near_mint,en,CAD,2024-10-06T17:41:37.001Z
Riders of Rohan Commander (Upgraded),deck,Swords to Plowshares,LTC,Tales of Middle-earth Commander,178,normal,uncommon,1,83488,c6563536-2751-4b09-8e28-23438eb32533,0.88,false,false,near_mint,en,CAD,2024-10-06T17:41:37.001Z
Riders of Rohan Commander (Upgraded),deck,Field of Ruin,LTC,Tales of Middle-earth Commander,308,normal,uncommon,1,83281,8d9d6a9d-18a3-4cc8-8276-29fb826ed1fa,0.07,false,false,near_mint,en,CAD,2024-10-06T17:41:37.001Z
Riders of Rohan Commander (Upgraded),deck,Grey Host Reinforcements,LTC,Tales of Middle-earth Commander,14,normal,rare,1,83217,7d72498c-7ac0-41f7-8f8a-47fda31d99e5,0.05,false,false,near_mint,en,CAD,2024-10-06T17:41:37.001Z
Riders of Rohan Commander (Upgraded),deck,Deranged Assistant,ISD,Innistrad,52,normal,common,1,18846,a4c03171-5ff0-4f79-bb03-16decf7d34ce,0.01,false,false,near_mint,en,CAD,2024-10-19T01:37:21.091Z
Riders of Rohan Commander (Upgraded),deck,Path to Exile,LTC,Tales of Middle-earth Commander,175,normal,uncommon,1,83095,58237803-5afc-445f-ba95-2233935fdac1,0.68,false,false,near_mint,en,CAD,2024-10-06T17:41:37.001Z
Riders of Rohan Commander (Upgraded),deck,Wind-Scarred Crag,LTC,Tales of Middle-earth Commander,344,normal,common,1,83417,b58b5cb6-828d-4d3c-a8d7-8947e87c4ff1,0.1,false,false,near_mint,en,CAD,2024-10-06T17:41:37.001Z
Riders of Rohan Commander (Upgraded),deck,Minas Tirith,LTR,The Lord of the Rings: Tales of Middle-earth,256,normal,rare,1,83408,b38b6760-616f-4b11-8ce7-ac1223c7fd53,2.72,false,false,near_mint,en,CAD,2024-10-06T17:47:03.976Z
Riders of Rohan Commander (Upgraded),deck,Talisman of Progress,LTC,Tales of Middle-earth Commander,286,normal,uncommon,1,83058,4c060c49-7bee-4f66-b053-df7db7cefaa7,0.34,false,false,near_mint,en,CAD,2024-10-06T17:41:37.001Z
Riders of Rohan Commander (Upgraded),deck,Flamerush Rider,LTC,Tales of Middle-earth Commander,216,normal,rare,1,83398,b0c33673-7fc8-40d2-9718-af234047df7f,0.07,false,false,near_mint,en,CAD,2024-10-06T17:41:37.001Z
Riders of Rohan Commander (Upgraded),deck,Arcane Signet,LTC,Tales of Middle-earth Commander,273,normal,common,1,83071,4e92354d-c203-41e1-822d-8263fadd9eb3,0.26,false,false,near_mint,en,CAD,2024-10-06T17:41:37.001Z
Riders of Rohan Commander (Upgraded),deck,"Aragorn, King of Gondor",LTC,Tales of Middle-earth Commander,5,foil,mythic,1,82907,1c7ac04c-8510-468b-aa6f-f249bde9ff87,0.88,false,false,near_mint,en,CAD,2024-10-06T17:41:37.001Z
Riders of Rohan Commander (Upgraded),deck,Mass Appeal,AVR,Avacyn Restored,66,normal,uncommon,1,18212,dfe9ae51-fd2b-45ca-a780-725f51f897b2,0.08,false,false,near_mint,en,CAD,2024-10-26T06:07:15.913Z
Riders of Rohan Commander (Upgraded),deck,Palace Jailer,LTC,Tales of Middle-earth Commander,174,normal,uncommon,1,82957,2bcaec9f-fab6-48a2-96d0-0eea7165c061,0.12,false,false,near_mint,en,CAD,2024-10-06T17:41:37.001Z
Riders of Rohan Commander (Upgraded),deck,Door of Destinies,LTC,Tales of Middle-earth Commander,277,normal,rare,1,83625,ef038cae-d00b-42f4-81ae-09929b05d881,7.47,false,false,near_mint,en,CAD,2024-10-06T17:41:37.001Z
Riders of Rohan Commander (Upgraded),deck,Sulfur Falls,LTC,Tales of Middle-earth Commander,333,normal,rare,1,83329,9ac747b1-db9a-463f-b222-cb46bb0a43f8,0.68,false,false,near_mint,en,CAD,2024-10-06T17:41:37.001Z
Riders of Rohan Commander (Upgraded),deck,Unbreakable Formation,LTC,Tales of Middle-earth Commander,179,normal,rare,1,83541,d5da52b2-cc09-49ac-8091-737f23a77165,0.14,false,false,near_mint,en,CAD,2024-10-06T17:41:37.001Z
Riders of Rohan Commander (Upgraded),deck,"Gilraen, Dúnedain Protector",LTC,Tales of Middle-earth Commander,13,normal,rare,1,82836,07efe592-5851-4577-b73f-0bb232feb68b,0.01,false,false,near_mint,en,CAD,2024-10-06T17:41:37.001Z
Riders of Rohan Commander (Upgraded),deck,Glacial Fortress,LTC,Tales of Middle-earth Commander,315,normal,rare,1,82996,381dee46-94c0-4b56-a752-fc0a1e651143,0.68,false,false,near_mint,en,CAD,2024-10-06T17:41:37.001Z
Riders of Rohan Commander (Upgraded),deck,Breath of Fury,RAV,Ravnica: City of Guilds,116,normal,rare,1,27894,dbef6f4a-f9a0-4a4c-b8a2-6c3a8fb7e14a,10.11,false,false,near_mint,en,CAD,2024-10-26T06:07:15.913Z
Riders of Rohan Commander (Upgraded),deck,Banishing Light,LTC,Tales of Middle-earth Commander,161,normal,uncommon,1,83315,961b1464-928e-41b9-bc73-c47df94e0e8e,0.04,false,false,near_mint,en,CAD,2024-10-06T17:41:37.001Z
Riders of Rohan Commander (Upgraded),deck,Fealty to the Realm,LTC,Tales of Middle-earth Commander,21,normal,rare,1,82818,017a5dbf-5773-448d-abf3-9a3d42bde9e5,0.05,false,false,near_mint,en,CAD,2024-10-06T17:41:37.001Z
Riders of Rohan Commander (Upgraded),deck,Prince Imrahil the Fair,LTR,The Lord of the Rings: Tales of Middle-earth,431,foil,uncommon,1,83349,a0c9c814-df6b-4b54-a233-9bed31009bed,0.07,false,false,near_mint,en,CAD,2024-10-07T02:41:04.998Z
Riders of Rohan Commander (Upgraded),deck,Mountain,LTR,The Lord of the Rings: Tales of Middle-earth,268,normal,common,3,83589,e3731001-4e6a-4a91-9e7d-fc2ea039a60b,0.01,false,false,near_mint,en,CAD,2024-10-06T17:41:37.001Z
Riders of Rohan Commander (Upgraded),deck,Champions of Minas Tirith,LTC,Tales of Middle-earth Commander,10,normal,rare,1,82983,34301efe-7085-476b-90e6-7ecd778b2970,0.15,false,false,near_mint,en,CAD,2024-10-06T17:41:37.001Z
Riders of Rohan Commander (Upgraded),deck,Combat Celebrant,LTC,Tales of Middle-earth Commander,212,normal,mythic,1,82846,0be1c60b-511b-4d88-93d3-7910c082245a,2.04,false,false,near_mint,en,CAD,2024-10-06T17:41:37.001Z
Riders of Rohan Commander (Upgraded),deck,Call for Aid,LTC,Tales of Middle-earth Commander,30,normal,rare,1,83184,7072b75a-64ab-4894-943e-fc0b779ca60e,0.07,false,false,near_mint,en,CAD,2024-10-06T17:41:37.001Z
Riders of Rohan Commander (Upgraded),deck,Lost to Legend,LTR,The Lord of the Rings: Tales of Middle-earth,22,normal,uncommon,1,83480,c4e40481-aeaa-4b3d-a020-e9b6d7c11992,0.01,false,false,near_mint,en,CAD,2024-10-06T17:41:37.001Z
Riders of Rohan Commander (Upgraded),deck,Horn of Gondor,LTR,The Lord of the Rings: Tales of Middle-earth,377,normal,rare,1,83628,f0b9ca30-c336-4977-91af-184ed98eea99,0.8,false,false,near_mint,en,CAD,2024-10-06T17:47:03.976Z
Riders of Rohan Commander (Upgraded),deck,Battlefield Forge,LTC,Tales of Middle-earth Commander,296,normal,rare,1,82871,13cac289-319c-49a7-ab7c-961e147026ea,1.02,false,false,near_mint,en,CAD,2024-10-06T17:41:37.001Z
Riders of Rohan Commander (Upgraded),deck,Devout Chaplain,AVR,Avacyn Restored,17,normal,uncommon,1,18261,84ceb7f1-14b7-4102-ade2-fbeb835d3804,0.14,false,false,near_mint,en,CAD,2024-10-06T17:47:03.976Z
Riders of Rohan Commander (Upgraded),deck,"Erkenbrand, Lord of Westfold",LTR,The Lord of the Rings: Tales of Middle-earth,123,normal,uncommon,1,82999,38f81e68-cddd-47f4-b1d1-a297c3298c25,0.01,false,false,near_mint,en,CAD,2024-10-06T17:41:37.001Z
Riders of Rohan Commander (Upgraded),deck,Commander's Sphere,LTC,Tales of Middle-earth Commander,276,normal,common,1,83147,6620b4a3-fa33-4bd7-9180-314919d8ea2a,0.04,false,false,near_mint,en,CAD,2024-10-06T17:41:37.001Z
Riders of Rohan Commander (Upgraded),deck,Forth Eorlingas!,LTC,Tales of Middle-earth Commander,56,normal,rare,1,82832,06c053d3-028e-4961-93a5-5b7bb5a8601c,6.79,false,false,near_mint,en,CAD,2024-10-06T17:41:37.001Z
Riders of Rohan Commander (Upgraded),deck,Oath of Eorl,LTC,Tales of Middle-earth Commander,64,normal,rare,1,82918,1ffc7f95-daed-452e-a114-859b8798055b,0.19,false,false,near_mint,en,CAD,2024-10-06T17:41:37.001Z
Riders of Rohan Commander (Upgraded),deck,Heirloom Blade,LTC,Tales of Middle-earth Commander,279,normal,uncommon,1,83370,a6463bdd-f9b3-46a6-9cb7-e1ba7e800b3c,0.07,false,false,near_mint,en,CAD,2024-10-06T17:41:37.001Z
Riders of Rohan Commander (Upgraded),deck,Weathered Wayfarer,LTC,Tales of Middle-earth Commander,183,normal,rare,1,83190,72277d98-f443-4a27-9804-f391b1fa71d7,1.13,false,false,near_mint,en,CAD,2024-10-06T17:41:37.001Z
Riders of Rohan Commander (Upgraded),deck,Path of Ancestry,LTC,Tales of Middle-earth Commander,322,normal,common,1,83545,d79e2780-94ae-41bb-af48-c63abc726fb5,0.14,false,false,near_mint,en,CAD,2024-10-06T17:41:37.001Z
Riders of Rohan Commander (Upgraded),deck,Prairie Stream,LTC,Tales of Middle-earth Commander,324,normal,rare,1,83327,9985b168-5c20-41ba-9ada-2b5e4710d48c,0.19,false,false,near_mint,en,CAD,2024-10-06T17:41:37.001Z
Riders of Rohan Commander (Upgraded),deck,Call the Coppercoats,C20,Commander 2020,23,normal,rare,1,50395,e11cb353-d864-4b22-bdaf-1d42c25f0918,3.42,false,false,near_mint,en,CAD,2024-10-26T06:07:15.913Z
Riders of Rohan Commander (Upgraded),deck,Taunt from the Rampart,LTC,Tales of Middle-earth Commander,71,normal,rare,1,83569,dd1eaa0e-060d-40f1-84c5-f7e8df2f824c,3.06,false,false,near_mint,en,CAD,2024-10-06T17:41:37.001Z
Riders of Rohan Commander (Upgraded),deck,Frontier Warmonger,LTC,Tales of Middle-earth Commander,217,normal,rare,1,82914,1ded4ab9-3068-4b7a-99f7-bb51bde5dbee,0.05,false,false,near_mint,en,CAD,2024-10-06T17:41:37.001Z
Riders of Rohan Commander (Upgraded),deck,Verge Rangers,LTC,Tales of Middle-earth Commander,180,normal,rare,1,83287,8f00f2a0-33a6-475b-9f50-2c4e26efadd8,0.12,false,false,near_mint,en,CAD,2024-10-06T17:41:37.001Z
Riders of Rohan Commander (Upgraded),deck,Gimli of the Glittering Caves,LTC,Tales of Middle-earth Commander,32,normal,rare,1,83103,5afc0319-9e17-4e81-a0b6-e76645bacb04,1.02,false,false,near_mint,en,CAD,2024-10-06T17:41:37.001Z
Morgan’s Cards,binder,"Gothmog, Morgul Lieutenant",LTR,The Lord of the Rings: Tales of Middle-earth,87,foil,uncommon,1,83353,a1c10e93-88eb-46b9-8adc-583661807990,0.01,false,false,near_mint,en,CAD,2024-02-03T21:28:35.979Z
Morgan’s Cards,binder,Gorbag of Minas Morgul,LTR,The Lord of the Rings: Tales of Middle-earth,86,foil,uncommon,1,83097,58aafdb6-1c8c-4fc4-a52e-3e601be7fb0c,0.05,false,false,near_mint,en,CAD,2024-02-03T21:28:35.979Z
Morgan’s Cards,binder,Forest,ORI,Magic Origins,269,normal,common,1,10673,b4ee8330-f1bf-460b-9345-00d08665e9cf,0.02,false,false,near_mint,en,CAD,2024-02-03T21:28:35.979Z
Morgan’s Cards,binder,Forest,ORI,Magic Origins,270,normal,common,1,10672,04dcdbcd-2c5e-4733-a4c4-c5a345e9206a,0.01,false,false,near_mint,en,CAD,2024-02-03T21:28:35.979Z
Morgan’s Cards,binder,Undercover Crocodelf,MKM,Murders at Karlov Manor,239,normal,common,1,90902,5bc669c8-6f39-4d52-82d3-a4005d41c8a5,0.01,false,false,near_mint,en,CAD,2024-02-13T02:39:19.392Z
Morgan’s Cards,binder,Cirith Ungol Patrol,LTR,The Lord of the Rings: Tales of Middle-earth,80,normal,common,1,83215,7cd03837-37cc-4f6c-8e22-e3b0ff635462,0.01,false,false,near_mint,en,CAD,2024-02-03T21:28:35.979Z
Morgan’s Cards,binder,Samwise the Stouthearted,LTR,The Lord of the Rings: Tales of Middle-earth,306,normal,uncommon,1,83041,44c6a273-9307-432a-96f5-3e536da70f95,0.01,false,false,near_mint,en,CAD,2024-02-03T21:28:35.979Z
Morgan’s Cards,binder,Vengeful Creeper,MKM,Murders at Karlov Manor,182,normal,common,1,90987,7a914416-effd-4eda-b609-2773c53a08ec,0.01,false,false,near_mint,en,CAD,2024-02-13T02:25:42.913Z
Morgan’s Cards,binder,Motivated Pony,LTC,Tales of Middle-earth Commander,42,normal,rare,1,83338,9be4f8b6-90ef-4c77-ae70-bffae229d243,0.06,false,false,near_mint,en,CAD,2024-02-03T21:28:35.979Z
Morgan’s Cards,binder,Swamp,LTR,The Lord of the Rings: Tales of Middle-earth,266,foil,common,2,82951,2a0fba6e-54d2-498c-83bc-41024307e608,0.02,false,false,near_mint,en,CAD,2024-02-03T21:28:35.979Z
Morgan’s Cards,binder,Realm Seekers,LTC,Tales of Middle-earth Commander,258,normal,rare,1,83365,a4c0f889-adcb-4947-830f-7fc6899575d4,0.06,false,false,near_mint,en,CAD,2024-02-03T21:28:35.979Z
Morgan’s Cards,binder,"Gollum, Patient Plotter",LTR,The Lord of the Rings: Tales of Middle-earth,84,normal,uncommon,1,83069,4ddda7d4-0226-404f-8418-f1f5720dcef8,0.01,false,false,near_mint,en,CAD,2024-02-03T21:28:35.979Z
Morgan’s Cards,binder,"Elrond, Master of Healing",LTR,The Lord of the Rings: Tales of Middle-earth,318,normal,rare,1,83047,476e2a30-4410-432d-9c8a-beaaa40220c1,0.1,false,false,near_mint,en,CAD,2024-02-03T21:28:35.979Z
Morgan’s Cards,binder,Samwise the Stouthearted,LTR,The Lord of the Rings: Tales of Middle-earth,449,foil,uncommon,1,82883,16891fb5-1388-465c-8d86-97de0ee94ef1,0.0,false,false,near_mint,en,CAD,2024-02-03T21:28:35.979Z
Morgan’s Cards,binder,Revive the Shire,LTR,The Lord of the Rings: Tales of Middle-earth,185,normal,common,1,83045,46b7f493-1b57-4b07-8510-30703282f879,0.01,false,false,near_mint,en,CAD,2024-02-03T21:28:35.979Z
Morgan’s Cards,binder,Patchwork Banner,BLB,Bloomburrow,247,normal,uncommon,1,96097,a8a982c8-bc08-44ba-b3ed-9e4b124615d6,3.09,false,false,near_mint,en,CAD,2024-08-17T03:05:20.857Z
Morgan’s Cards,binder,Subjugate the Hobbits,LTC,Tales of Middle-earth Commander,24,normal,rare,1,83128,6206d9f1-6a57-46a2-942f-6f20e33e5d6a,0.05,false,false,near_mint,en,CAD,2024-02-03T21:28:35.979Z
Morgan’s Cards,binder,"Bill Ferny, Bree Swindler",LTR,The Lord of the Rings: Tales of Middle-earth,42,foil,uncommon,1,82919,20ac63cb-fa4d-4340-8062-1029c8bd5ec8,0.01,false,false,near_mint,en,CAD,2024-02-03T21:28:35.979Z
Morgan’s Cards,binder,Eastfarthing Farmer,LTR,The Lord of the Rings: Tales of Middle-earth,8,foil,common,1,82944,26bb65ba-d605-4b79-a700-4a08ec5a90b4,0.01,false,false,near_mint,en,CAD,2024-02-03T21:28:35.979Z
Morgan’s Cards,binder,Pippin's Bravery,LTR,The Lord of the Rings: Tales of Middle-earth,182,normal,common,1,83453,bc60dc65-6813-4d57-877b-df195ed00d00,0.01,false,false,near_mint,en,CAD,2024-02-03T21:28:35.979Z
Morgan’s Cards,binder,Slime Against Humanity,MKM,Murders at Karlov Manor,177,normal,common,1,90698,1eb21318-d32e-4724-8908-c0d7613de2f4,2.68,false,false,near_mint,en,CAD,2024-02-13T02:39:19.392Z
Morgan’s Cards,binder,Orcish Medicine,LTR,The Lord of the Rings: Tales of Middle-earth,104,normal,common,1,83149,66fae9ab-2302-4dea-a4e8-701938a0ef09,0.01,false,false,near_mint,en,CAD,2024-02-03T21:28:35.979Z
Morgan’s Cards,binder,Ringwraiths,LTR,The Lord of the Rings: Tales of Middle-earth,284,normal,rare,1,82953,2a8495c3-96cf-40ab-b68a-1b5711b7659e,0.32,false,false,near_mint,en,CAD,2024-02-03T21:28:35.979Z
Morgan’s Cards,binder,Food,TLTR,Tales of Middle-earth Tokens,10,normal,common,2,83466,bfcff41e-b6ff-4ddd-bcb6-8943f7d88aef,0.15,false,false,near_mint,en,CAD,2024-02-03T03:53:47.879Z
Morgan’s Cards,binder,"Quickbeam, Upstart Ent",LTR,The Lord of the Rings: Tales of Middle-earth,183,normal,uncommon,1,83434,b889037f-b95f-4756-80aa-04097d2818c3,0.01,false,false,near_mint,en,CAD,2024-02-03T21:28:35.979Z
Morgan’s Cards,binder,"Frodo, Sauron's Bane",LTR,The Lord of the Rings: Tales of Middle-earth,304,normal,rare,1,83173,6d08e637-c2b3-4b38-9b07-5bba1f13efc3,0.01,false,false,near_mint,en,CAD,2024-02-03T21:28:35.979Z
Morgan’s Cards,binder,Trap the Trespassers,LTC,Tales of Middle-earth Commander,108,normal,rare,1,83497,c917a71e-59e5-41fa-a837-1fc9c56d01f3,0.04,false,false,near_mint,en,CAD,2024-02-03T21:28:35.979Z
Morgan’s Cards,binder,"Éomer, Marshal of Rohan",LTR,The Lord of the Rings: Tales of Middle-earth,120,normal,rare,1,82845,0bd31ce9-9551-4efe-8bd2-b97d8efbf75e,0.09,false,false,near_mint,en,CAD,2024-02-03T21:28:35.979Z
Morgan’s Cards,binder,"Frodo, Adventurous Hobbit",LTC,Tales of Middle-earth Commander,2,normal,mythic,1,82979,328df403-7428-4b17-bdd1-9759fc0f32d8,0.05,false,false,near_mint,en,CAD,2024-02-03T21:28:35.979Z
Morgan’s Cards,binder,Verge Rangers,LTC,Tales of Middle-earth Commander,180,normal,rare,1,83287,8f00f2a0-33a6-475b-9f50-2c4e26efadd8,0.01,false,false,near_mint,en,CAD,2024-02-03T21:28:35.979Z
Morgan’s Cards,binder,Gríma Wormtongue,LTR,The Lord of the Rings: Tales of Middle-earth,88,normal,uncommon,1,83283,8e3bd86b-e8ca-4885-a823-78fb967e6caf,0.01,false,false,near_mint,en,CAD,2024-02-03T21:28:35.979Z
Morgan’s Cards,binder,Elanor Gardner,LTR,The Lord of the Rings: Tales of Middle-earth,286,normal,rare,1,83124,6165eb73-49a8-4337-aa5d-7d9d48b916c9,0.5,false,false,near_mint,en,CAD,2024-02-03T21:28:35.979Z
Morgan’s Cards,binder,Nasty End,LTR,The Lord of the Rings: Tales of Middle-earth,99,normal,common,1,83477,c34f88d7-15a1-434f-88d7-3d4fcf406d54,0.06,false,false,near_mint,en,CAD,2024-02-03T03:08:55.003Z
Morgan’s Cards,binder,Press the Enemy,LTR,The Lord of the Rings: Tales of Middle-earth,352,normal,rare,1,82877,158662c6-04ee-4a79-9199-d0ba68c18650,0.03,false,false,near_mint,en,CAD,2024-02-03T21:28:35.979Z
Morgan’s Cards,binder,Earthquake,LTC,Tales of Middle-earth Commander,214,normal,rare,1,83630,f1030c6d-e6f4-42e0-84d3-d3916d7f397c,0.22,false,false,near_mint,en,CAD,2024-02-03T21:28:35.979Z
Morgan’s Cards,binder,Stalwarts of Osgiliath,LTR,The Lord of the Rings: Tales of Middle-earth,33,foil,common,1,82955,2acb8240-8e0e-4adf-a884-4986c116e704,0.01,false,false,near_mint,en,CAD,2024-02-03T21:28:35.979Z
Morgan’s Cards,binder,Dunland Crebain,LTR,The Lord of the Rings: Tales of Middle-earth,82,normal,common,1,83160,695c05ab-e46e-46c7-bd2e-ef0b2307e449,0.02,false,false,near_mint,en,CAD,2024-02-03T03:08:55.003Z
Morgan’s Cards,binder,"Sharkey, Tyrant of the Shire",LTR,The Lord of the Rings: Tales of Middle-earth,229,normal,rare,1,83584,e0e446bd-8295-4fca-957a-e4710a15d8e8,0.01,false,false,near_mint,en,CAD,2024-02-03T21:28:35.979Z
Morgan’s Cards,binder,"Gothmog, Morgul Lieutenant",LTR,The Lord of the Rings: Tales of Middle-earth,87,normal,uncommon,1,83353,a1c10e93-88eb-46b9-8adc-583661807990,0.03,false,false,near_mint,en,CAD,2024-02-03T03:08:55.003Z
Morgan’s Cards,binder,Swamp,ORI,Magic Origins,262,normal,common,1,10680,b56d4e89-93aa-4b1e-84f6-8addef529a3f,0.03,false,false,near_mint,en,CAD,2024-02-03T21:28:35.979Z
Morgan’s Cards,binder,Enraged Huorn,LTR,The Lord of the Rings: Tales of Middle-earth,162,normal,common,1,83383,a9b48836-6d37-46eb-8c41-a3eeecc72ae1,0.01,false,false,near_mint,en,CAD,2024-02-03T21:28:35.979Z
Morgan’s Cards,binder,Furtive Courier,MKM,Murders at Karlov Manor,59,normal,uncommon,1,90953,6f359fc2-b9e4-4a01-9d04-442bb160b01e,0.01,false,false,near_mint,en,CAD,2024-02-13T02:39:19.392Z
Morgan’s Cards,binder,Reasonable Doubt,MKM,Murders at Karlov Manor,69,normal,common,1,90732,270570a3-8637-4e4e-92d9-e985474cd5d2,0.01,false,false,near_mint,en,CAD,2024-02-13T02:39:19.392Z
Morgan’s Cards,binder,Mirrormere Guardian,LTR,The Lord of the Rings: Tales of Middle-earth,179,foil,common,1,83244,8315d7cc-fc2c-45b1-8340-11ff2af3beb5,0.01,false,false,near_mint,en,CAD,2024-02-03T21:28:35.979Z
Morgan’s Cards,binder,Food,TLTR,Tales of Middle-earth Tokens,9,normal,common,2,83127,61f04cd9-63ef-4dda-948a-0be76628900c,0.16,false,false,near_mint,en,CAD,2024-02-03T03:53:47.879Z
Morgan’s Cards,binder,Rubblebelt Maverick,MKM,Murders at Karlov Manor,174,normal,common,1,91011,81c7ff67-b9e1-4d2e-b1ae-da9b946da00b,0.03,false,false,near_mint,en,CAD,2024-02-13T02:39:19.392Z
Morgan’s Cards,binder,"Saradoc, Master of Buckland",LTR,The Lord of the Rings: Tales of Middle-earth,282,normal,rare,1,83372,a65a1fb5-cc2c-4556-b109-05c3d966ded9,0.01,false,false,near_mint,en,CAD,2024-02-03T21:28:35.979Z
Morgan’s Cards,binder,Fealty to the Realm,LTC,Tales of Middle-earth Commander,21,normal,rare,1,82818,017a5dbf-5773-448d-abf3-9a3d42bde9e5,0.02,false,false,near_mint,en,CAD,2024-02-03T21:28:35.979Z
Morgan’s Cards,binder,Mordor Muster,LTR,The Lord of the Rings: Tales of Middle-earth,96,normal,common,1,83385,aae2f15a-0629-453e-992c-a199af194a3c,0.01,false,false,near_mint,en,CAD,2024-02-03T21:28:35.979Z
Morgan’s Cards,binder,Swamp,LTR,The Lord of the Rings: Tales of Middle-earth,267,normal,common,2,83548,d86cd8fb-4ba7-4311-b0f3-b06fa112eda5,0.06,false,false,near_mint,en,CAD,2024-02-03T03:08:55.003Z
Morgan’s Cards,binder,Rangers of Ithilien,LTR,The Lord of the Rings: Tales of Middle-earth,66,normal,rare,1,83238,819b4208-7a29-41fa-947f-614bf669b300,0.01,false,false,near_mint,en,CAD,2024-02-03T21:28:35.979Z
Morgan’s Cards,binder,Travel Through Caradhras,LTC,Tales of Middle-earth Commander,44,normal,rare,1,83310,955058b2-9758-4797-8ffc-c5fbee619309,0.04,false,false,near_mint,en,CAD,2024-02-03T21:28:35.979Z
Morgan’s Cards,binder,Forest,LTR,The Lord of the Rings: Tales of Middle-earth,270,normal,common,3,83507,cbe793e4-c034-4a22-929d-d743c0255bf1,0.05,false,false,near_mint,en,CAD,2024-02-03T03:35:29.359Z
Morgan’s Cards,binder,"Sauron, the Necromancer",LTR,The Lord of the Rings: Tales of Middle-earth,106,normal,rare,1,82994,377d65d8-21c8-4292-97db-610e0173ba59,0.01,false,false,near_mint,en,CAD,2024-02-03T21:28:35.979Z
Morgan’s Cards,binder,Riders of Rohan,LTC,Tales of Middle-earth Commander,67,normal,rare,1,83602,e76a2b11-a087-42cf-8356-ef9edbac244a,0.06,false,false,near_mint,en,CAD,2024-02-03T21:28:35.979Z
Morgan’s Cards,binder,Bakersbane Duo,BLB,Bloomburrow,163,foil,common,1,96035,5309354f-1ff4-4fa9-9141-01ea2f7588ab,0.01,false,false,near_mint,en,CAD,2024-08-17T03:05:20.857Z
Morgan’s Cards,binder,Swamp,ORI,Magic Origins,261,normal,common,1,10681,e1ae0b13-c9f6-4659-ba85-a87a81f6e730,0.04,false,false,near_mint,en,CAD,2024-02-03T21:28:35.979Z
Morgan’s Cards,binder,Brandywine Farmer,LTR,The Lord of the Rings: Tales of Middle-earth,155,normal,common,1,82904,1c24b5fa-506d-4eaf-881b-bc282c74a16c,0.01,false,false,near_mint,en,CAD,2024-02-03T21:28:35.979Z
Morgan’s Cards,binder,Shire Scarecrow,LTR,The Lord of the Rings: Tales of Middle-earth,249,foil,common,1,83421,b60b4f2e-ff47-4762-a803-30e81b665c09,0.02,false,false,near_mint,en,CAD,2024-02-03T21:28:35.979Z
Morgan’s Cards,binder,Bewitching Leechcraft,LTR,The Lord of the Rings: Tales of Middle-earth,41,foil,common,1,83422,b612452e-b8a8-4a5a-82a8-01fd463cfc77,0.01,false,false,near_mint,en,CAD,2024-02-03T21:28:35.979Z
Morgan’s Cards,binder,Scavenger's Talent,BLB,Bloomburrow,111,normal,rare,1,96084,9a52b7fe-87ae-425b-85fd-b24e6e0395f1,4.04,false,false,near_mint,en,CAD,2024-08-17T03:05:20.857Z
Morgan’s Cards,binder,Errand-Rider of Gondor,LTR,The Lord of the Rings: Tales of Middle-earth,11,foil,common,2,83534,d3f990e7-54a3-4893-8510-645b2065447b,0.01,false,false,near_mint,en,CAD,2024-02-03T21:28:35.979Z
Morgan’s Cards,binder,Wose Pathfinder,LTR,The Lord of the Rings: Tales of Middle-earth,190,foil,common,1,83144,6589b339-9067-4e9b-bfdb-c49f8b3ef2d4,0.01,false,false,near_mint,en,CAD,2024-02-03T21:28:35.979Z
Morgan’s Cards,binder,Veteran Guardmouse,BLB,Bloomburrow,237,normal,common,1,95771,3db43c46-b616-4ef8-80ed-0fab345ab3d0,0.01,false,false,near_mint,en,CAD,2024-08-17T03:05:20.857Z
Morgan’s Cards,binder,"Elrond, Master of Healing",LTR,The Lord of the Rings: Tales of Middle-earth,200,normal,rare,1,83530,d26ffb2c-f7a5-4a4f-9b99-c8de9dfd49da,0.15,false,false,near_mint,en,CAD,2024-02-03T21:28:35.979Z
Morgan’s Cards,binder,Swamp,LTR,The Lord of the Rings: Tales of Middle-earth,277,normal,common,1,83535,d412d727-4fe8-4c21-a2cb-609395935dd8,0.13,false,false,near_mint,en,CAD,2024-02-03T21:28:35.979Z
Morgan’s Cards,binder,Rally at the Hornburg,LTR,The Lord of the Rings: Tales of Middle-earth,142,foil,common,1,83622,ee7292f7-1c7e-449c-9c52-7584d6a14c2c,0.03,false,false,near_mint,en,CAD,2024-02-03T21:28:35.979Z
Morgan’s Cards,binder,Hard-Hitting Question,MKM,Murders at Karlov Manor,164,normal,uncommon,1,91036,8ad807c2-14a7-4464-bf57-c323fb3c0bd0,0.03,false,false,near_mint,en,CAD,2024-02-13T02:39:19.392Z
Morgan’s Cards,binder,Lobelia Sackville-Baggins,LTR,The Lord of the Rings: Tales of Middle-earth,93,normal,rare,1,83263,87500b92-3d68-42f3-afa9-f8206b2ebcbb,0.07,false,false,near_mint,en,CAD,2024-02-03T21:28:35.979Z
Morgan’s Cards,binder,Bag End Porter,LTR,The Lord of the Rings: Tales of Middle-earth,153,foil,common,1,83427,b7557170-39a2-49df-823e-958c3eb34801,0.01,false,false,near_mint,en,CAD,2024-02-03T21:28:35.979Z
Morgan’s Cards,binder,Treasure,TLTR,Tales of Middle-earth Tokens,12,normal,common,1,83044,46a2c363-c879-4c36-b08a-dd57e3da19ae,0.28,false,false,near_mint,en,CAD,2024-02-03T03:53:47.879Z
Morgan’s Cards,binder,Thistledown Players,BLB,Bloomburrow,35,normal,common,1,95960,afa8d83f-8586-4127-8b55-9715e9547488,0.01,false,false,near_mint,en,CAD,2024-08-17T03:05:20.857Z
Morgan’s Cards,binder,Meriadoc Brandybuck,LTR,The Lord of the Rings: Tales of Middle-earth,314,foil,uncommon,1,83680,ff7cea33-4d46-450a-a54e-b8d70910eee8,0.01,false,false,near_mint,en,CAD,2024-02-03T21:28:35.979Z
Morgan’s Cards,binder,Sunshower Druid,BLB,Bloomburrow,195,normal,common,1,95630,7740abc5-54e1-478d-966e-0fa64e727995,0.01,false,false,near_mint,en,CAD,2024-08-17T03:05:20.857Z
Morgan’s Cards,binder,Trailblazer's Boots,LTR,The Lord of the Rings: Tales of Middle-earth,398,foil,rare,1,82991,36ee958c-ae8c-49bd-9d85-0128ca19901c,0.25,false,false,near_mint,en,CAD,2024-02-03T21:28:35.979Z
Morgan’s Cards,binder,Delighted Halfling,LTR,The Lord of the Rings: Tales of Middle-earth,158,normal,rare,1,83185,71384418-173a-4f77-adab-56e52fa23692,8.85,false,false,near_mint,en,CAD,2024-02-03T21:28:35.979Z
Morgan’s Cards,binder,"Denethor, Stone Seer",LTC,Tales of Middle-earth Commander,20,normal,rare,1,83532,d32d3d8a-7450-4a29-abc7-f472426f0c28,0.01,false,false,near_mint,en,CAD,2024-02-03T21:28:35.979Z
Morgan’s Cards,binder,Ballistic Boulder,TLTR,Tales of Middle-earth Tokens,8,normal,common,1,83438,b9d70342-9d3c-44cb-9026-db5e5941b9fc,0.05,false,false,near_mint,en,CAD,2024-02-03T03:53:47.879Z
Morgan’s Cards,binder,Elrond of the White Council,LTC,Tales of Middle-earth Commander,51,normal,rare,1,83063,4cdfb792-fe55-4aa0-88df-4296db794bc5,0.01,false,false,near_mint,en,CAD,2024-02-03T21:28:35.979Z
Morgan’s Cards,binder,Forest,LTR,The Lord of the Rings: Tales of Middle-earth,281,normal,common,1,83018,3efeaa30-9db9-4e68-a658-9064d6e67516,0.14,false,false,near_mint,en,CAD,2024-02-03T21:28:35.979Z
Morgan’s Cards,binder,Orc Army,TLTR,Tales of Middle-earth Tokens,5,normal,common,1,82965,2f8b43e8-dd89-452e-b572-8559e19fdea2,0.08,false,false,near_mint,en,CAD,2024-02-03T03:53:47.879Z
Morgan’s Cards,binder,"Meneldor, Swift Savior",LTR,The Lord of the Rings: Tales of Middle-earth,62,foil,uncommon,1,83131,62d2ee20-abbc-4a9d-8d30-4223242123e8,0.05,false,false,near_mint,en,CAD,2024-02-03T21:28:35.979Z
Morgan’s Cards,binder,"Gwaihir, Greatest of the Eagles",LTC,Tales of Middle-earth Commander,15,normal,rare,1,83339,9c17c3bb-aa20-43b0-8a28-b46a18b060ef,0.06,false,false,near_mint,en,CAD,2024-02-03T21:28:35.979Z
Morgan’s Cards,binder,Quaketusk Boar,BLB,Bloomburrow,146,normal,uncommon,1,95869,2f2b7fd3-a139-49ea-8a89-b64261e868ef,0.01,false,false,near_mint,en,CAD,2024-08-17T03:05:20.857Z
Morgan’s Cards,binder,Riftburst Hellion,MKM,Murders at Karlov Manor,228,normal,common,1,91081,9fae9044-a859-434d-8dc6-4f9d455ca5e1,0.01,false,false,near_mint,en,CAD,2024-02-13T02:39:19.392Z
Morgan’s Cards,binder,Bellowing Crier,BLB,Bloomburrow,42,normal,common,1,96119,ca2215dd-6300-49cf-b9b2-3a840b786c31,0.01,false,false,near_mint,en,CAD,2024-08-17T03:05:20.857Z
Morgan’s Cards,binder,Dreadful as the Storm,LTR,The Lord of the Rings: Tales of Middle-earth,48,foil,common,1,83425,b6e0b4ff-85b5-485f-a78f-1a58bb343238,0.01,false,false,near_mint,en,CAD,2024-02-03T21:28:35.979Z
Morgan’s Cards,binder,Human Soldier,TLTR,Tales of Middle-earth Tokens,1,normal,common,1,83561,dbab4309-daca-42d9-ad0b-0457717c4503,0.04,false,false,near_mint,en,CAD,2024-02-03T03:53:47.879Z
Morgan’s Cards,binder,Heaped Harvest,BLB,Bloomburrow,175,normal,common,1,96255,3b5349db-0e0a-4b15-886e-0db403ef49cb,0.01,false,false,near_mint,en,CAD,2024-08-17T03:05:20.857Z
Morgan’s Cards,binder,Tale of Tinúviel,LTR,The Lord of the Rings: Tales of Middle-earth,34,foil,uncommon,1,83330,9ae65f96-7bfd-4390-88bf-764c26bf4668,0.05,false,false,near_mint,en,CAD,2024-02-03T21:28:35.979Z
Morgan’s Cards,binder,Topiary Panther,MKM,Murders at Karlov Manor,179,normal,common,1,90623,03d0365e-6dee-4236-a997-6761e3cde90d,0.03,false,false,near_mint,en,CAD,2024-02-13T02:39:19.392Z
Morgan’s Cards,binder,Stew the Coneys,LTR,The Lord of the Rings: Tales of Middle-earth,189,normal,uncommon,1,83455,bcc7c41c-f416-457e-91ba-1f338f45eeac,0.04,false,false,near_mint,en,CAD,2024-02-03T03:35:29.359Z
Morgan’s Cards,binder,"Shelob, Child of Ungoliant",LTR,The Lord of the Rings: Tales of Middle-earth,230,normal,rare,1,83350,a14c4b29-3363-45ce-9190-0f79e1a0ef7f,0.25,false,false,near_mint,en,CAD,2024-02-03T21:28:35.979Z
Morgan’s Cards,binder,Flamerush Rider,LTC,Tales of Middle-earth Commander,216,normal,rare,1,83398,b0c33673-7fc8-40d2-9718-af234047df7f,0.05,false,false,near_mint,en,CAD,2024-02-03T21:28:35.979Z
Morgan’s Cards,binder,Lash of the Balrog,LTR,The Lord of the Rings: Tales of Middle-earth,92,normal,common,1,83236,812fee97-e145-4458-b495-bc6ad227335b,0.01,false,false,near_mint,en,CAD,2024-02-03T21:28:35.979Z
Morgan’s Cards,binder,"Boromir, Gondor's Hope",LTC,Tales of Middle-earth Commander,49,normal,rare,1,83011,3c9b154f-808f-4338-ad95-a0a478460ad8,0.04,false,false,near_mint,en,CAD,2024-02-03T21:28:35.979Z
Morgan’s Cards,binder,Gimli's Fury,LTR,The Lord of the Rings: Tales of Middle-earth,131,foil,common,1,83627,efde011d-8732-49b3-9204-8b114a3d81ba,0.01,false,false,near_mint,en,CAD,2024-02-03T21:28:35.979Z
Morgan’s Cards,binder,Deceive the Messenger,LTR,The Lord of the Rings: Tales of Middle-earth,47,foil,common,1,83406,b2984bc6-7c12-46e4-8dd3-b23e29a7a7ec,0.01,false,false,near_mint,en,CAD,2024-02-03T21:28:35.979Z
Morgan’s Cards,binder,Corsairs of Umbar,LTC,Tales of Middle-earth Commander,19,normal,rare,1,82878,159727a9-0bc4-497d-8fb2-4a66923726d8,0.05,false,false,near_mint,en,CAD,2024-02-03T21:28:35.979Z
Morgan’s Cards,binder,Unauthorized Exit,MKM,Murders at Karlov Manor,74,normal,common,1,91033,8a458474-d721-46d7-b487-6a47dc063cfd,0.01,false,false,near_mint,en,CAD,2024-02-13T02:39:19.392Z
Morgan’s Cards,binder,Wose Pathfinder,LTR,The Lord of the Rings: Tales of Middle-earth,190,normal,common,1,83144,6589b339-9067-4e9b-bfdb-c49f8b3ef2d4,0.02,false,false,near_mint,en,CAD,2024-02-03T03:35:29.359Z
Morgan’s Cards,binder,Galadhrim Bow,LTR,The Lord of the Rings: Tales of Middle-earth,167,normal,common,1,83340,9df34f21-798f-440d-8b09-ec5b5c0b8c12,0.03,false,false,near_mint,en,CAD,2024-02-03T03:35:29.359Z
Morgan’s Cards,binder,Archivist of Gondor,LTC,Tales of Middle-earth Commander,101,normal,rare,1,83562,dbe7ce78-3493-4cc5-87cf-095aae6d986b,0.07,false,false,near_mint,en,CAD,2024-02-03T21:28:35.979Z
Morgan’s Cards,binder,Sanitation Automaton,MKM,Murders at Karlov Manor,256,normal,common,1,90864,52608ba4-c47d-44e4-b624-dee2a3a42ae2,0.01,false,false,near_mint,en,CAD,2024-02-13T02:39:19.392Z
Morgan’s Cards,binder,"Legolas, Master Archer",LTR,The Lord of the Rings: Tales of Middle-earth,173,normal,rare,1,83379,a9405577-c1dc-48e0-b2aa-6237c569d02e,0.03,false,false,near_mint,en,CAD,2024-02-03T21:28:35.979Z
Morgan’s Cards,binder,Wear Down,BLB,Bloomburrow,203,normal,uncommon,1,95863,fded2b83-3b7d-4c8c-83c4-0624a1069628,0.07,false,false,near_mint,en,CAD,2024-08-17T03:05:20.857Z
Morgan’s Cards,binder,Grey Havens Navigator,LTR,The Lord of the Rings: Tales of Middle-earth,53,foil,common,1,83068,4dd89994-bdff-47ca-a65d-10afcc7e773e,0.01,false,false,near_mint,en,CAD,2024-02-03T21:28:35.979Z
Morgan’s Cards,binder,"Aragorn, Company Leader",LTR,The Lord of the Rings: Tales of Middle-earth,316,normal,rare,1,82872,142c3004-fe39-4ca3-bf14-f4af8b20fa80,0.03,false,false,near_mint,en,CAD,2024-02-03T21:28:35.979Z
Morgan’s Cards,binder,Swamp,LTR,The Lord of the Rings: Tales of Middle-earth,266,normal,common,3,82951,2a0fba6e-54d2-498c-83bc-41024307e608,0.05,false,false,near_mint,en,CAD,2024-02-03T03:08:55.003Z
Morgan’s Cards,binder,Hithlain Rope,LTC,Tales of Middle-earth Commander,486,normal,rare,1,86449,3cd9f826-e374-45b7-8125-d37a515f3d31,0.2,false,false,near_mint,en,CAD,2024-02-03T21:28:35.979Z
Morgan’s Cards,binder,Frontier Warmonger,LTC,Tales of Middle-earth Commander,217,normal,rare,1,82914,1ded4ab9-3068-4b7a-99f7-bb51bde5dbee,0.03,false,false,near_mint,en,CAD,2024-02-03T21:28:35.979Z
Morgan’s Cards,binder,Harsh Mentor,LTC,Tales of Middle-earth Commander,221,normal,rare,1,83609,e885d925-13d8-4615-aefa-b2629ffa83b6,0.05,false,false,near_mint,en,CAD,2024-02-03T21:28:35.979Z
Morgan’s Cards,binder,Bitter Downfall,LTR,The Lord of the Rings: Tales of Middle-earth,77,normal,uncommon,1,83593,e4b83aa1-33ce-4b8d-ae5a-72f64eef5f09,0.01,false,false,near_mint,en,CAD,2024-02-03T21:28:35.979Z
Morgan’s Cards,binder,Raccoon Rallier,BLB,Bloomburrow,148,normal,common,1,96104,b5b5180f-5a1c-4df8-9019-195e65a50ce3,0.01,false,false,near_mint,en,CAD,2024-08-17T03:05:20.857Z
Morgan’s Cards,binder,Uglúk of the White Hand,LTR,The Lord of the Rings: Tales of Middle-earth,235,foil,uncommon,1,83610,e914c7fc-be3c-4346-bf37-6e10f4998204,0.02,false,false,near_mint,en,CAD,2024-02-03T21:28:35.979Z
Morgan’s Cards,binder,They Went This Way,MKM,Murders at Karlov Manor,178,normal,common,1,91307,f4a31d4a-34bc-46b4-b20f-a5460191b35d,0.01,false,false,near_mint,en,CAD,2024-02-13T02:39:19.392Z
Morgan’s Cards,binder,"Radagast, Wizard of Wilds",LTC,Tales of Middle-earth Commander,66,normal,rare,1,83311,9573ee62-4fdf-4fca-90e2-10a7d8161764,0.04,false,false,near_mint,en,CAD,2024-02-03T21:28:35.979Z
Morgan’s Cards,binder,Assemble the Entmoot,LTC,Tales of Middle-earth Commander,36,normal,rare,2,83026,409c226b-ef01-4ccd-b23e-d94bdc1e4aa5,0.09,false,false,near_mint,en,CAD,2024-02-03T21:28:35.979Z
Morgan’s Cards,binder,"Legolas, Master Archer",LTR,The Lord of the Rings: Tales of Middle-earth,313,normal,rare,1,83252,84cea85e-dfcc-438e-8b24-4b2e251b86dc,0.1,false,false,near_mint,en,CAD,2024-02-03T21:28:35.979Z
Morgan’s Cards,binder,Peregrin Took,LTR,The Lord of the Rings: Tales of Middle-earth,181,normal,uncommon,1,83648,f5baee8d-88e7-4468-94a9-66ca8e2caf15,0.19,false,false,near_mint,en,CAD,2024-02-03T03:35:29.359Z
Morgan’s Cards,binder,Glorious Gale,LTR,The Lord of the Rings: Tales of Middle-earth,51,foil,common,1,83178,6e1057de-5710-415c-9a51-1d8bd86021a3,0.05,false,false,near_mint,en,CAD,2024-02-03T21:28:35.979Z
Morgan’s Cards,binder,Sail into the West,LTC,Tales of Middle-earth Commander,68,normal,rare,1,83405,b293d4cb-0920-46ef-bf4e-fc6a796df290,0.05,false,false,near_mint,en,CAD,2024-02-03T21:28:35.979Z
Morgan’s Cards,binder,Gravestone Strider,MKM,Murders at Karlov Manor,252,normal,common,1,90704,1f952d8d-c089-432c-822a-8ef1e605ae38,0.01,false,false,near_mint,en,CAD,2024-02-13T02:39:19.392Z
Morgan’s Cards,binder,Cease // Desist,MKM,Murders at Karlov Manor,246,normal,uncommon,1,91208,cb59130a-a134-4383-b983-e4b526d11fb4,0.03,false,false,near_mint,en,CAD,2024-02-13T02:39:19.392Z
Morgan’s Cards,binder,Galadhrim Guide,LTR,The Lord of the Rings: Tales of Middle-earth,168,foil,common,1,83642,f4603f59-f899-4caf-a874-bf234d2045fb,0.01,false,false,near_mint,en,CAD,2024-02-03T21:28:35.979Z
Morgan’s Cards,binder,Nimble Hobbit,LTR,The Lord of the Rings: Tales of Middle-earth,23,foil,common,1,83479,c4cd0756-7bf3-4cb6-9687-1f9346b0bb92,0.01,false,false,near_mint,en,CAD,2024-02-03T21:28:35.979Z
Morgan’s Cards,binder,"Gilraen, Dúnedain Protector",LTC,Tales of Middle-earth Commander,13,normal,rare,1,82836,07efe592-5851-4577-b73f-0bb232feb68b,0.07,false,false,near_mint,en,CAD,2024-02-03T21:28:35.979Z
Morgan’s Cards,binder,Fanatical Strength,MKM,Murders at Karlov Manor,310,normal,common,1,90739,28ee8b5b-ab55-4a26-9491-a0dc20cf54c8,0.01,false,false,near_mint,en,CAD,2024-02-13T02:39:19.392Z
Morgan’s Cards,binder,"Fangorn, Tree Shepherd",LTR,The Lord of the Rings: Tales of Middle-earth,166,normal,rare,1,82855,0fb0f946-2127-4aa3-88ac-9bd2e94d8983,0.04,false,false,near_mint,en,CAD,2024-02-03T21:28:35.979Z
Morgan’s Cards,binder,Forest,LTR,The Lord of the Rings: Tales of Middle-earth,271,normal,common,2,82833,07264de1-4322-4adb-8f08-c0aa236747c7,0.04,false,false,near_mint,en,CAD,2024-02-03T03:35:29.359Z
Morgan’s Cards,binder,Court of Ire,LTC,Tales of Middle-earth Commander,213,normal,rare,1,82874,14efb04a-67d0-4d48-b292-b211f9cf967c,0.02,false,false,near_mint,en,CAD,2024-02-03T21:28:35.979Z
Morgan’s Cards,binder,Forest,LTR,The Lord of the Rings: Tales of Middle-earth,271,foil,common,2,82833,07264de1-4322-4adb-8f08-c0aa236747c7,0.02,false,false,near_mint,en,CAD,2024-02-03T21:28:35.979Z
Morgan’s Cards,binder,Meriadoc Brandybuck,LTR,The Lord of the Rings: Tales of Middle-earth,177,normal,uncommon,1,83266,885a3277-ef10-4dcf-ac63-eb8971cd627c,0.05,false,false,near_mint,en,CAD,2024-02-03T03:35:29.359Z
Morgan’s Cards,binder,Chance-Met Elves,LTR,The Lord of the Rings: Tales of Middle-earth,157,foil,common,1,82843,0aa57431-39e2-4152-8a30-1c1e8faef153,0.01,false,false,near_mint,en,CAD,2024-02-03T21:28:35.979Z
Morgan’s Cards,binder,"Glóin, Dwarf Emissary",LTR,The Lord of the Rings: Tales of Middle-earth,132,normal,rare,1,83261,868a2aa7-bcaf-409b-8802-d00ee1f2ae77,0.1,false,false,near_mint,en,CAD,2024-02-03T21:28:35.979Z
Morgan’s Cards,binder,Agate-Blade Assassin,BLB,Bloomburrow,82,normal,common,1,96017,39ebb84a-1c52-4b07-9bd0-b360523b3a5b,0.01,false,false,near_mint,en,CAD,2024-08-17T03:05:20.857Z
Morgan’s Cards,binder,Knightfisher,BLB,Bloomburrow,55,normal,uncommon,1,95967,c7fb7f4f-2153-4527-8f11-adbf508d3533,0.01,false,false,near_mint,en,CAD,2024-08-17T03:05:20.857Z
Morgan’s Cards,binder,Isildur's Fateful Strike,LTR,The Lord of the Rings: Tales of Middle-earth,91,normal,rare,1,83057,4bf08071-fbf8-463e-9a57-59dbf0280dd8,0.01,false,false,near_mint,en,CAD,2024-02-03T21:28:35.979Z
Morgan’s Cards,binder,Plains,BLB,Bloomburrow,264,normal,common,1,95782,4f04188d-9a76-495d-b3a7-ee44810cf671,0.15,false,false,near_mint,en,CAD,2024-08-17T03:05:20.857Z
Morgan’s Cards,binder,Frontline Medic,LTC,Tales of Middle-earth Commander,169,normal,rare,1,83009,3c7cfb4a-f4b5-4cb4-b0ed-13d29cf966a5,0.03,false,false,near_mint,en,CAD,2024-02-03T21:28:35.979Z
Morgan’s Cards,binder,Pick Your Poison,MKM,Murders at Karlov Manor,170,normal,common,1,91312,f58cfb23-4d99-4133-bf4b-d7e7c7d17cea,0.19,false,false,near_mint,en,CAD,2024-02-13T02:39:19.392Z
Morgan’s Cards,binder,Morgul-Knife Wound,LTR,The Lord of the Rings: Tales of Middle-earth,98,foil,common,1,83102,5ae08177-48ee-4404-834d-d3cd7482ae81,0.02,false,false,near_mint,en,CAD,2024-02-03T21:28:35.979Z
Return to Ravnica (RTR),binder,Hussar Patrol,RTR,Return to Ravnica,169,normal,common,4,17253,dd775231-e1e0-41e2-ad9a-0726624f57f9,0.01,false,false,near_mint,en,CAD,2024-02-05T20:07:19.823Z
Return to Ravnica (RTR),binder,Blistercoil Weird,RTR,Return to Ravnica,211,normal,uncommon,1,17211,d2a8e716-ea33-4ae2-9ff8-5e78b0e50459,0.04,false,false,near_mint,en,CAD,2024-02-03T21:13:28.130Z
Return to Ravnica (RTR),binder,Codex Shredder,RTR,Return to Ravnica,228,normal,uncommon,1,17194,8f7b632b-ee20-4082-8376-1dae53f91b70,0.04,false,false,near_mint,en,CAD,2024-02-03T21:13:28.130Z
Return to Ravnica (RTR),binder,Fall of the Gavel,RTR,Return to Ravnica,161,normal,uncommon,1,17261,64f42848-963b-4b16-aeec-66d0f349758b,0.01,false,false,near_mint,en,CAD,2024-02-05T20:07:19.823Z
Return to Ravnica (RTR),binder,Golgari Longlegs,RTR,Return to Ravnica,216,normal,common,2,17206,d44058ba-3419-4777-8d59-05dea5e864e1,0.01,false,false,near_mint,en,CAD,2024-02-05T20:07:19.823Z
Return to Ravnica (RTR),binder,Heroes' Reunion,RTR,Return to Ravnica,168,normal,uncommon,1,17254,99b56515-f688-495c-b721-2b9abc6628c2,0.03,false,false,near_mint,en,CAD,2024-02-04T00:12:26.640Z
Return to Ravnica (RTR),binder,Common Bond,RTR,Return to Ravnica,151,normal,common,3,17271,59965953-1522-4103-9a6c-5534205d34d9,0.01,false,false,near_mint,en,CAD,2024-02-04T00:12:26.640Z
Return to Ravnica (RTR),binder,Vassal Soul,RTR,Return to Ravnica,224,normal,common,3,17198,dfc61748-029f-4bae-a7ec-e08b7059226d,0.01,false,false,near_mint,en,CAD,2024-02-03T21:13:28.130Z
Return to Ravnica (RTR),binder,Grisly Salvage,RTR,Return to Ravnica,165,normal,common,4,17257,dcb5eb2a-ae7a-4416-970c-6e9306689c88,0.17,false,false,near_mint,en,CAD,2024-02-03T21:13:28.130Z
Return to Ravnica (RTR),binder,Centaur's Herald,RTR,Return to Ravnica,118,normal,common,5,17304,08598b2b-6fd2-4a1d-8d74-7ca6d93ad382,0.01,false,false,near_mint,en,CAD,2024-02-06T17:53:00.867Z
Return to Ravnica (RTR),binder,Korozda Guildmage,RTR,Return to Ravnica,176,normal,uncommon,3,17246,761c16aa-d4a7-492d-9275-98d0e07de45a,0.03,false,false,near_mint,en,CAD,2024-02-03T21:13:28.130Z
Return to Ravnica (RTR),binder,Thrill-Kill Assassin,RTR,Return to Ravnica,81,normal,uncommon,2,17341,a9f32204-eda7-4184-92e5-9da8b15b2359,0.01,false,false,near_mint,en,CAD,2024-02-04T00:12:26.640Z
Return to Ravnica (RTR),binder,Sundering Growth,RTR,Return to Ravnica,223,normal,common,3,17199,14d5048e-cb76-48c4-8a95-70dcc14775f6,0.1,false,false,near_mint,en,CAD,2024-02-03T21:13:28.130Z
Return to Ravnica (RTR),binder,Rubbleback Rhino,RTR,Return to Ravnica,132,normal,common,5,17290,51daaf9b-d8a8-49a6-94e1-0c8be2c6188b,0.01,false,false,near_mint,en,CAD,2024-02-03T21:13:28.130Z
Return to Ravnica (RTR),binder,Rakdos Shred-Freak,RTR,Return to Ravnica,221,normal,common,1,17201,06899549-5534-4d11-86c1-afd1796e18b1,0.01,false,false,near_mint,en,CAD,2024-02-03T21:13:28.130Z
Return to Ravnica (RTR),binder,Chemister's Trick,RTR,Return to Ravnica,149,normal,common,4,17273,dbfc2748-351f-4b5d-8a7e-bc51851578bb,0.01,false,false,near_mint,en,CAD,2024-02-03T21:13:28.130Z
Return to Ravnica (RTR),binder,Teleportal,RTR,Return to Ravnica,202,normal,uncommon,4,17220,e438c718-ac18-45d5-824e-5b697c5f0692,0.01,false,false,near_mint,en,CAD,2024-02-03T21:13:28.130Z
Return to Ravnica (RTR),binder,Rakdos Ragemutt,RTR,Return to Ravnica,185,normal,uncommon,2,17237,bb36840a-3f85-4fca-87ab-379dfce8e542,0.03,false,false,near_mint,en,CAD,2024-02-05T20:07:19.823Z
Return to Ravnica (RTR),binder,Trestle Troll,RTR,Return to Ravnica,205,normal,common,4,17217,6d224279-83f3-4a29-9fd9-86b72407b87a,0.01,false,false,near_mint,en,CAD,2024-02-03T21:13:28.130Z
Return to Ravnica (RTR),binder,Golgari Decoy,RTR,Return to Ravnica,127,normal,uncommon,1,17295,511a42a8-71ce-476f-98fa-fc0dc822edcf,0.03,false,false,near_mint,en,CAD,2024-02-06T17:53:00.867Z
Return to Ravnica (RTR),binder,Rix Maadi Guildmage,RTR,Return to Ravnica,192,normal,uncommon,2,17230,eb737465-5de8-4015-befe-2bf386da2a89,0.01,false,false,near_mint,en,CAD,2024-02-03T21:13:28.130Z
Return to Ravnica (RTR),binder,Bellows Lizard,RTR,Return to Ravnica,88,normal,common,4,17334,5da4a644-9809-4591-9007-6b70b5f9d923,0.01,false,false,near_mint,en,CAD,2024-02-03T21:13:28.130Z
Return to Ravnica (RTR),binder,Axebane Stag,RTR,Return to Ravnica,116,normal,common,5,17306,bfce7c02-ccc3-44cd-8087-627eaa6a072e,0.01,false,false,near_mint,en,CAD,2024-02-06T17:53:00.867Z
Return to Ravnica (RTR),binder,Horncaller's Chant,RTR,Return to Ravnica,128,normal,common,7,17294,7b8d33ed-9ca2-41d1-ba35-fdeb5b88ad44,0.01,false,false,near_mint,en,CAD,2024-02-05T20:46:30.069Z
Return to Ravnica (RTR),binder,Drudge Beetle,RTR,Return to Ravnica,122,normal,common,4,17300,e4812e81-beca-4afc-b2f2-24d5ab27abff,0.01,false,false,near_mint,en,CAD,2024-02-06T17:53:00.867Z
Return to Ravnica (RTR),binder,Vitu-Ghazi Guildmage,RTR,Return to Ravnica,207,normal,uncommon,2,17215,e54f8e61-550f-4493-b8ba-65f81b2457d3,0.01,false,false,near_mint,en,CAD,2024-02-03T21:13:28.130Z
Return to Ravnica (RTR),binder,Stonefare Crocodile,RTR,Return to Ravnica,136,normal,common,6,17286,a2517d74-0589-49dc-88f1-1fc02b27bc9d,0.01,false,false,near_mint,en,CAD,2024-02-06T17:53:00.867Z
Return to Ravnica (RTR),binder,Search Warrant,RTR,Return to Ravnica,193,normal,common,3,17229,d55f625a-6e9e-40ba-ae46-cf6bafc0a41b,0.01,false,false,near_mint,en,CAD,2024-02-05T20:07:19.823Z
Return to Ravnica (RTR),binder,Korozda Monitor,RTR,Return to Ravnica,129,normal,common,2,17293,2f319d57-7a54-4b10-86d4-58d7b3994844,0.01,false,false,near_mint,en,CAD,2024-02-06T17:53:00.867Z
Return to Ravnica (RTR),binder,Frostburn Weird,RTR,Return to Ravnica,215,normal,common,1,17207,ba5a68d3-6bc9-4de8-bc06-e1106cf9b3d4,0.01,false,false,near_mint,en,CAD,2024-02-03T21:13:28.130Z
Return to Ravnica (RTR),binder,Seek the Horizon,RTR,Return to Ravnica,134,normal,uncommon,2,17288,b6f52ac7-933f-4b31-8576-338f5dcf4285,0.01,false,false,near_mint,en,CAD,2024-02-05T20:07:19.823Z
Return to Ravnica (RTR),binder,Gobbling Ooze,RTR,Return to Ravnica,126,normal,uncommon,2,17296,465d8a63-0ced-4aec-be34-2098b72c8af6,0.04,false,false,near_mint,en,CAD,2024-02-06T17:53:00.867Z
Return to Ravnica (RTR),binder,Tablet of the Guilds,RTR,Return to Ravnica,235,normal,uncommon,1,17187,6b006384-6fb6-4129-b1d2-7674d1141f8f,0.1,false,false,near_mint,en,CAD,2024-02-03T21:13:28.130Z
Return to Ravnica (RTR),binder,Traitorous Instinct,RTR,Return to Ravnica,109,normal,common,1,17313,d4456951-844a-4847-b933-c32cfafbfef0,0.01,false,false,near_mint,en,CAD,2024-02-03T21:13:28.130Z
Return to Ravnica (RTR),binder,Savage Surge,RTR,Return to Ravnica,133,normal,uncommon,3,17289,0fa74aae-e857-410c-8836-953c8623d0b0,0.01,false,false,near_mint,en,CAD,2024-02-05T20:46:30.069Z
Return to Ravnica (RTR),binder,Essence Backlash,RTR,Return to Ravnica,160,normal,common,4,17262,a98609dc-ea90-4c7e-a191-5e5d0ba16847,0.01,false,false,near_mint,en,CAD,2024-02-03T21:13:28.130Z
Return to Ravnica (RTR),binder,Nivix Guildmage,RTR,Return to Ravnica,182,normal,uncommon,3,17240,9d3fde47-8d9e-4a84-b8a5-dcfe0c1d443c,0.01,false,false,near_mint,en,CAD,2024-02-03T21:13:28.130Z
Return to Ravnica (RTR),binder,Chorus of Might,RTR,Return to Ravnica,119,normal,common,4,17303,214dc9c1-154d-4c35-845d-dd2928f1e142,0.01,false,false,near_mint,en,CAD,2024-02-05T20:46:30.069Z
Return to Ravnica (RTR),binder,Spawn of Rix Maadi,RTR,Return to Ravnica,199,normal,common,3,17223,6196e702-7f76-49db-8ee4-bd343359d498,0.01,false,false,near_mint,en,CAD,2024-02-05T20:07:19.823Z
Return to Ravnica (RTR),binder,Axebane Guardian,RTR,Return to Ravnica,115,normal,common,8,17307,725584fe-9e97-4020-89b1-5e5b45a5beb2,0.2,false,false,near_mint,en,CAD,2024-02-03T21:13:28.130Z
Return to Ravnica (RTR),binder,Sluiceway Scorpion,RTR,Return to Ravnica,198,normal,common,5,17224,7b6dbadf-a6f7-4876-9c3f-44e4a33b2bee,0.01,false,false,near_mint,en,CAD,2024-02-03T21:13:28.130Z
Return to Ravnica (RTR),binder,Gatecreeper Vine,RTR,Return to Ravnica,124,normal,common,1,17298,5dabcc2f-7536-44e3-a495-bbfc526fdc5d,0.14,false,false,near_mint,en,CAD,2024-02-06T17:53:00.867Z
Return to Ravnica (RTR),binder,New Prahv Guildmage,RTR,Return to Ravnica,181,normal,uncommon,3,17241,698b47d1-c72e-4dc3-b28b-7421e0163f22,0.01,false,false,near_mint,en,CAD,2024-02-03T21:13:28.130Z
Return to Ravnica (RTR),binder,Aerial Predation,RTR,Return to Ravnica,113,normal,common,5,17309,ec3c023c-037e-495a-b7df-32be42a75f36,0.01,false,false,near_mint,en,CAD,2024-02-05T20:46:30.069Z
Return to Ravnica (RTR),binder,Dramatic Rescue,RTR,Return to Ravnica,156,normal,common,5,17266,041afd23-1ecc-4cca-9244-fe42203ad689,0.01,false,false,near_mint,en,CAD,2024-02-04T00:12:26.640Z
Return to Ravnica (RTR),binder,Brushstrider,RTR,Return to Ravnica,117,normal,uncommon,1,17305,59bd1534-52d1-4946-b430-d26f039a9067,0.01,false,false,near_mint,en,CAD,2024-02-06T17:53:00.867Z
Return to Ravnica (RTR),binder,Archweaver,RTR,Return to Ravnica,114,normal,uncommon,2,17308,f99dc8ff-932c-4d56-9253-99ce9e145306,0.01,false,false,near_mint,en,CAD,2024-02-06T17:53:00.867Z
Return to Ravnica (RTR),binder,Dreg Mangler,RTR,Return to Ravnica,158,normal,uncommon,2,17264,28d42d6a-e9a0-449e-9b31-436c09b7c1ba,0.01,false,false,near_mint,en,CAD,2024-02-05T20:07:19.823Z
Return to Ravnica (RTR),binder,Skymark Roc,RTR,Return to Ravnica,196,normal,uncommon,4,17226,60601296-2229-4c48-94cc-1903926750ce,0.01,false,false,near_mint,en,CAD,2024-02-03T21:13:28.130Z
Return to Ravnica (RTR),binder,Paralyzing Grasp,RTR,Return to Ravnica,46,normal,common,1,17376,3dfd97b3-d83e-406f-af45-40eec6347462,0.01,false,false,near_mint,en,CAD,2024-02-03T21:13:28.130Z
Return to Ravnica (RTR),binder,Thoughtflare,RTR,Return to Ravnica,203,normal,uncommon,2,17219,d90514aa-e356-4502-9e0e-76ab7644a07a,0.01,false,false,near_mint,en,CAD,2024-02-03T21:13:28.130Z
Return to Ravnica (RTR),binder,Launch Party,RTR,Return to Ravnica,69,normal,common,3,17353,53f29821-902e-41bc-97a2-6fc7a710cbdb,0.01,false,false,near_mint,en,CAD,2024-02-03T23:41:58.677Z
Return to Ravnica (RTR),binder,Auger Spree,RTR,Return to Ravnica,144,normal,common,4,17278,9580a40b-b413-4f0d-9b38-13903a9d367d,0.01,false,false,near_mint,en,CAD,2024-02-03T21:13:28.130Z
Return to Ravnica (RTR),binder,Rakdos Ringleader,RTR,Return to Ravnica,186,normal,uncommon,1,17236,6b54fbe8-324a-4066-bed1-dda1dca319fc,0.01,false,false,near_mint,en,CAD,2024-02-05T20:07:19.823Z
Return to Ravnica (RTR),binder,Slime Molding,RTR,Return to Ravnica,135,normal,uncommon,2,17287,44a439e8-d586-4995-abfc-3dee5c860968,0.04,false,false,near_mint,en,CAD,2024-02-05T20:46:30.069Z
Return to Ravnica (RTR),binder,Oak Street Innkeeper,RTR,Return to Ravnica,131,normal,uncommon,1,17291,08274d1b-52b7-46c1-8f93-7631d2e21def,0.01,false,false,near_mint,en,CAD,2024-02-06T17:53:00.867Z
Return to Ravnica (RTR),binder,Urban Burgeoning,RTR,Return to Ravnica,138,normal,common,3,17284,393c230f-5bc3-4b71-b5ac-81d5ce227df5,0.01,false,false,near_mint,en,CAD,2024-02-05T20:46:30.069Z
Return to Ravnica (RTR),binder,Towering Indrik,RTR,Return to Ravnica,137,normal,common,4,17285,c6049e92-6c52-44be-a3c7-aa8e8bf9c10a,0.01,false,false,near_mint,en,CAD,2024-02-06T17:53:00.867Z
Return to Ravnica (RTR),binder,Lyev Skyknight,RTR,Return to Ravnica,179,normal,uncommon,4,17243,11cbeb3b-1579-4318-a024-4a2c06896eaf,0.01,false,false,near_mint,en,CAD,2024-02-03T21:13:28.130Z
Return to Ravnica (RTR),binder,Slitherhead,RTR,Return to Ravnica,222,normal,uncommon,1,17200,d9327905-a254-4885-8310-69fc153ec52f,0.07,false,false,near_mint,en,CAD,2024-02-05T20:07:19.823Z
Return to Ravnica (RTR),binder,Coursers' Accord,RTR,Return to Ravnica,154,normal,common,4,17268,f027ceb0-5d2b-4cf6-87ad-e6b9b1e20634,0.01,false,false,near_mint,en,CAD,2024-02-04T00:12:26.640Z
Return to Ravnica (RTR),binder,Druid's Deliverance,RTR,Return to Ravnica,123,normal,common,5,17299,83b35961-f4d5-4e14-a793-335147110627,0.08,false,false,near_mint,en,CAD,2024-02-03T21:13:28.130Z
Return to Ravnica (RTR),binder,Skull Rend,RTR,Return to Ravnica,195,normal,common,3,17227,1c8efb23-bac0-41d2-b4ee-27a6b1fe3134,0.01,false,false,near_mint,en,CAD,2024-02-05T20:07:19.823Z
Return to Ravnica (RTR),binder,Hellhole Flailer,RTR,Return to Ravnica,167,normal,uncommon,2,17255,4984a089-84af-4387-9a0d-819b119b5565,0.01,false,false,near_mint,en,CAD,2024-02-03T21:13:28.130Z
Magic 2014 (M14),binder,Volcanic Geyser,M14,Magic 2014,160,normal,uncommon,1,15891,3d2b0fdb-2209-4b98-87e1-1eb870706cec,0.01,false,false,near_mint,en,CAD,2024-02-03T21:13:28.130Z
Magic 2014 (M14),binder,Deathgaze Cockatrice,M14,Magic 2014,94,normal,common,2,15957,9f17b58c-9738-4cdb-a408-e1595c384b92,0.01,false,false,near_mint,en,CAD,2024-02-03T23:41:58.677Z
Magic 2014 (M14),binder,Voracious Wurm,M14,Magic 2014,200,normal,uncommon,1,15851,da15100b-2934-438c-9917-84ad8bdc4181,0.04,false,false,near_mint,en,CAD,2024-02-03T21:13:28.130Z
Magic 2014 (M14),binder,Giant Spider,M14,Magic 2014,175,normal,common,1,15876,253ebe04-9605-424e-8cff-51d3a54f91a7,0.01,false,false,near_mint,en,CAD,2024-02-06T17:53:00.867Z
Magic 2014 (M14),binder,Elvish Mystic,M14,Magic 2014,169,normal,common,1,15882,60d0e6a6-629a-45a7-bfcb-25ba7156788b,0.27,false,false,near_mint,en,CAD,2024-02-06T17:53:00.867Z
Magic 2014 (M14),binder,Deadly Recluse,M14,Magic 2014,168,normal,common,1,15883,c82cc190-7ec0-4493-b3dc-dad0cbffa2f8,0.05,false,false,near_mint,en,CAD,2024-02-06T17:53:00.867Z
Magic 2014 (M14),binder,Sliver Construct,M14,Magic 2014,218,normal,common,2,15833,3129645a-221c-4eb5-88fd-12cc742a1dfe,0.01,false,false,near_mint,en,CAD,2024-02-03T21:13:28.130Z
Magic 2014 (M14),binder,Brindle Boar,M14,Magic 2014,167,normal,common,2,15884,a30b4a78-afdd-4067-810e-1fa0ddf8fb0e,0.01,false,false,near_mint,en,CAD,2025-10-18T18:25:12.500Z
Magic 2014 (M14),binder,Dragon Hatchling,M14,Magic 2014,138,normal,common,2,15913,98f2e830-a8ef-4c91-978d-23b5f851edae,0.01,false,false,near_mint,en,CAD,2025-10-18T18:22:01.020Z
Magic 2014 (M14),binder,Woodborn Behemoth,M14,Magic 2014,203,normal,uncommon,1,15848,8c73dbf3-e68e-4f21-b6ca-94302bf5574c,0.01,false,false,near_mint,en,CAD,2024-02-03T21:13:28.130Z
Magic 2014 (M14),binder,Fog,M14,Magic 2014,171,normal,common,1,15880,8b55d04f-c52f-4b94-b25c-f5c7d8c1c18e,0.01,false,false,near_mint,en,CAD,2024-02-03T21:13:28.130Z
Magic 2014 (M14),binder,Advocate of the Beast,M14,Magic 2014,164,normal,common,5,15887,b1320400-5aa8-48d6-be84-197b4559456f,0.01,false,false,near_mint,en,CAD,2024-02-03T21:13:28.130Z
Magic 2014 (M14),binder,Encroaching Wastes,M14,Magic 2014,227,normal,uncommon,1,15824,1ad5a84b-ae9b-4ed1-a4de-b91bbf8ed0a5,0.07,false,false,near_mint,en,CAD,2024-02-03T21:13:28.130Z
Magic 2014 (M14),binder,Trollhide,M14,Magic 2014,197,normal,common,2,15854,08b9c400-dc8f-4fe6-a868-fdf0d247086a,0.01,false,false,near_mint,en,CAD,2024-02-03T21:13:28.130Z
Magic 2014 (M14),binder,Hunt the Weak,M14,Magic 2014,179,normal,common,1,15872,8f7a6df7-acfc-4047-b119-505f4277225c,0.01,false,false,near_mint,en,CAD,2024-02-05T20:07:19.823Z
Magic 2014 (M14),binder,Sporemound,M14,Magic 2014,196,normal,common,1,15855,2d256cd0-6fe9-4905-9886-fb1457292db5,0.19,false,false,near_mint,en,CAD,2024-02-06T17:53:00.867Z
Magic 2014 (M14),binder,Time Ebb,M14,Magic 2014,74,normal,common,1,15977,bf0c48f6-8b2e-4eff-aa1e-10e6ccae426a,0.01,false,false,near_mint,en,CAD,2024-02-03T21:13:28.130Z
Magic 2014 (M14),binder,Verdant Haven,M14,Magic 2014,199,normal,common,1,15852,f55e37e6-6f19-4dfa-bd13-6e261177c1cf,0.01,false,false,near_mint,en,CAD,2024-02-06T03:57:49.958Z
Magic 2014 (M14),binder,Rumbling Baloth,M14,Magic 2014,193,normal,common,1,15858,d8610ff1-064b-4c75-a8df-d3b076370d1e,0.03,false,false,near_mint,en,CAD,2024-02-06T17:53:00.867Z
Misc. Sets (<20 cards),binder,Wild Mongrel,ODY,Odyssey,283,normal,common,1,31894,5bb8dd5c-a79a-4afc-80b2-64645bb17a34,0.05,false,false,near_mint,en,CAD,2024-02-03T21:13:28.130Z
Misc. Sets (<20 cards),binder,Aftershock,TMP,Tempest,160,normal,common,1,36839,c91a26b2-03f8-43f0-a3a4-ff6c5a3690c4,0.05,false,false,near_mint,en,CAD,2024-02-03T21:13:28.130Z
Misc. Sets (<20 cards),binder,Greater Mossdog,MMA,Modern Masters,146,normal,common,1,16163,f98318dc-8ba5-4a33-b4a6-c36add8aa80e,0.03,false,false,near_mint,en,CAD,2024-02-06T18:12:23.263Z
Misc. Sets (<20 cards),binder,Strider Harness,SOM,Scars of Mirrodin,207,normal,common,1,20825,9d7b9e54-b3ef-44fb-9240-0d67c1c4b7f6,0.01,false,false,near_mint,en,CAD,2024-02-03T21:13:28.130Z
Misc. Sets (<20 cards),binder,Faceless Butcher,TOR,Torment,60,normal,common,1,31681,4073be21-c54a-4eee-9109-f3adfe757c4e,0.11,false,false,near_mint,en,CAD,2024-02-04T00:12:26.640Z
Misc. Sets (<20 cards),binder,Search for Tomorrow,TSP,Time Spiral,216,normal,common,1,26684,56f739e8-b4ba-426a-a159-0e0d5a0ebb6f,0.15,false,false,near_mint,en,CAD,2024-02-03T21:13:28.130Z
Misc. Sets (<20 cards),binder,Augur of Skulls,FUT,Future Sight,63,normal,common,1,26274,945404d5-9e44-45e7-84fd-5f8c893e7d27,0.19,false,false,near_mint,en,CAD,2024-02-04T00:12:26.640Z
Misc. Sets (<20 cards),binder,Dragon Hatchling,M13,Magic 2013,128,normal,common,1,17695,ed599d52-f2d9-4913-ad88-70f8aa4af7b9,0.01,false,false,near_mint,en,CAD,2024-02-03T21:13:28.130Z
Misc. Sets (<20 cards),binder,Dawntreader Elk,DKA,Dark Ascension,111,normal,common,1,18426,127c969b-1c9a-4265-af0e-5b9dbe136064,0.04,false,false,near_mint,en,CAD,2024-02-03T21:13:28.130Z
Misc. Sets (<20 cards),binder,Nantuko Shaman,MMA,Modern Masters,156,normal,common,1,16153,501e4cb0-121e-450e-b522-eed90a2e34cb,0.01,false,false,near_mint,en,CAD,2024-02-06T18:12:23.263Z
Misc. Sets (<20 cards),binder,Pouncing Jaguar,USG,Urza's Saga,269,normal,common,1,35699,d35ac6e5-3e46-4290-9683-51d6f54e4edf,0.09,false,false,near_mint,en,CAD,2024-02-03T21:13:28.130Z
Misc. Sets (<20 cards),binder,Sylvan Bounty,MMA,Modern Masters,165,normal,common,1,16144,2fed99a1-4cd6-40fc-8796-a92edc79bc76,0.01,false,false,near_mint,en,CAD,2024-02-05T20:07:19.823Z
Misc. Sets (<20 cards),binder,Executioner's Capsule,MMA,Modern Masters,83,normal,uncommon,1,16226,2a60afc2-d383-4a52-8a0e-0d9dc68fed03,0.05,false,false,near_mint,en,CAD,2024-02-03T21:13:28.130Z
Misc. Sets (<20 cards),binder,Sign in Blood,M11,Magic 2011,117,normal,common,1,21272,3705ee27-9725-42ee-8d3b-481cdb8c9250,0.34,false,false,near_mint,en,CAD,2024-02-04T00:12:26.640Z
Misc. Sets (<20 cards),binder,Necrogen Scudder,SOM,Scars of Mirrodin,71,normal,uncommon,1,20961,7d69c045-d705-478b-9e8f-272a24737225,0.01,false,false,near_mint,en,CAD,2024-02-04T00:12:26.640Z
Misc. Sets (<20 cards),binder,Giant Dustwasp,MMA,Modern Masters,145,normal,common,1,16164,f8c2033c-3be6-413f-93b9-a375af9b5cf1,0.01,false,false,near_mint,en,CAD,2024-02-06T18:12:23.263Z
Misc. Sets (<20 cards),binder,Horrible Hordes,MIR,Mirage,304,normal,uncommon,1,38286,cf04f2cd-d9f8-4e0c-adaf-6d38bc14dd7a,0.11,false,false,near_mint,en,CAD,2024-02-06T17:33:56.683Z
Misc. Sets (<20 cards),binder,Inner-Flame Acolyte,LRW,Lorwyn,181,normal,common,1,25261,f99a113a-013a-411b-9f16-975cebd5ea5f,0.05,false,false,near_mint,en,CAD,2024-02-03T21:13:28.130Z
Misc. Sets (<20 cards),binder,Bond Beetle,M13,Magic 2013,161,normal,common,1,17662,f341ed2c-353b-49a3-b200-94ae43cb8e24,0.01,false,false,near_mint,en,CAD,2024-02-06T17:53:00.867Z
Misc. Sets (<20 cards),binder,Orim's Thunder,APC,Apocalypse,15,normal,common,1,32441,d00bf192-4baf-46ba-947b-a22d07635b04,0.01,false,false,near_mint,en,CAD,2024-02-03T21:13:28.130Z
Misc. Sets (<20 cards),binder,Jilt,APC,Apocalypse,27,normal,common,1,32429,a010d2b1-960d-4032-a47a-61fe0998bee3,0.08,false,false,near_mint,en,CAD,2024-02-03T21:13:28.130Z
Misc. Sets (<20 cards),binder,Echoing Courage,MMA,Modern Masters,143,normal,common,1,16166,0b14c3cf-fb7b-4397-bb30-1efaf142959f,0.01,false,false,near_mint,en,CAD,2024-02-05T20:07:19.823Z
Misc. Sets (<20 cards),binder,Avacyn's Collar,DKA,Dark Ascension,145,normal,uncommon,1,18392,972e9a78-204b-4012-b394-b40fd0edac4c,0.01,false,false,near_mint,en,CAD,2024-02-03T21:13:28.130Z
Misc. Sets (<20 cards),binder,Probe,INV,Invasion,66,normal,common,1,33267,a2a58d18-3d52-4178-86b2-7590d4164e76,0.01,false,false,near_mint,en,CAD,2024-02-03T21:13:28.130Z
Misc. Sets (<20 cards),binder,Durkwood Baloth,MMA,Modern Masters,142,normal,common,1,16167,7d7c7dea-c73d-47ee-9119-5c8a4357d79e,0.01,false,false,near_mint,en,CAD,2024-02-03T21:13:28.130Z
Misc. Sets (<20 cards),binder,Hana Kami,MMA,Modern Masters,147,normal,common,1,16162,5afa824d-ad9b-44c1-9509-f9ecd34bde08,0.07,false,false,near_mint,en,CAD,2024-02-06T18:12:23.263Z
Misc. Sets (<20 cards),binder,Dismantling Blow,INV,Invasion,14,normal,common,1,33319,39514d54-cb6c-4b3b-a3be-46db991be4d4,0.09,false,false,near_mint,en,CAD,2024-02-03T21:13:28.130Z
Misc. Sets (<20 cards),binder,Arrogant Wurm,TOR,Torment,120,normal,uncommon,1,31621,11b849c7-c91d-4c67-a357-f7d17f9b187a,0.69,false,false,near_mint,en,CAD,2024-02-03T21:13:28.130Z
Misc. Sets (<20 cards),binder,Mindstorm Crown,MRD,Mirrodin,207,normal,uncommon,1,29838,347c1442-036b-43e7-9f86-b81a54d6bc41,0.04,false,false,near_mint,en,CAD,2024-02-03T21:13:28.130Z
Misc. Sets (<20 cards),binder,Heckling Fiends,DKA,Dark Ascension,92,normal,uncommon,1,18445,e9fd8895-9282-44d3-969f-b0529eb3bc07,0.01,false,false,near_mint,en,CAD,2024-02-03T21:13:28.130Z
Misc. Sets (<20 cards),binder,Search for Tomorrow,MMA,Modern Masters,161,normal,common,1,16148,a0383f8d-8b8a-4a6b-8756-b27d8351a856,0.22,false,false,near_mint,en,CAD,2024-02-05T20:07:19.823Z
Misc. Sets (<20 cards),binder,Peace Strider,CNS,Conspiracy,201,normal,uncommon,1,14219,6662566a-3745-4772-be42-c33754f0ad45,0.01,false,false,near_mint,en,CAD,2024-02-03T21:13:28.130Z
Misc. Sets (<20 cards),binder,Nightshade Peddler,AVR,Avacyn Restored,187,normal,common,1,18091,4d3de66c-2283-458f-9d0d-943027520aa2,0.01,false,false,near_mint,en,CAD,2024-02-03T21:13:28.130Z
Misc. Sets (<20 cards),binder,Darksteel Sentinel,SOM,Scars of Mirrodin,152,normal,uncommon,1,20880,768e9dde-59e5-4b50-9b38-b46e2a593107,0.01,false,false,near_mint,en,CAD,2024-02-03T21:13:28.130Z
Misc. Sets (<20 cards),binder,Iron Myr,SOM,Scars of Mirrodin,168,normal,common,1,20864,5bd0a588-b695-4060-b5d5-c6a74710ff0f,0.18,false,false,near_mint,en,CAD,2024-02-03T21:13:28.130Z
Misc. Sets (<20 cards),binder,Mortus Strider,RVR,Ravnica Remastered,203,normal,common,1,89728,67280eed-e4ed-4bbe-9829-24785ebe2ad0,0.01,false,false,near_mint,en,CAD,2025-10-19T01:43:34.550Z
Misc. Sets (<20 cards),binder,Twisted Abomination,SCG,Scourge,76,normal,common,1,30612,446e672f-87aa-4308-98bb-d00548c5bcef,0.03,false,false,near_mint,en,CAD,2024-02-03T23:41:58.677Z
Misc. Sets (<20 cards),binder,Neurok Replica,SOM,Scars of Mirrodin,186,normal,common,1,20846,4e32d5a8-0916-4728-9cb2-3903262bf873,0.01,false,false,near_mint,en,CAD,2024-02-03T21:13:28.130Z
Misc. Sets (<20 cards),binder,Sorin's Thirst,M12,Magic 2012,110,normal,common,1,19157,1f14a435-811d-4057-93a9-ce74aa852a09,0.01,false,false,near_mint,en,CAD,2024-02-03T23:41:58.677Z
Misc. Sets (<20 cards),binder,Wild Hunger,DKA,Dark Ascension,132,normal,common,1,18405,a564e8d4-4111-4d8e-897d-523bc4cfef94,0.01,false,false,near_mint,en,CAD,2024-02-06T03:57:49.958Z
Misc. Sets (<20 cards),binder,River Boa,VIS,Visions,118,normal,common,1,38055,2e9d5aaf-b7e8-4676-aec8-7d29a0169a2c,0.08,false,false,near_mint,en,CAD,2024-02-03T21:13:28.130Z
Misc. Sets (<20 cards),binder,Ring of Thune,M13,Magic 2013,213,normal,uncommon,1,17610,1ee2e94f-5b06-4df0-ba87-4499b1ee4dba,0.07,false,false,near_mint,en,CAD,2024-02-03T21:13:28.130Z
Misc. Sets (<20 cards),binder,Stinkdrinker Daredevil,MMA,Modern Masters,132,normal,common,1,16177,1527b360-2aa5-4680-89f0-4c9095afa3ef,0.1,false,false,near_mint,en,CAD,2024-02-03T21:13:28.130Z
Misc. Sets (<20 cards),binder,Uktabi Orangutan,VIS,Visions,123,normal,uncommon,1,38050,101c7d58-43cc-4ebd-87f1-2016fbff56dd,0.64,false,false,near_mint,en,CAD,2024-02-03T21:13:28.130Z
Misc. Sets (<20 cards),binder,Firebolt,ODY,Odyssey,193,normal,common,1,31984,d5e45005-dd81-4d80-b043-02f719aca929,0.04,false,false,near_mint,en,CAD,2024-02-03T21:13:28.130Z
Misc. Sets (<20 cards),binder,Citanul Woodreaders,MMA,Modern Masters,140,normal,common,1,16169,346cd5c0-f56f-4419-b9d2-478d8455f2b8,0.05,false,false,near_mint,en,CAD,2024-02-06T18:12:23.263Z
Misc. Sets (<20 cards),binder,Scorned Villager // Moonscarred Werewolf,DKA,Dark Ascension,125,normal,common,1,18412,6f35e364-81d9-4888-993b-acc7a53d963c,0.16,false,false,near_mint,en,CAD,2024-02-06T17:53:00.867Z
Misc. Sets (<20 cards),binder,Pristine Talisman,NPH,New Phyrexia,151,normal,common,1,19734,b31d96cf-7276-46c4-ad17-d6a5c85f1315,0.1,false,false,near_mint,en,CAD,2024-02-03T21:13:28.130Z
Misc. Sets (<20 cards),binder,Withstand Death,SOM,Scars of Mirrodin,134,normal,common,1,20898,b059cca0-2373-428b-a3a6-c8be5523c96f,0.13,false,false,near_mint,en,CAD,2024-02-05T20:46:30.069Z
Misc. Sets (<20 cards),binder,Reassembling Skeleton,DDK,Duel Decks: Sorin vs. Tibalt,44,normal,uncommon,1,16529,370d519c-8877-433c-837e-0b5abe866c9d,0.23,false,false,near_mint,en,CAD,2024-02-04T00:12:26.640Z
Misc. Sets (<20 cards),binder,Krosan Tusker,ONS,Onslaught,272,normal,common,1,31031,0b872f85-60c5-44c4-956d-a8aa8132908b,0.08,false,false,near_mint,en,CAD,2024-02-03T21:13:28.130Z
Misc. Sets (<20 cards),binder,Liliana's Specter,M11,Magic 2011,104,normal,common,1,21285,33122581-39fd-44a0-b928-f73e39a0c0f1,0.07,false,false,near_mint,en,CAD,2024-02-04T00:12:26.640Z
Misc. Sets (<20 cards),binder,Hunger of the Howlpack,DKA,Dark Ascension,119,normal,common,1,18418,b38a0dbc-3ebd-4f87-a5fb-bc2ee8a48a8d,0.01,false,false,near_mint,en,CAD,2024-02-05T20:46:30.069Z
Misc. Sets (<20 cards),binder,Crush Underfoot,MMA,Modern Masters,109,normal,common,1,16200,756025a8-1096-4e7c-bbfe-6237e4a76216,0.1,false,false,near_mint,en,CAD,2024-02-03T21:13:28.130Z
Misc. Sets (<20 cards),binder,Desperate Ritual,MMA,Modern Masters,110,normal,uncommon,1,16199,0827c728-5526-4abe-ad21-311594a0bc13,0.89,false,false,near_mint,en,CAD,2024-02-03T21:13:28.130Z
Misc. Sets (<20 cards),binder,Watchwolf,RAV,Ravnica: City of Guilds,239,normal,uncommon,1,27771,95e5828a-3e54-4b9c-9e84-21880930f2d5,0.13,false,false,near_mint,en,CAD,2024-02-03T21:13:28.130Z
Misc. Sets (<20 cards),binder,Bladebrand,RVR,Ravnica Remastered,68,normal,common,1,89855,ae6f6255-865a-45fa-811d-ce477df730f2,0.01,false,false,near_mint,en,CAD,2025-10-19T01:43:34.550Z
Misc. Sets (<20 cards),binder,Pyrokinesis,ATH,Anthologies,47,normal,uncommon,1,35571,69541e79-2e5c-4b47-96a3-e0db92d03959,0.4,false,false,near_mint,en,CAD,2024-02-03T21:13:28.130Z
Misc. Sets (<20 cards),binder,Rift Elemental,MMA,Modern Masters,127,normal,common,1,16182,d9015b8a-7070-40de-8baa-4b4002429e79,0.06,false,false,near_mint,en,CAD,2024-02-03T21:13:28.130Z
Misc. Sets (<20 cards),binder,Reckless Wurm,PLC,Planar Chaos,120,normal,uncommon,1,26414,17d4fd92-33d1-4f14-a4f4-7c7feaa18f93,0.09,false,false,near_mint,en,CAD,2024-02-03T21:13:28.130Z
Misc. Sets (<20 cards),binder,Lash Out,LRW,Lorwyn,183,normal,common,1,25259,de2c0c8b-5442-44fb-9686-d3dff5742501,0.03,false,false,near_mint,en,CAD,2024-02-03T21:13:28.130Z
Misc. Sets (<20 cards),binder,Ring of Xathrid,M13,Magic 2013,215,normal,uncommon,1,17608,47e2aa59-63dc-4e28-8cdc-2ca868ff8f59,0.19,false,false,near_mint,en,CAD,2024-02-03T21:13:28.130Z
Misc. Sets (<20 cards),binder,Sangrophage,TSP,Time Spiral,127,normal,common,1,26773,ab9abc52-76f6-4b1f-8602-2e5abdd23b6b,0.01,false,false,near_mint,en,CAD,2024-02-04T00:12:26.640Z
Misc. Sets (<20 cards),binder,Infest,ONS,Onslaught,157,normal,uncommon,1,31146,b7890ba2-aa42-4c8d-bbc1-94fb1d4150fc,0.09,false,false,near_mint,en,CAD,2024-02-04T00:12:26.640Z
Misc. Sets (<20 cards),binder,Blackmail,9ED,Ninth Edition,115,normal,uncommon,1,28248,053e7c76-16b7-44eb-9612-a6800ffb35f8,0.27,false,false,near_mint,en,CAD,2024-02-04T00:12:26.640Z
Misc. Sets (<20 cards),binder,Loyal Cathar // Unhallowed Cathar,DKA,Dark Ascension,13,normal,common,2,18524,cb09041b-4d09-4cae-9e85-b859edae885b,0.01,false,false,near_mint,en,CAD,2024-02-03T21:13:28.130Z
Misc. Sets (<20 cards),binder,Gravetiller Wurm,DKA,Dark Ascension,116,normal,uncommon,1,18421,66d9fe36-2eac-49e3-8f89-810009ba8a4b,0.04,false,false,near_mint,en,CAD,2024-02-06T17:53:00.867Z
Misc. Sets (<20 cards),binder,Dauthi Marauder,TMP,Tempest,123,normal,common,1,36876,ee847d84-ec8d-4ec3-8436-68d6f144e22f,0.01,false,false,near_mint,en,CAD,2024-02-04T00:12:26.640Z
Misc. Sets (<20 cards),binder,Dispeller's Capsule,MMA,Modern Masters,12,normal,common,1,16297,407b9797-fd17-4f40-8107-33512f6e8ab5,0.03,false,false,near_mint,en,CAD,2024-02-03T21:13:28.130Z
Misc. Sets (<20 cards),binder,Glimmerpoint Stag,CNS,Conspiracy,70,normal,uncommon,1,14350,c97a0c45-7aea-41e3-b633-b5f1518a1455,0.02,false,false,near_mint,en,CAD,2024-02-03T21:13:28.130Z
Misc. Sets (<20 cards),binder,Blade-Tribe Berserkers,SOM,Scars of Mirrodin,84,normal,common,1,20948,acd124bb-1ed1-469c-8527-d7261ea720b9,0.01,false,false,near_mint,en,CAD,2024-02-03T21:13:28.130Z
Misc. Sets (<20 cards),binder,Farhaven Elf,SHM,Shadowmoor,113,normal,common,1,24753,89d7ff79-779f-4fb1-a842-56ba38e80fdd,0.15,false,false,near_mint,en,CAD,2024-02-03T21:13:28.130Z
Misc. Sets (<20 cards),binder,Brindle Boar,M12,Magic 2012,167,normal,common,1,19100,fc780658-fc10-481e-8319-d44a644e8fe8,0.01,false,false,near_mint,en,CAD,2024-02-03T21:13:28.130Z
Misc. Sets (<20 cards),binder,Mudbutton Torchrunner,LRW,Lorwyn,185,normal,common,1,25257,50575eab-6c23-4f63-9667-458416c5caa5,0.03,false,false,near_mint,en,CAD,2024-02-03T21:13:28.130Z
Misc. Sets (<20 cards),binder,Greenseeker,TSP,Time Spiral,198,normal,common,1,26702,f2dfa231-349a-4dce-bed6-c82a136fe0a1,0.05,false,false,near_mint,en,CAD,2024-02-03T21:13:28.130Z
Misc. Sets (<20 cards),binder,Sylvok Lifestaff,SOM,Scars of Mirrodin,209,normal,common,1,20823,abbc5ae5-8e8b-4106-844f-2d49d2a51ed9,0.03,false,false,near_mint,en,CAD,2024-02-03T21:13:28.130Z
OTJ Draft Deck 10MAY2024,deck,Forest,OTJ,Outlaws of Thunder Junction,286,normal,common,1,93742,8e9ac507-7c8f-431f-8d1a-220ceeacf871,0.01,false,false,near_mint,en,CAD,2024-05-14T02:59:57.258Z
OTJ Draft Deck 10MAY2024,deck,Forest,M20,Core Set 2020,280,normal,common,8,45180,43e7e6ec-9bfe-4062-a538-2a748d2eed1f,0.03,false,false,near_mint,en,CAD,2024-02-08T07:15:33.039Z
OTJ Draft Deck 10MAY2024,deck,Corrupted Conviction,OTJ,Outlaws of Thunder Junction,84,foil,common,1,93235,8046f892-3317-4ef7-9cf7-97b9060540c8,0.04,false,false,near_mint,en,CAD,2024-05-14T02:59:57.258Z
OTJ Draft Deck 10MAY2024,deck,Freestrider Commando,OTJ,Outlaws of Thunder Junction,162,normal,common,1,93265,92762169-095e-46e2-82f6-5b2ff2232240,0.01,false,false,near_mint,en,CAD,2024-05-14T02:59:57.258Z
OTJ Draft Deck 10MAY2024,deck,Intrepid Stablemaster,OTJ,Outlaws of Thunder Junction,169,normal,uncommon,1,93153,4d6cdf2a-026a-41ba-87d9-8fcd8a67f06e,0.01,false,false,near_mint,en,CAD,2024-05-14T02:59:57.258Z
OTJ Draft Deck 10MAY2024,deck,Swamp,M20,Core Set 2020,272,normal,common,5,45188,6ba77dad-f157-4e31-9654-921967ea98c0,0.09,false,false,near_mint,en,CAD,2024-02-08T07:15:33.039Z
OTJ Draft Deck 10MAY2024,deck,Rise of the Varmints,OTJ,Outlaws of Thunder Junction,179,normal,uncommon,1,93423,f4e879d8-a058-48e8-9733-f58b1e0da4b9,0.01,false,false,near_mint,en,CAD,2024-05-14T02:59:57.258Z
OTJ Draft Deck 10MAY2024,deck,Giant Beaver,OTJ,Outlaws of Thunder Junction,165,foil,common,1,93263,919826a9-c427-42c6-8885-a87f0b6d2192,0.01,false,false,near_mint,en,CAD,2024-05-14T02:59:57.258Z
OTJ Draft Deck 10MAY2024,deck,Ankle Biter,OTJ,Outlaws of Thunder Junction,153,normal,common,1,93136,424972d6-3b2c-449b-b786-749a77020fa1,0.01,false,false,near_mint,en,CAD,2024-05-14T02:59:57.258Z
OTJ Draft Deck 10MAY2024,deck,Nezumi Linkbreaker,OTJ,Outlaws of Thunder Junction,96,normal,common,1,93207,6dd0095b-6136-4368-94cb-4c82621aaf37,0.01,false,false,near_mint,en,CAD,2024-05-14T02:59:57.258Z
OTJ Draft Deck 10MAY2024,deck,Rambling Possum,OTJ,Outlaws of Thunder Junction,176,normal,uncommon,1,93073,19d1e75f-0fee-4e07-9420-df771b696e85,0.01,false,false,near_mint,en,CAD,2024-05-14T02:59:57.258Z
OTJ Draft Deck 10MAY2024,deck,Mourner's Surprise,OTJ,Outlaws of Thunder Junction,94,normal,common,1,93274,980b0b68-7218-49c6-b6bf-022218f3abf4,0.01,false,false,near_mint,en,CAD,2024-05-14T02:59:57.258Z
OTJ Draft Deck 10MAY2024,deck,Patient Naturalist,OTJ,Outlaws of Thunder Junction,174,normal,common,1,93082,1dd17cea-9e8c-4dba-b6ab-a6b9de87a306,0.01,false,false,near_mint,en,CAD,2024-05-14T02:59:57.258Z
OTJ Draft Deck 10MAY2024,deck,Thornado,OTP,Breaking News,33,normal,uncommon,1,93255,8eb4b155-ddde-465d-bd2e-3b7eb32bc052,0.01,false,false,near_mint,en,CAD,2024-05-14T02:59:57.258Z
OTJ Draft Deck 10MAY2024,deck,Rakish Crew,OTJ,Outlaws of Thunder Junction,99,normal,uncommon,1,93215,70f64358-58db-40ab-90e8-6137c3bd0a29,0.03,false,false,near_mint,en,CAD,2024-05-14T02:59:57.258Z
OTJ Draft Deck 10MAY2024,deck,Greed's Gambit,BIG,The Big Score,8,normal,mythic,1,93649,5b60a1a6-b2ca-4dc2-a6d9-eff97092079a,0.07,false,false,near_mint,en,CAD,2024-05-14T02:59:57.258Z
OTJ Draft Deck 10MAY2024,deck,Drover Grizzly,OTJ,Outlaws of Thunder Junction,161,normal,common,1,93167,560062cd-34f8-4d30-9e25-099b03961724,0.01,false,false,near_mint,en,CAD,2024-05-14T02:59:57.258Z
OTJ Draft Deck 10MAY2024,deck,Swamp,ORI,Magic Origins,264,normal,common,1,10678,c617c618-8320-4f76-80a6-83581470dc13,0.01,false,false,near_mint,en,CAD,2024-08-05T20:27:52.731Z
OTJ Draft Deck 10MAY2024,deck,Vault Plunderer,OTJ,Outlaws of Thunder Junction,114,normal,common,1,93104,2e6bf35c-8763-47cc-ab2d-5dbabeb28072,0.01,false,false,near_mint,en,CAD,2024-05-14T02:59:57.258Z
OTJ Draft Deck 10MAY2024,deck,Goldvein Hydra,OTJ,Outlaws of Thunder Junction,167,foil,mythic,1,93378,de0e01e4-e143-47fd-8565-7b48219bb546,16.41,false,false,near_mint,en,CAD,2024-05-14T02:59:57.258Z
OTJ Draft Deck 10MAY2024,deck,Trash the Town,OTJ,Outlaws of Thunder Junction,186,normal,uncommon,1,93410,eda59f99-1d6d-4051-ac89-b7cbfa19262e,0.03,false,false,near_mint,en,CAD,2024-05-14T02:59:57.258Z
OTJ Draft Deck 10MAY2024,deck,Desperate Bloodseeker,OTJ,Outlaws of Thunder Junction,86,normal,common,1,93295,a59da027-b5dd-4920-b3a1-9da05fcb1977,0.01,false,false,near_mint,en,CAD,2024-05-14T02:59:57.258Z
OTJ Draft Deck 10MAY2024,deck,Overzealous Muscle,OTJ,Outlaws of Thunder Junction,97,normal,common,1,93353,ce57d977-e9c5-4ed1-915f-cdc90a54f8f8,0.01,false,false,near_mint,en,CAD,2024-05-14T02:59:57.258Z
OTJ Draft Deck 10MAY2024,deck,Shoot the Sheriff,OTJ,Outlaws of Thunder Junction,106,foil,uncommon,1,93063,180d6528-c524-4bb8-8a72-b3775cd2c177,0.07,false,false,near_mint,en,CAD,2024-05-14T02:59:57.258Z
OTJ Draft Deck 10MAY2024,deck,Ankle Biter,OTJ,Outlaws of Thunder Junction,153,foil,common,1,93136,424972d6-3b2c-449b-b786-749a77020fa1,0.01,false,false,near_mint,en,CAD,2024-05-14T02:59:57.258Z
OTJ Draft Deck 10MAY2024,deck,Pillage the Bog,OTJ,Outlaws of Thunder Junction,224,normal,rare,1,93436,fa3b415f-7901-4ab4-84fe-60b90d40ac90,3.4,false,false,near_mint,en,CAD,2024-05-14T02:59:57.258Z
OTJ Draft Deck 10MAY2024,deck,Lively Dirge,OTJ,Outlaws of Thunder Junction,93,normal,uncommon,1,93038,0c35a0d3-12f7-46f3-a6b3-02a490d45ca0,0.15,false,false,near_mint,en,CAD,2024-05-14T02:59:57.258Z
OTJ Draft Deck 10MAY2024,deck,Voracious Varmint,OTJ,Outlaws of Thunder Junction,188,normal,common,1,93279,99b74fa3-c1d7-4780-977d-f2d6663a529a,0.01,false,false,near_mint,en,CAD,2024-05-14T02:59:57.258Z
OTJ Draft Deck 10MAY2024,deck,Swamp,ORI,Magic Origins,263,normal,common,1,10679,a63b7238-ebdc-4dd8-b799-1ca33c14163b,0.04,false,false,near_mint,en,CAD,2024-08-05T20:27:52.731Z
Dragon’s Maze (DGM),binder,Thrashing Mossdog,DGM,Dragon's Maze,50,normal,common,2,16415,ffd0d63a-d947-4ce4-8e34-5c1521955b18,0.01,false,false,near_mint,en,CAD,2024-02-06T18:12:23.263Z
Dragon’s Maze (DGM),binder,Maw of the Obzedat,DGM,Dragon's Maze,83,normal,uncommon,1,16382,cd1131c6-04da-4c4d-ab61-874ac5be7087,0.01,false,false,near_mint,en,CAD,2024-02-04T00:12:26.640Z
Dragon’s Maze (DGM),binder,Drown in Filth,DGM,Dragon's Maze,67,normal,common,3,16398,22feacda-01e0-4f0d-a3c7-a22e3d40bf4e,0.01,false,false,near_mint,en,CAD,2024-02-03T21:13:28.130Z
Dragon’s Maze (DGM),binder,Morgue Burst,DGM,Dragon's Maze,86,normal,common,1,16379,7b3c2909-87ab-4027-9b56-58a2abae3fa3,0.01,false,false,near_mint,en,CAD,2024-02-05T20:07:19.823Z
Dragon’s Maze (DGM),binder,Dimir Cluestone,DGM,Dragon's Maze,138,normal,common,1,16327,0d8ac24f-3309-453a-b2d6-6363df9a1ddd,0.05,false,false,near_mint,en,CAD,2024-02-03T21:13:28.130Z
Dragon’s Maze (DGM),binder,Gruul War Chant,DGM,Dragon's Maze,75,normal,uncommon,2,16390,df383a6a-5eb1-48e8-a5f3-f4731ddb871b,0.05,false,false,near_mint,en,CAD,2024-02-03T21:13:28.130Z
Dragon’s Maze (DGM),binder,Restore the Peace,DGM,Dragon's Maze,97,normal,uncommon,1,16368,105902f6-99d0-4bee-9dfd-87a92ac04d91,0.01,false,false,near_mint,en,CAD,2024-02-05T20:07:19.823Z
Dragon’s Maze (DGM),binder,Korozda Gorgon,DGM,Dragon's Maze,78,normal,uncommon,1,16387,7006e5b9-d6a3-43ce-904b-b2ac0fea67e5,0.01,false,false,near_mint,en,CAD,2024-02-05T20:07:19.823Z
Dragon’s Maze (DGM),binder,Blast of Genius,DGM,Dragon's Maze,55,normal,uncommon,2,16410,b2ff592c-bd35-4947-ba17-8b6170d5388e,0.01,false,false,near_mint,en,CAD,2024-02-03T21:13:28.130Z
Dragon’s Maze (DGM),binder,Gleam of Battle,DGM,Dragon's Maze,73,normal,uncommon,1,16392,e5f0feef-1a71-4c8c-9fd1-f5cbe718a988,0.16,false,false,near_mint,en,CAD,2024-02-04T00:12:26.640Z
Dragon’s Maze (DGM),binder,Maze Behemoth,DGM,Dragon's Maze,43,normal,common,2,16422,0a7c9678-dea7-4219-bac0-9e1cef531f54,0.01,false,false,near_mint,en,CAD,2024-02-06T18:12:23.263Z
Dragon’s Maze (DGM),binder,Haunter of Nightveil,DGM,Dragon's Maze,76,normal,uncommon,1,16389,438683f5-adfa-42ae-a6fb-c4649a8a30ab,0.01,false,false,near_mint,en,CAD,2024-02-04T00:12:26.640Z
Dragon’s Maze (DGM),binder,Mending Touch,DGM,Dragon's Maze,44,normal,common,1,16421,c042c7ee-0e74-4ca5-bbb9-2898b0576f0a,0.01,false,false,near_mint,en,CAD,2024-02-05T20:46:30.069Z
Dragon’s Maze (DGM),binder,Unflinching Courage,DGM,Dragon's Maze,111,normal,uncommon,2,16354,35952c24-d728-4ec6-b0d1-b8183a18554a,0.11,false,false,near_mint,en,CAD,2024-02-04T00:12:26.640Z
Dragon’s Maze (DGM),binder,Debt to the Deathless,DGM,Dragon's Maze,64,normal,uncommon,1,16401,610e5a91-857b-4121-8b75-dbbea27aa0aa,0.3,false,false,near_mint,en,CAD,2024-02-04T00:12:26.640Z
Dragon’s Maze (DGM),binder,Jelenn Sphinx,DGM,Dragon's Maze,77,normal,uncommon,1,16388,533c89eb-d7c6-4945-9689-2f2c0e428b84,0.01,false,false,near_mint,en,CAD,2024-02-05T20:07:19.823Z
Dragon’s Maze (DGM),binder,Kraul Warrior,DGM,Dragon's Maze,42,normal,common,2,16423,f71da8cc-8773-4dcb-aca8-50a000142218,0.01,false,false,near_mint,en,CAD,2024-02-06T18:12:23.263Z
Dragon’s Maze (DGM),binder,Pilfered Plans,DGM,Dragon's Maze,90,normal,common,1,16375,3475fcc6-ee53-48da-89d2-80685a584e6a,0.01,false,false,near_mint,en,CAD,2024-02-03T21:13:28.130Z
Dragon’s Maze (DGM),binder,Azorius Cluestone,DGM,Dragon's Maze,136,normal,common,1,16329,09eeb301-bc28-4515-ad69-0b1b5164a5bc,0.01,false,false,near_mint,en,CAD,2024-02-03T21:13:28.130Z
Dragon’s Maze (DGM),binder,Species Gorger,DGM,Dragon's Maze,105,normal,uncommon,1,16360,e0087a98-55cf-4c8b-a180-fb0d9c336eb2,0.03,false,false,near_mint,en,CAD,2024-02-04T00:12:26.640Z
Dragon’s Maze (DGM),binder,Deputy of Acquittals,DGM,Dragon's Maze,65,normal,common,1,16400,4b555888-21b1-4c45-966d-d98f32460d4e,0.01,false,false,near_mint,en,CAD,2024-02-05T20:07:19.823Z
Dragon’s Maze (DGM),binder,Simic Cluestone,DGM,Dragon's Maze,145,normal,common,1,16320,e3c47552-afed-463d-bd24-13eb1cd724fc,0.01,false,false,near_mint,en,CAD,2024-02-03T21:13:28.130Z
Dragon’s Maze (DGM),binder,Gruul Cluestone,DGM,Dragon's Maze,140,normal,common,1,16325,bc47d1fe-8ab2-42f6-bcab-4bc2084ceba7,0.01,false,false,near_mint,en,CAD,2024-02-03T21:13:28.130Z
Bulk Tokens,binder,Wurm,TDSC,Duskmourn Commander Tokens,19,normal,common,3,99157,54d5e60d-559d-49e0-a65e-80db721b142a,,false,false,near_mint,en,CAD,2024-10-26T18:10:05.444Z
Bulk Tokens,binder,Skeleton Pirate,TLCI,The Lost Caverns of Ixalan Tokens,8,foil,common,1,88380,2ec83fe2-173b-4aa6-bfa1-892b092bd1f6,,false,false,near_mint,en,CAD,2024-08-05T21:33:49.571Z
Bulk Tokens,binder,Beast,TDSC,Duskmourn Commander Tokens,8,normal,common,1,99385,e4c8e748-ab07-40d5-bd5c-a47a87be5a8c,,false,false,near_mint,en,CAD,2024-10-26T18:10:05.444Z
Bulk Tokens,binder,The Ring // The Ring Tempts You,TLTR,Tales of Middle-earth Tokens,H13,normal,common,1,82677,7215460e-8c06-47d0-94e5-d1832d0218af,0.01,false,false,near_mint,en,CAD,2024-12-21T17:35:11.320Z
Bulk Tokens,binder,Bat,TBIG,The Big Score Tokens,1,normal,common,1,93644,59f138e5-501d-486f-b9a0-3f37640398a0,0.01,false,false,near_mint,en,CAD,2024-08-05T21:33:49.571Z
Bulk Tokens,binder,Detective,TMKM,Murders at Karlov Manor Tokens,10,normal,common,2,90767,30a109aa-99d4-4cfe-a9b1-1b40db5b7885,0.01,false,false,near_mint,en,CAD,2024-08-05T21:33:49.571Z
Bulk Tokens,binder,Zombie,TMID,Innistrad: Midnight Hunt Tokens,5,normal,common,1,63820,6adb8607-1066-451d-a719-74ad32358278,0.14,false,false,near_mint,en,CAD,2024-08-05T21:33:49.571Z
Bulk Tokens,binder,Goblin,TFDN,Foundations Tokens,18,normal,common,2,101544,70f8a1de-cd4c-4afa-bf03-0245d375d42e,,false,false,near_mint,en,CAD,2024-12-02T02:34:24.511Z
Bulk Tokens,binder,Food,TFDN,Foundations Tokens,22,normal,common,1,101542,6f1077f8-9e2a-4155-a7f0-4604bc0f94e8,,false,false,near_mint,en,CAD,2024-12-02T02:34:24.511Z
Bulk Tokens,binder,Map,TLCI,The Lost Caverns of Ixalan Tokens,17,normal,common,3,88549,64839118-09d2-4645-9d3c-f80755ac781f,0.11,false,false,near_mint,en,CAD,2024-08-05T21:33:49.571Z
Bulk Tokens,binder,Insect,TFDN,Foundations Tokens,21,normal,common,1,101520,59c2cbd7-79bb-4d93-b2b6-5d3abe88a012,,false,false,near_mint,en,CAD,2024-12-02T02:34:24.511Z
Bulk Tokens,binder,Assembly-Worker,TTSR,Time Spiral Remastered Tokens,14,normal,common,1,57909,e72daa68-0680-431c-a616-b3693fd58813,0.01,false,false,near_mint,en,CAD,2024-08-05T21:33:49.571Z
Bulk Tokens,binder,Angel,TLCI,The Lost Caverns of Ixalan Tokens,2,foil,common,1,88316,1a0d80ce-9397-4c6d-9a07-31172d46f42a,,false,false,near_mint,en,CAD,2024-08-05T21:33:49.571Z
Bulk Tokens,binder,Orc Army,TLTR,Tales of Middle-earth Tokens,6,normal,common,2,83558,db598f33-2ff9-4e0b-a067-05fecc03435f,0.01,false,false,near_mint,en,CAD,2024-11-01T01:52:45.726Z
Bulk Tokens,binder,Phyrexian Beast,TDSC,Duskmourn Commander Tokens,15,normal,common,2,99346,cb06a798-4808-476b-bc0f-1f432b431464,,false,false,near_mint,en,CAD,2024-10-26T18:10:05.444Z
Bulk Tokens,binder,Treasure,TOTJ,Outlaws of Thunder Junction Tokens,18,normal,common,1,93713,7ec6f053-96f7-4e57-b2eb-4e7699a40a4f,0.01,false,false,near_mint,en,CAD,2024-08-05T21:33:49.571Z
Bulk Tokens,binder,Bat,TLCI,The Lost Caverns of Ixalan Tokens,6,normal,common,1,88214,00841e4b-0995-4fb5-93d6-e177beba4934,0.08,false,false,near_mint,en,CAD,2024-08-05T21:33:49.571Z
Bulk Tokens,binder,Gnome Soldier,TLCI,The Lost Caverns of Ixalan Tokens,3,foil,common,2,88893,cbe7c36a-77b7-4418-9e2d-b6aeea61502e,,false,false,near_mint,en,CAD,2024-08-05T21:33:49.571Z
Bulk Tokens,binder,Spirit,TMKM,Murders at Karlov Manor Tokens,12,normal,common,1,91306,f4588570-bde4-4c2f-8469-81a3e15fb57b,0.12,false,false,near_mint,en,CAD,2024-08-05T21:33:49.571Z
Bulk Tokens,binder,Clue,TMKM,Murders at Karlov Manor Tokens,14,normal,common,1,91295,ee022200-f589-4f06-8de8-d313e29f7be8,0.01,false,false,near_mint,en,CAD,2024-08-05T21:33:49.571Z
Bulk Tokens,binder,Human,TMID,Innistrad: Midnight Hunt Tokens,1,normal,common,1,63891,b7667345-e11b-4cad-ac4c-84eb1c5656c5,0.07,false,false,near_mint,en,CAD,2024-08-05T21:33:49.571Z
Bulk Tokens,binder,Spirit,TNEO,Kamigawa: Neon Dynasty Tokens,2,foil,common,1,67123,ca20548f-6324-4858-adbe-87303ff1ca52,,false,false,near_mint,en,CAD,2024-08-05T21:33:49.571Z
Bulk Tokens,binder,Clue,TMKM,Murders at Karlov Manor Tokens,15,normal,common,1,90655,0c8c41b5-beec-4fd1-bbfa-20fbc7f44307,0.01,false,false,near_mint,en,CAD,2024-08-05T21:33:49.571Z
Bulk Tokens,binder,Spirit,TRVR,Ravnica Remastered Tokens,18,normal,common,1,89661,48ed5471-ab04-4178-b72d-ce3fae12758c,0.01,false,false,near_mint,en,CAD,2024-08-05T21:33:49.571Z
Bulk Tokens,binder,Bird,TBLC,Bloomburrow Commander Tokens,11,normal,common,2,96495,e0796ccd-b8ba-49c9-b76b-4fce55c242dc,0.14,false,false,near_mint,en,CAD,2025-09-21T16:50:05.551Z
Bulk Tokens,binder,Shark,TBLC,Bloomburrow Commander Tokens,16,normal,common,2,96532,f9424ef2-d271-4929-83e0-12775420bac3,0.14,false,false,near_mint,en,CAD,2025-09-21T16:50:05.551Z
Bulk Tokens,binder,Samurai,TNEO,Kamigawa: Neon Dynasty Tokens,3,foil,common,1,67130,f68e5337-6e44-4f8f-a102-2f97b433beea,0.01,false,false,near_mint,en,CAD,2024-08-05T21:33:49.571Z
Bulk Tokens,binder,Dog,TMKM,Murders at Karlov Manor Tokens,1,normal,common,2,91034,8aaf03be-294a-4539-954c-79853f4351a9,0.31,false,false,near_mint,en,CAD,2024-08-05T21:33:49.571Z
Bulk Tokens,binder,Treasure,TFDN,Foundations Tokens,23,normal,common,1,101484,21210145-8edd-41f5-9a64-9f0b5be79864,,false,false,near_mint,en,CAD,2024-12-02T02:34:24.511Z
Bulk Tokens,binder,Human Soldier,TLTR,Tales of Middle-earth Tokens,2,normal,common,1,83655,f6df0025-8f6a-43e1-8f07-36f18da3a485,0.01,false,false,near_mint,en,CAD,2024-11-01T01:52:45.726Z
Bulk Tokens,binder,Detective,TMKM,Murders at Karlov Manor Tokens,10,foil,common,1,90767,30a109aa-99d4-4cfe-a9b1-1b40db5b7885,0.24,false,false,near_mint,en,CAD,2024-08-05T21:33:49.571Z
Bulk Tokens,binder,Construct,TNEO,Kamigawa: Neon Dynasty Tokens,15,normal,common,1,67107,2770f887-7e96-44d1-864a-8c0504a39785,0.01,false,false,near_mint,en,CAD,2024-08-05T21:33:49.571Z
Bulk Tokens,binder,Treasure,TBLB,Bloomburrow Tokens,29,normal,common,1,96541,ff0357fb-d90c-49c7-b16a-8b52ac686c3b,0.14,false,false,near_mint,en,CAD,2025-09-21T16:50:05.551Z
Bulk Tokens,binder,Scarecrow,TDSC,Duskmourn Commander Tokens,23,normal,common,2,98985,7a88d2c4-9275-4e87-ac69-18218a57422d,,false,false,near_mint,en,CAD,2024-10-26T18:10:05.444Z
Bulk Tokens,binder,Construct,TNEO,Kamigawa: Neon Dynasty Tokens,6,foil,common,2,67124,cbafdfc0-380a-482b-b5f8-a7a00ecf8da6,0.03,false,false,near_mint,en,CAD,2024-08-05T21:33:49.571Z
Bulk Tokens,binder,Elephant,TBLC,Bloomburrow Commander Tokens,27,normal,common,1,96523,f0a8841d-1d2d-429f-a14d-bb2251dbf898,0.03,false,false,near_mint,en,CAD,2025-09-21T16:50:05.551Z
Bulk Tokens,binder,Wurm,TDSC,Duskmourn Commander Tokens,18,normal,common,2,99262,983253f0-fcf1-4c57-81eb-101f3495b6ae,,false,false,near_mint,en,CAD,2024-10-26T18:10:05.444Z
Bulk Tokens,binder,Golem,TLCI,The Lost Caverns of Ixalan Tokens,13,normal,common,1,88393,33a88096-dcfd-4acb-a092-b51507edd13e,0.01,false,false,near_mint,en,CAD,2024-08-05T21:33:49.571Z
Bulk Tokens,binder,Drake,TFDN,Foundations Tokens,8,normal,common,1,101623,f4a73034-e20f-4e7e-ac15-3460b1e9c69b,,false,false,near_mint,en,CAD,2024-12-02T02:34:24.511Z
Bulk Tokens,binder,Fractal,TDSC,Duskmourn Commander Tokens,20,normal,common,3,99038,05386ae8-7b94-4820-9e2a-b9da41edd8f0,,false,false,near_mint,en,CAD,2024-10-26T18:10:05.444Z
Bulk Tokens,binder,Rat Rogue,TNEO,Kamigawa: Neon Dynasty Tokens,5,normal,common,1,67114,695f72ea-13e6-40ab-afc7-55657701c82d,0.19,false,false,near_mint,en,CAD,2024-08-05T21:33:49.571Z
Bulk Tokens,binder,Beast,TRVR,Ravnica Remastered Tokens,14,foil,common,1,89628,33521793-69f2-4a95-a4da-d28add4e5e93,,false,false,near_mint,en,CAD,2024-08-05T21:33:49.571Z
Bulk Tokens,binder,Insect,TDSC,Duskmourn Commander Tokens,10,normal,common,3,99119,3fb9b1f2-28c6-4061-b6a3-67bf68c2292a,,false,false,near_mint,en,CAD,2024-10-26T18:10:05.444Z
Bulk Tokens,binder,Squid,TBLC,Bloomburrow Commander Tokens,17,normal,common,2,96228,2c7e1ec8-ee84-4806-bd89-defd79902e41,0.1,false,false,near_mint,en,CAD,2025-09-21T16:50:05.551Z
Bulk Tokens,binder,Spirit,TRVR,Ravnica Remastered Tokens,18,foil,common,1,89661,48ed5471-ab04-4178-b72d-ce3fae12758c,,false,false,near_mint,en,CAD,2024-08-05T21:33:49.571Z
Bulk Tokens,binder,Map,TLCI,The Lost Caverns of Ixalan Tokens,17,foil,common,2,88549,64839118-09d2-4645-9d3c-f80755ac781f,,false,false,near_mint,en,CAD,2024-08-05T21:33:49.571Z
Bulk Tokens,binder,Goblin,TMKM,Murders at Karlov Manor Tokens,6,foil,common,1,91213,cd6cd0d3-7973-49e6-9c1c-6f516a5d5fe5,,false,false,near_mint,en,CAD,2024-08-05T21:33:49.571Z
Bulk Tokens,binder,Treasure,TWOE,Wilds of Eldraine Tokens,14,foil,common,1,85204,73cbf189-a79b-4dca-8b29-33aef6306b5a,0.07,false,false,near_mint,en,CAD,2024-08-05T21:33:49.571Z
Bulk Tokens,binder,Treasure,TREX,Jurassic World Collection Tokens,2,normal,common,1,88212,2e28240d-3306-42d7-aa7a-0af0a07f345d,0.1,false,false,near_mint,en,CAD,2024-08-05T21:33:49.571Z
Bulk Tokens,binder,Beast,TWOE,Wilds of Eldraine Tokens,8,normal,common,1,85206,a2d33cf3-c803-4e90-9d4b-fa34136b600e,0.01,false,false,near_mint,en,CAD,2024-08-05T21:33:49.571Z
Bulk Tokens,binder,Clue,TMKM,Murders at Karlov Manor Tokens,17,foil,common,1,90885,576b691a-9cb1-4c2e-93cf-42f52f587bff,0.04,false,false,near_mint,en,CAD,2024-08-05T21:33:49.571Z
Bulk Tokens,binder,Gnome,TLCI,The Lost Caverns of Ixalan Tokens,16,foil,common,1,88580,6def709a-53b3-4520-9544-74ab6472d256,,false,false,near_mint,en,CAD,2024-08-05T21:33:49.571Z
Bulk Tokens,binder,Poison Counter,TBLC,Bloomburrow Commander Tokens,41,normal,common,1,96351,7afb0ba4-9a1b-4cd5-8d0f-2f697c6d3ab1,0.07,false,false,near_mint,en,CAD,2025-09-21T16:50:05.551Z
Bulk Tokens,binder,Cat,TBLC,Bloomburrow Commander Tokens,26,normal,common,2,96202,21450a75-26ec-4344-bebc-d55c2cf3fc1c,0.14,false,false,near_mint,en,CAD,2025-09-21T16:50:05.551Z
Bulk Tokens,binder,Dinosaur,TLCI,The Lost Caverns of Ixalan Tokens,9,normal,common,1,89013,ee0702f9-769b-40c0-96a7-508dc8f2652c,0.33,false,false,near_mint,en,CAD,2024-08-05T21:33:49.571Z
Bulk Tokens,binder,Phyrexian Mite,TONE,Phyrexia: All Will Be One Tokens,11,normal,common,1,79057,96ec91a9-659a-455f-98e0-cd30b6c6c2a4,0.01,false,false,near_mint,en,CAD,2024-08-05T21:33:49.571Z
Bulk Tokens,binder,Steelburr Champion,TBLC,Bloomburrow Commander Tokens,10,normal,common,1,96502,e3d40cb6-e227-40bc-9f6f-baa67e4edcec,0.1,false,false,near_mint,en,CAD,2025-09-21T16:50:05.551Z
Bulk Tokens,binder,Manifest,TDSK,Duskmourn: House of Horror Tokens,18,normal,common,4,98602,01104ab1-84e1-4c78-853d-637c6554bdf9,,false,false,near_mint,en,CAD,2024-10-26T18:10:05.444Z
Bulk Tokens,binder,Octopus,TBLC,Bloomburrow Commander Tokens,14,normal,common,1,96404,9fc10475-5eaf-47ea-a45c-3948a632f365,0.14,false,false,near_mint,en,CAD,2025-09-21T16:50:05.551Z
Bulk Tokens,binder,Elemental,TBLC,Bloomburrow Commander Tokens,4,normal,common,2,96329,6c6c62a5-dd1d-4d37-a2da-6e4e6b5bec40,0.07,false,false,near_mint,en,CAD,2025-09-21T16:50:05.551Z
Bulk Tokens,binder,Fungus Dinosaur,TLCI,The Lost Caverns of Ixalan Tokens,12,foil,common,1,89046,f92f2858-e524-4d23-b947-d4dff20e7f59,,false,false,near_mint,en,CAD,2024-08-05T21:33:49.571Z
Bulk Tokens,binder,Construct,TNEO,Kamigawa: Neon Dynasty Tokens,6,normal,common,1,67124,cbafdfc0-380a-482b-b5f8-a7a00ecf8da6,0.01,false,false,near_mint,en,CAD,2024-08-05T21:33:49.571Z
Morgan’s MKM Draft Deck,deck,Airtight Alibi,MKM,Murders at Karlov Manor,149,normal,common,1,91173,bffbbe21-0a1d-48b9-903e-81c109aa11de,0.01,false,false,near_mint,en,CAD,2024-02-13T02:25:42.913Z
Morgan’s MKM Draft Deck,deck,Flourishing Bloom-Kin,MKM,Murders at Karlov Manor,160,normal,uncommon,1,90911,5ddcb31e-9301-44f1-b138-0573fbf56a47,0.04,false,false,near_mint,en,CAD,2024-02-13T02:25:42.913Z
Morgan’s MKM Draft Deck,deck,Cryptic Coat,MKM,Murders at Karlov Manor,50,normal,rare,1,90652,0c3d7e2c-a104-4757-9984-fb31088f92c4,3.3,false,false,near_mint,en,CAD,2024-02-13T02:25:42.913Z
Morgan’s MKM Draft Deck,deck,Loxodon Eavesdropper,MKM,Murders at Karlov Manor,168,normal,common,2,91158,bbbf8c3a-6c74-42fd-bb8d-61e3f0a77848,0.01,false,false,near_mint,en,CAD,2024-02-13T02:25:42.913Z
Morgan’s MKM Draft Deck,deck,Forest,M20,Core Set 2020,279,normal,common,2,45181,56caba21-b773-4245-b3f8-3ae62725c14f,0.02,false,false,near_mint,en,CAD,2024-02-08T07:15:33.039Z
Morgan’s MKM Draft Deck,deck,Get a Leg Up,MKM,Murders at Karlov Manor,161,normal,uncommon,1,90786,34e61e0f-d0f3-492a-92f1-36f72a91583a,0.01,false,false,near_mint,en,CAD,2024-02-13T02:25:42.913Z
Morgan’s MKM Draft Deck,deck,Forest,M20,Core Set 2020,280,normal,common,2,45180,43e7e6ec-9bfe-4062-a538-2a748d2eed1f,0.03,false,false,near_mint,en,CAD,2024-02-08T07:15:33.039Z
Morgan’s MKM Draft Deck,deck,Pompous Gadabout,MKM,Murders at Karlov Manor,171,normal,uncommon,1,90946,6d803b93-c1df-4a02-9dbb-d347c841d4d7,0.03,false,false,near_mint,en,CAD,2024-02-13T02:25:42.913Z
Morgan’s MKM Draft Deck,deck,Bubble Smuggler,MKM,Murders at Karlov Manor,41,normal,common,1,90939,6b863ee0-d9f3-4b1e-993d-5212731d9353,0.01,false,false,near_mint,en,CAD,2024-02-13T02:25:42.913Z
Morgan’s MKM Draft Deck,deck,Magnetic Snuffler,MKM,Murders at Karlov Manor,254,normal,uncommon,1,90958,70476534-2fc7-4872-a009-3380dd5ce2ab,0.01,false,false,near_mint,en,CAD,2024-02-13T02:25:42.913Z
Morgan’s MKM Draft Deck,deck,Hedge Whisperer,MKM,Murders at Karlov Manor,165,normal,uncommon,1,90832,4627adcd-ace7-4777-a7e6-fc80ac6b9dfe,0.01,false,false,near_mint,en,CAD,2024-02-13T02:25:42.913Z
Morgan’s MKM Draft Deck,deck,Archdruid's Charm,MKM,Murders at Karlov Manor,151,normal,rare,1,90906,5caae5ae-845f-42c2-b1ae-956df2739433,6.45,false,false,near_mint,en,CAD,2024-02-13T02:25:42.913Z
Morgan’s MKM Draft Deck,deck,Island,M20,Core Set 2020,266,normal,common,2,45194,c8a516f8-861b-4c3b-9d9b-0adc04ec689f,0.04,false,false,near_mint,en,CAD,2024-02-08T07:15:33.039Z
Morgan’s MKM Draft Deck,deck,Forest,M20,Core Set 2020,278,normal,common,1,45182,00feb2af-b363-4377-98b1-6a07df7f1acd,0.02,false,false,near_mint,en,CAD,2024-02-08T07:15:33.039Z
Morgan’s MKM Draft Deck,deck,Burden of Proof,MKM,Murders at Karlov Manor,42,normal,uncommon,1,90855,4ea29c34-4b55-4170-9120-0a8dda61f2eb,0.01,false,false,near_mint,en,CAD,2024-02-13T02:25:42.913Z
Morgan’s MKM Draft Deck,deck,Forest,M20,Core Set 2020,277,normal,common,2,45183,42352899-f2f2-4dea-863b-8d685e63b454,0.45,false,false,near_mint,en,CAD,2024-02-08T07:15:33.039Z
Morgan’s MKM Draft Deck,deck,Bite Down on Crime,MKM,Murders at Karlov Manor,154,normal,common,1,90742,29bbfe93-8225-444c-835b-33ffa006ef66,0.01,false,false,near_mint,en,CAD,2024-02-13T02:25:42.913Z
Morgan’s MKM Draft Deck,deck,Aftermath Analyst,MKM,Murders at Karlov Manor,148,normal,uncommon,1,90686,1c1aa6f8-2d34-4f4b-9184-0eab2e4745f7,0.12,false,false,near_mint,en,CAD,2024-02-13T02:25:42.913Z
Morgan’s MKM Draft Deck,deck,Exit Specialist,MKM,Murders at Karlov Manor,55,normal,uncommon,1,90730,268f142d-9fb1-4673-b804-add1f08dacb9,0.01,false,false,near_mint,en,CAD,2024-02-13T02:25:42.913Z
Morgan’s MKM Draft Deck,deck,Forest,MKM,Murders at Karlov Manor,285,foil,common,1,91211,cc485069-e081-4e83-bbad-d5faf7a5bd03,0.03,false,false,near_mint,en,CAD,2024-02-13T02:25:42.913Z
Morgan’s MKM Draft Deck,deck,Island,M20,Core Set 2020,268,normal,common,2,45192,f3448b8b-8baf-492a-a1d6-4bb676c43cab,0.03,false,false,near_mint,en,CAD,2024-02-08T07:15:33.039Z
Morgan’s MKM Draft Deck,deck,Island,M20,Core Set 2020,267,normal,common,1,45193,9db3bac6-81c9-4bb5-aca6-371cec8efa0d,0.03,false,false,near_mint,en,CAD,2024-02-08T07:15:33.039Z
Morgan’s MKM Draft Deck,deck,Branch of Vitu-Ghazi,MKM,Murders at Karlov Manor,258,normal,uncommon,1,90969,73a8169f-b858-47a5-9c76-2e7c50ad4ecd,0.03,false,false,near_mint,en,CAD,2024-02-13T02:25:42.913Z
Morgan’s MKM Draft Deck,deck,Glint Weaver,MKM,Murders at Karlov Manor,162,normal,uncommon,1,91203,c8eff4d0-67ad-4900-b33d-605659b59161,0.01,false,false,near_mint,en,CAD,2024-02-13T02:25:42.913Z
Morgan’s MKM Draft Deck,deck,Repulsive Mutation,MKM,Murders at Karlov Manor,227,normal,uncommon,1,90964,71701c28-f113-4d38-8fd3-a19cd9749661,0.13,false,false,near_mint,en,CAD,2024-02-13T02:25:42.913Z
Morgan’s MKM Draft Deck,deck,Vitu-Ghazi Inspector,MKM,Murders at Karlov Manor,183,foil,common,1,90927,664d15d7-2724-4a9b-b5a7-8042d4b7da7b,0.03,false,false,near_mint,en,CAD,2024-02-13T02:25:42.913Z
Morgan’s MKM Draft Deck,deck,Hedge Maze,MKM,Murders at Karlov Manor,262,normal,rare,1,90865,5260f8ae-805b-4eae-badf-62de0f768867,3.64,false,false,near_mint,en,CAD,2024-02-13T02:25:42.913Z
Morgan’s MKM Draft Deck,deck,Flotsam // Jetsam,MKM,Murders at Karlov Manor,247,normal,uncommon,1,91177,c1500cbf-5619-465e-a97b-75e676ce789b,0.07,false,false,near_mint,en,CAD,2024-02-13T02:25:42.913Z
Morgan’s MKM Draft Deck,deck,Crimestopper Sprite,MKM,Murders at Karlov Manor,49,normal,common,1,91243,dc4ac597-38f0-48b5-ac2d-dfb0b169f834,0.01,false,false,near_mint,en,CAD,2024-02-13T02:25:42.913Z
Morgan’s MKM Draft Deck,deck,Island,M20,Core Set 2020,265,normal,common,2,45195,fe7f4393-38f9-43b5-873b-58246183b874,0.4,false,false,near_mint,en,CAD,2024-02-08T07:15:33.039Z
Morgan’s MKM Draft Deck,deck,Nervous Gardener,MKM,Murders at Karlov Manor,169,normal,common,1,91056,93b747c7-b342-47f8-a190-16c393b20607,0.01,false,false,near_mint,en,CAD,2024-02-13T02:25:42.913Z
Morgan’s MKM Draft Deck,deck,Forensic Gadgeteer,MKM,Murders at Karlov Manor,342,normal,rare,1,91113,aab507e5-7bf2-4fa0-9ac0-a6aaec90de83,0.67,false,false,near_mint,en,CAD,2024-02-13T02:25:42.913Z
Morgan’s MKM Draft Deck,deck,Vengeful Creeper,MKM,Murders at Karlov Manor,182,normal,common,1,90987,7a914416-effd-4eda-b609-2773c53a08ec,0.01,false,false,near_mint,en,CAD,2024-02-13T02:25:42.913Z
Bulk Singles & Lands,binder,Sol Ring,C20,Commander 2020,252,normal,uncommon,1,50166,286bea73-8ad8-4423-8a7c-8497420fdb54,1.39,false,false,near_mint,en,CAD,2024-12-03T04:53:19.745Z
Bulk Singles & Lands,binder,Necromantic Selection,ZNC,Zendikar Rising Commander,48,normal,rare,2,55445,a105c396-7c69-49ff-be06-891d51d861c6,0.21,false,false,near_mint,en,CAD,2024-10-04T02:37:01.701Z
Bulk Singles & Lands,binder,Razaketh's Rite,HOU,Hour of Devastation,74,normal,uncommon,1,4601,dd36987a-48c3-477b-b859-0268e84b7e7b,0.15,false,false,near_mint,en,CAD,2024-10-04T02:37:01.701Z
Bulk Singles & Lands,binder,Liquimetal Torque,MH2,Modern Horizons 2,228,normal,uncommon,1,59418,13c6101a-da40-4785-8ccb-4e779bbbdb55,1.42,false,false,near_mint,en,CAD,2025-01-11T04:21:23.226Z
Bulk Singles & Lands,binder,Goblin Chieftain,DDT,Duel Decks: Merfolk vs. Goblins,41,normal,rare,1,3670,2947ed5b-a57d-452e-a711-a4a9d1f89af7,4.31,false,false,near_mint,en,CAD,2025-02-08T14:06:56.625Z
Bulk Singles & Lands,binder,Thornwood Falls,KTK,Khans of Tarkir,244,foil,common,1,13154,9e57abd9-e864-4047-a3c8-618952071858,0.14,false,false,near_mint,en,CAD,2024-05-14T02:43:07.659Z
Bulk Singles & Lands,binder,Badlands Revival,OTJ,Outlaws of Thunder Junction,194,normal,uncommon,2,93251,8d3ef971-cdd4-410c-97c3-df98e4f02ab2,0.01,false,false,near_mint,en,CAD,2025-01-09T03:44:06.112Z
Bulk Singles & Lands,binder,Mystic Monastery,KTK,Khans of Tarkir,236,normal,uncommon,1,13162,bae51d77-e06b-4e5a-9543-a17dd0b2a333,0.22,false,false,near_mint,en,CAD,2024-05-14T02:43:07.659Z
Bulk Singles & Lands,binder,Bloodfell Caves,KTK,Khans of Tarkir,229,foil,common,1,13169,15a7b30a-c59f-4a87-9e8a-b29daea27422,0.14,false,false,near_mint,en,CAD,2024-05-14T02:43:07.659Z
Bulk Singles & Lands,binder,Triumphant Chomp,LCI,The Lost Caverns of Ixalan,170,normal,uncommon,1,88240,06b28139-efa7-4818-a012-cf8150692b43,0.03,false,false,near_mint,en,CAD,2024-02-03T21:24:23.337Z
Bulk Singles & Lands,binder,Growing Ranks,GK1,GRN Guild Kit,113,normal,rare,1,33,b34a80a7-65f1-412e-8f28-2384cd8b006a,0.67,false,false,near_mint,en,CAD,2024-02-03T21:26:59.147Z
Bulk Singles & Lands,binder,Key to the City,KLD,Kaladesh,220,normal,rare,2,7423,66154969-5c69-40ce-8bc9-c9bc5e280d4c,0.16,false,false,near_mint,en,CAD,2024-02-03T21:24:23.337Z
Bulk Singles & Lands,binder,Inkshield,DSC,Duskmourn: House of Horror Commander,221,normal,rare,1,99330,bf3af774-526e-4b64-a34f-407e6ef92d24,5.96,false,false,near_mint,en,CAD,2025-02-08T14:06:56.625Z
Bulk Singles & Lands,binder,Scion of Glaciers,KTK,Khans of Tarkir,53,normal,uncommon,1,13345,5e370939-831b-4c42-8291-8ffb0b6c1af7,0.01,false,false,near_mint,en,CAD,2024-05-14T02:43:07.659Z
Bulk Singles & Lands,binder,Suspension Field,KTK,Khans of Tarkir,25,normal,uncommon,1,13373,ba5c9628-1801-43d9-8bb4-4cca168510b2,0.01,false,false,near_mint,en,CAD,2024-05-14T02:43:07.659Z
Bulk Singles & Lands,binder,Reckless Fireweaver,KLD,Kaladesh,126,normal,common,1,7517,63ffac51-62c4-4170-85b3-a43d7cfae7d7,0.79,false,false,near_mint,en,CAD,2024-10-06T16:54:05.719Z
Bulk Singles & Lands,binder,Back for More,OTP,Breaking News,36,normal,uncommon,2,93424,f55e5aca-b6fe-4b2f-9943-568f4d1704ca,0.01,false,false,near_mint,en,CAD,2025-01-09T03:44:06.112Z
Bulk Singles & Lands,binder,Krenko's Buzzcrusher,MKM,Murders at Karlov Manor,136,normal,rare,1,90662,0edcda2a-071b-40c5-9fb3-8a4ff87ca00e,0.01,false,false,near_mint,en,CAD,2025-02-08T14:06:56.625Z
Bulk Singles & Lands,binder,Charcoal Diamond,CLB,Commander Legends: Battle for Baldur's Gate,442,normal,common,1,68994,44c435b6-4010-4bb6-b645-67732b1ebeab,0.05,false,false,near_mint,en,CAD,2024-10-06T16:54:05.719Z
Bulk Singles & Lands,binder,Mardu Charm,KTK,Khans of Tarkir,186,foil,uncommon,1,13212,c35fb7a3-7c7f-4470-b1ad-5b8709a608e6,0.33,false,false,near_mint,en,CAD,2024-05-14T02:43:07.659Z
Bulk Singles & Lands,binder,Tishana's Tidebinder,LCI,The Lost Caverns of Ixalan,335,normal,rare,1,88538,604e2bfc-655d-4d3e-98aa-374780ca4016,10.0,false,false,near_mint,en,CAD,2024-02-03T21:24:23.337Z
Bulk Singles & Lands,binder,City on Fire,MOM,March of the Machine,135,normal,rare,1,81105,6f455cc1-a822-44ef-ba7c-bfcff69bd45e,5.32,false,false,near_mint,en,CAD,2025-01-11T04:21:23.226Z
Bulk Singles & Lands,binder,Incarnation Technique,C21,Commander 2021,41,normal,rare,1,58635,9655deda-f02b-47a0-89a3-2904b11b84aa,9.81,false,false,near_mint,en,CAD,2024-12-03T04:53:19.745Z
Bulk Singles & Lands,binder,Savage Knuckleblade,KTK,Khans of Tarkir,197,normal,rare,1,13201,4c9dddd3-7c8d-4669-8298-58149b142b8a,0.05,false,false,near_mint,en,CAD,2024-02-03T21:24:23.337Z
Bulk Singles & Lands,binder,Mardu Charm,KTK,Khans of Tarkir,186,normal,uncommon,1,13212,c35fb7a3-7c7f-4470-b1ad-5b8709a608e6,0.04,false,false,near_mint,en,CAD,2024-05-14T02:43:07.659Z
Bulk Singles & Lands,binder,Dark Tutelage,WOT,Wilds of Eldraine: Enchanting Tales,28,normal,uncommon,2,85616,a2b11a54-b38c-4e22-8b6d-dfc6c037db0e,0.01,false,false,near_mint,en,CAD,2025-01-09T03:44:06.112Z
Bulk Singles & Lands,binder,Pirate Hat,LCI,The Lost Caverns of Ixalan,70,normal,common,1,88737,9d11e3d4-769d-47aa-8d3a-ce1ac60b68b8,0.01,false,false,near_mint,en,CAD,2024-02-03T21:24:23.337Z
Bulk Singles & Lands,binder,Abzan Charm,KTK,Khans of Tarkir,161,foil,uncommon,1,13237,8f7b7598-35b0-4bb5-8347-8c868500f846,0.4,false,false,near_mint,en,CAD,2024-05-14T02:43:07.659Z
Bulk Singles & Lands,binder,Epic Experiment,C15,Commander 2015,216,normal,mythic,1,9820,02c4b106-5838-49cc-97a5-f7a209348c77,0.15,false,false,near_mint,en,CAD,2024-02-03T21:24:23.337Z
Bulk Singles & Lands,binder,Brainspoil,RAV,Ravnica: City of Guilds,78,normal,common,1,27932,c34fa44f-274e-4914-bbd5-71193f8d2f96,0.08,false,false,near_mint,en,CAD,2024-10-04T02:37:01.701Z
Bulk Singles & Lands,binder,Dross Hopper,SOM,Scars of Mirrodin,60,normal,common,1,20972,1a0656f6-a016-479a-a003-72e106e986b0,0.07,false,false,near_mint,en,CAD,2024-10-04T02:37:01.701Z
Bulk Singles & Lands,binder,Memory Erosion,PLST,The List,CM2-45,normal,rare,1,48930,1ac12aba-0ec6-4922-94cb-1b77634a603b,4.86,false,false,near_mint,en,CAD,2024-11-09T16:00:16.376Z
Bulk Singles & Lands,binder,Prickly Pair,OTJ,Outlaws of Thunder Junction,137,normal,common,1,93398,e70f2278-8857-46e4-aa2b-fff5589b750f,0.01,false,false,near_mint,en,CAD,2024-05-14T03:09:43.477Z
Bulk Singles & Lands,binder,Goblin Maskmaker,MKM,Murders at Karlov Manor,130,normal,common,1,90917,6154a991-c602-4fca-91a3-3830060da60e,0.01,false,false,near_mint,en,CAD,2025-01-11T16:04:37.560Z
Bulk Singles & Lands,binder,Maddening Cacophony,ZNR,Zendikar Rising,67,normal,rare,1,54447,10a79733-702c-4611-b073-71db7f1158b2,5.61,false,false,near_mint,en,CAD,2024-12-03T04:53:19.745Z
Bulk Singles & Lands,binder,Frilled Cave-Wurm,LCI,The Lost Caverns of Ixalan,57,normal,common,1,88585,6f65e1bc-fade-4fdf-a1fd-de068bff9e4c,0.01,false,false,near_mint,en,CAD,2024-02-03T21:24:23.337Z
Bulk Singles & Lands,binder,Ainok Bond-Kin,KTK,Khans of Tarkir,3,normal,common,4,13395,22d2a844-17fc-4628-9591-684555e98f7b,0.01,false,false,near_mint,en,CAD,2024-02-03T21:24:23.337Z
Bulk Singles & Lands,binder,Boggart Shenanigans,LRW,Lorwyn,155,normal,uncommon,1,25287,1b3c0ea9-270d-4738-9462-7f48fecb4bf4,1.44,false,false,near_mint,en,CAD,2025-02-08T14:06:56.625Z
Bulk Singles & Lands,binder,"Tawnos, the Toymaker",BRO,The Brothers' War,222,normal,rare,1,75333,1f855a7e-3a97-4b62-a2a7-06ff1fbb2c4c,0.01,false,false,near_mint,en,CAD,2024-02-03T21:24:23.337Z
Bulk Singles & Lands,binder,Secluded Courtyard,NEO,Kamigawa: Neon Dynasty,275,normal,uncommon,2,66321,0539b1a5-8704-476f-ba1f-2fe01190e157,0.15,false,false,near_mint,en,CAD,2025-01-09T03:44:06.112Z
Bulk Singles & Lands,binder,Trap Essence,KTK,Khans of Tarkir,209,normal,rare,1,13189,2bb37bd9-10a0-48d5-87f0-23a03b5c1072,0.09,false,false,near_mint,en,CAD,2024-02-03T21:24:23.337Z
Bulk Singles & Lands,binder,Grim Servant,MH3,Modern Horizons 3,97,normal,uncommon,1,94648,df9c275d-e8cc-40c2-8baf-7a0d154aa7cf,0.04,false,false,near_mint,en,CAD,2024-10-04T02:37:01.701Z
Bulk Singles & Lands,binder,Myr Convert,ONE,Phyrexia: All Will Be One,234,normal,uncommon,1,78731,9df0adcf-7ad0-4d70-8dcd-28f69471495b,0.06,false,false,near_mint,en,CAD,2024-08-05T04:09:35.269Z
Bulk Singles & Lands,binder,Warden of the Eye,KTK,Khans of Tarkir,212,normal,uncommon,1,13186,04135bf7-2bcf-4a92-80f0-6d5eefca551b,0.01,false,false,near_mint,en,CAD,2024-05-14T02:43:07.659Z
Bulk Singles & Lands,binder,Sign in Blood,DSC,Duskmourn: House of Horror Commander,156,normal,common,1,99312,b89d9372-8682-4a61-a003-8bccfbb6cbb4,0.14,false,false,near_mint,en,CAD,2024-10-04T02:37:01.701Z
Bulk Singles & Lands,binder,Sultai Charm,KTK,Khans of Tarkir,204,foil,uncommon,1,13194,993c9028-9b1b-4903-81b2-3cf4f37b7229,0.19,false,false,near_mint,en,CAD,2024-05-14T02:43:07.659Z
Bulk Singles & Lands,binder,Temple of Malice,BRC,The Brothers' War Commander,208,normal,rare,1,75547,7306c101-399b-4306-89b5-6c43cb582597,0.15,false,false,near_mint,en,CAD,2024-10-04T02:37:01.701Z
Bulk Singles & Lands,binder,Dismal Backwater,KTK,Khans of Tarkir,232,foil,common,1,13166,63742780-47ee-4a66-993a-69e06c14967d,0.33,false,false,near_mint,en,CAD,2024-05-14T02:43:07.659Z
Bulk Singles & Lands,binder,Bloodfell Caves,KTK,Khans of Tarkir,229,normal,common,1,13169,15a7b30a-c59f-4a87-9e8a-b29daea27422,0.07,false,false,near_mint,en,CAD,2024-05-14T02:43:07.659Z
Bulk Singles & Lands,binder,Tendril of the Mycotyrant,LCI,The Lost Caverns of Ixalan,215,normal,uncommon,1,88818,afa464fe-978f-43de-ac35-79be4b12f0d9,0.01,false,false,near_mint,en,CAD,2024-02-03T21:24:23.337Z
Bulk Singles & Lands,binder,"Vial Smasher, Gleeful Grenadier",OTJ,Outlaws of Thunder Junction,235,normal,uncommon,1,93129,3afce4e6-ac59-4fba-b63a-8fed96bbdc4a,0.03,false,false,near_mint,en,CAD,2024-05-14T03:09:43.477Z
Bulk Singles & Lands,binder,Gempalm Incinerator,DMR,Dominaria Remastered,122,normal,uncommon,1,77793,17c231e3-10ec-458b-bba1-891812e000f6,0.14,false,false,near_mint,en,CAD,2025-01-11T04:21:23.226Z
Bulk Singles & Lands,binder,Basilica Stalker,MKM,Murders at Karlov Manor,78,normal,common,1,91336,fdafea8f-283d-4f19-a74a-669bfbdfed98,0.01,false,false,near_mint,en,CAD,2024-02-10T00:11:28.082Z
Bulk Singles & Lands,binder,Thunderblust,MM2,Modern Masters 2015,131,normal,rare,1,11086,249ec37d-c4ed-4af6-8c30-bcec13c108fd,0.41,false,false,near_mint,en,CAD,2024-10-04T02:37:01.701Z
Bulk Singles & Lands,binder,Orzhov Signet,BRC,The Brothers' War Commander,154,normal,common,1,75728,b99cac18-281d-437f-ae34-87a10b92c6e9,0.31,false,false,near_mint,en,CAD,2024-12-03T04:53:19.745Z
Bulk Singles & Lands,binder,Leechridden Swamp,DSC,Duskmourn: House of Horror Commander,286,normal,uncommon,1,99273,a07a0e31-ace6-40ad-8700-2d58135b5320,0.24,false,false,near_mint,en,CAD,2024-10-04T02:37:01.701Z
Bulk Singles & Lands,binder,Seeker of the Way,KTK,Khans of Tarkir,22,foil,uncommon,2,13376,3c17e350-44f7-4413-ad24-7c5d6616effd,0.11,false,false,near_mint,en,CAD,2024-05-14T02:43:07.659Z
Bulk Singles & Lands,binder,Dinotomaton,LCI,The Lost Caverns of Ixalan,144,normal,common,1,88740,9de1a93e-ec71-45fa-b0b8-2c21123e390c,0.01,false,false,near_mint,en,CAD,2024-02-03T21:24:23.337Z
Bulk Singles & Lands,binder,Electrostatic Pummeler,KLD,Kaladesh,210,normal,rare,4,7433,c565d11b-a57e-4de4-9d18-2be48a2ef742,0.02,false,false,near_mint,en,CAD,2024-02-03T21:24:23.337Z
Bulk Singles & Lands,binder,Chaos Warp,C14,Commander 2014,174,normal,rare,1,12682,cedb38bb-7f4c-4a1f-ae46-fa8d20df5efa,0.78,false,false,near_mint,en,CAD,2025-01-11T04:21:23.226Z
Bulk Singles & Lands,binder,Teachings of the Archaics,STX,Strixhaven: School of Mages,57,foil,rare,1,58231,967148b1-2bb6-4bc0-95e6-c45fcf99afd2,0.04,false,false,near_mint,en,CAD,2024-02-03T21:24:23.337Z
Bulk Singles & Lands,binder,Mystic Monastery,KTK,Khans of Tarkir,236,foil,uncommon,1,13162,bae51d77-e06b-4e5a-9543-a17dd0b2a333,3.4,false,false,near_mint,en,CAD,2024-05-14T02:43:07.659Z
Bulk Singles & Lands,binder,Deadlock Trap,KLD,Kaladesh,204,normal,rare,1,7439,f956dedc-2cf4-4039-8302-feab94b78426,0.01,false,false,near_mint,en,CAD,2024-02-03T21:24:23.337Z
Bulk Singles & Lands,binder,Rugged Highlands,KTK,Khans of Tarkir,240,normal,common,1,13158,501ce6cb-0324-4cca-bc79-903cefe1ac1f,0.01,false,false,near_mint,en,CAD,2024-05-14T02:43:07.659Z
Bulk Singles & Lands,binder,Read the Bones,THS,Theros,101,normal,common,1,15563,dbbdbf1a-2d15-4291-aa19-614f854d8cb3,0.14,false,false,near_mint,en,CAD,2024-10-04T02:37:01.701Z
Bulk Singles & Lands,binder,"Squee, the Immortal",DOM,Dominaria,146,normal,rare,1,2130,a3974c62-a524-454e-9ce7-2c23b704e5cb,0.17,false,false,near_mint,en,CAD,2025-01-11T04:21:23.226Z
Bulk Singles & Lands,binder,Tunneling Geopede,BFZ,Battle for Zendikar,158,normal,uncommon,1,10193,d4071152-5e64-4133-88a2-8fa5cb0eeb6c,0.08,false,false,near_mint,en,CAD,2024-12-03T04:53:19.745Z
Bulk Singles & Lands,binder,Submerge,NEM,Nemesis,48,normal,uncommon,1,33834,d2741fe4-37fe-427f-ae85-5107991d4eee,5.02,false,false,near_mint,en,CAD,2025-02-08T14:06:56.625Z
Bulk Singles & Lands,binder,Zoetic Glyph,LCI,The Lost Caverns of Ixalan,86,normal,uncommon,1,88767,a2f498ac-179e-4055-9b83-97bcc5ab1bb9,0.01,false,false,near_mint,en,CAD,2024-02-03T21:24:23.337Z
Bulk Singles & Lands,binder,Woe Strider,BLC,Bloomburrow Commander,189,normal,rare,1,96150,05b2af75-2e29-446b-b3d0-00b5e5d50b3c,0.14,false,false,near_mint,en,CAD,2024-10-04T02:37:01.701Z
Bulk Singles & Lands,binder,"Vivien, Arkbow Ranger",M20,Core Set 2020,199,normal,mythic,1,45262,592c5e27-c538-425e-b41f-1d6708428853,1.26,false,false,near_mint,en,CAD,2024-02-03T21:24:23.337Z
Bulk Singles & Lands,binder,You See a Pair of Goblins,AFR,Adventures in the Forgotten Realms,170,normal,uncommon,1,60390,b69e7200-96ea-4455-83cc-0a497d56efe5,0.06,false,false,near_mint,en,CAD,2025-01-11T04:21:23.226Z
Bulk Singles & Lands,binder,Sakashima's Protege,CMR,Commander Legends,90,normal,rare,1,55895,cce06cd4-099b-445f-af95-76564ee24668,0.14,false,false,near_mint,en,CAD,2024-11-09T16:00:16.376Z
Bulk Singles & Lands,binder,Mind Slash,NEM,Nemesis,59,normal,uncommon,1,33823,8bece38b-e09e-4666-95b6-5e5b05867cd5,0.28,false,false,near_mint,en,CAD,2024-10-04T02:37:01.701Z
Bulk Singles & Lands,binder,Forest,ORI,Magic Origins,272,normal,common,1,10670,b9be1afc-eb3d-46ba-a645-ab2f33264f36,0.02,false,false,near_mint,en,CAD,2024-02-03T21:11:36.571Z
Bulk Singles & Lands,binder,Wind-Scarred Crag,KTK,Khans of Tarkir,247,normal,common,1,13151,3b296781-78ac-411f-88fc-2d924ad22986,0.01,false,false,near_mint,en,CAD,2024-05-14T02:43:07.659Z
Bulk Singles & Lands,binder,Volt Charge,ONE,Phyrexia: All Will Be One,155,normal,common,1,78630,73d74045-cc9b-4b01-bc5f-0f2eb4b01580,0.01,false,false,near_mint,en,CAD,2024-08-05T04:09:35.269Z
Bulk Singles & Lands,binder,Swamp,M20,Core Set 2020,271,normal,common,8,45189,a9023215-035f-4f12-9f75-04b995b5d24a,0.04,false,false,near_mint,en,CAD,2024-08-05T04:36:55.390Z
Bulk Singles & Lands,binder,Final Parting,DOM,Dominaria,93,normal,uncommon,1,2183,de8803f6-9efa-4323-b8c5-29bdd5a48f9a,0.2,false,false,near_mint,en,CAD,2024-10-04T02:37:01.701Z
Bulk Singles & Lands,binder,Rugged Highlands,KTK,Khans of Tarkir,240,foil,common,1,13158,501ce6cb-0324-4cca-bc79-903cefe1ac1f,0.25,false,false,near_mint,en,CAD,2024-05-14T02:43:07.659Z
Bulk Singles & Lands,binder,Piranha Marsh,ZEN,Zendikar,222,normal,common,1,22402,ea077cff-b5c9-4a40-8e66-8810c37be5cb,0.08,false,false,near_mint,en,CAD,2024-10-06T16:54:05.719Z
Bulk Singles & Lands,binder,Windfall,LCC,The Lost Caverns of Ixalan Commander,180,normal,uncommon,1,88297,14e1af91-34fe-4d82-b119-cbadf75a7dbe,2.09,false,false,near_mint,en,CAD,2024-11-09T16:00:16.376Z
Bulk Singles & Lands,binder,Plains,ORI,Magic Origins,253,normal,common,4,10689,88f96591-4f22-451e-bfb5-32561cc4640d,0.03,false,false,near_mint,en,CAD,2024-02-08T08:08:43.482Z
Bulk Singles & Lands,binder,Jace Reawakened,OTJ,Outlaws of Thunder Junction,271,normal,mythic,2,93442,fd17e8d4-499e-4005-ae3c-bc9c44dc5a67,1.0,false,false,near_mint,en,CAD,2025-01-09T03:44:06.112Z
Bulk Singles & Lands,binder,Fire Diamond,C14,Commander 2014,240,normal,uncommon,1,12616,cdb74b43-350a-45dc-bd26-89971f803251,0.26,false,false,near_mint,en,CAD,2024-10-04T02:37:01.701Z
Bulk Singles & Lands,binder,Coveted Prize,ZNR,Zendikar Rising,337,normal,rare,1,54653,95c86ad5-5384-4a62-971c-05abc995da91,0.34,false,false,near_mint,en,CAD,2024-10-04T02:37:01.701Z
Bulk Singles & Lands,binder,Woodcaller Automaton,BRO,The Brothers' War,292,normal,rare,1,75670,a0418156-bcba-4edc-8ea5-ce9ca9b979bd,0.01,false,false,near_mint,en,CAD,2024-02-03T21:24:23.337Z
Bulk Singles & Lands,binder,"Kotose, the Silent Spider",NEO,Kamigawa: Neon Dynasty,228,foil,rare,2,66669,314e97b5-cd43-4f5e-acdd-a107208e061c,0.06,false,false,near_mint,en,CAD,2025-01-09T03:44:06.112Z
Bulk Singles & Lands,binder,Razzle-Dazzler,OTJ,Outlaws of Thunder Junction,63,normal,common,2,93430,f7d08008-9272-405e-82ef-566e6d42bb17,0.01,false,false,near_mint,en,CAD,2025-01-09T03:44:06.112Z
Bulk Singles & Lands,binder,Basking Capybara,LCI,The Lost Caverns of Ixalan,175,normal,common,1,89066,ff0a2ba4-dfa8-49d6-95e9-04b7a14d0c6c,0.01,false,false,near_mint,en,CAD,2024-02-03T21:24:23.337Z
Bulk Singles & Lands,binder,Exotic Orchard,LTC,Tales of Middle-earth Commander,307,normal,rare,1,83359,a3120b65-f021-467e-bd9f-27329134a743,0.14,false,false,near_mint,en,CAD,2024-10-04T02:37:01.701Z
Bulk Singles & Lands,binder,Detective,TMKM,Murders at Karlov Manor Tokens,10,normal,common,1,90767,30a109aa-99d4-4cfe-a9b1-1b40db5b7885,,false,false,near_mint,en,CAD,2024-02-13T01:30:51.338Z
Bulk Singles & Lands,binder,Ephemerate,MH1,Modern Horizons,7,normal,common,1,44927,2da5f3f8-5eef-498f-ba2c-2f3fbc3745aa,1.41,false,false,near_mint,en,CAD,2024-11-09T16:00:16.376Z
Bulk Singles & Lands,binder,Take for a Ride,OTJ,Outlaws of Thunder Junction,148,normal,uncommon,1,93343,c8e2ff9c-0e98-46f9-a33c-739388c5f3d0,0.01,false,false,near_mint,en,CAD,2024-05-14T03:09:43.477Z
Bulk Singles & Lands,binder,Scavenging Ooze,M21,Core Set 2021,204,normal,rare,2,50795,487116ab-b885-406b-aa54-56cb67eb3ca5,0.14,false,false,near_mint,en,CAD,2024-02-03T21:24:23.337Z
Bulk Singles & Lands,binder,Weatherlight,DOM,Dominaria,237,normal,mythic,1,2039,d4581fc0-551c-4ee5-bde0-65c2b8cdf1b7,0.37,false,false,near_mint,en,CAD,2024-02-03T21:24:23.337Z
Bulk Singles & Lands,binder,Elixir of Immortality,M14,Magic 2014,209,normal,uncommon,1,15842,3d19d950-9e63-4b15-8531-f4b16f5b82fa,0.36,false,false,near_mint,en,CAD,2025-01-11T04:21:23.226Z
Bulk Singles & Lands,binder,Raiders' Spoils,KTK,Khans of Tarkir,83,normal,uncommon,1,13315,cd3e423e-cb62-43e1-9d0c-e702f823c8e1,0.01,false,false,near_mint,en,CAD,2024-05-14T02:43:07.659Z
Bulk Singles & Lands,binder,One with the Multiverse,DSC,Duskmourn: House of Horror Commander,121,normal,mythic,1,99070,1c85ae22-ccd0-4649-a736-1915043daae7,1.02,false,false,near_mint,en,CAD,2024-11-09T16:00:16.376Z
Bulk Singles & Lands,binder,Celestial Dawn,TSB,Time Spiral Timeshifted,3,foil,special,4,27018,251880e9-a472-4f33-9988-4871d31aa1d9,0.28,false,false,near_mint,en,CAD,2024-02-03T21:24:23.337Z
Bulk Singles & Lands,binder,Cunning Evasion,MH1,Modern Horizons,45,normal,uncommon,1,44889,300a431c-48a9-4d63-8256-cb6bdaa67b4c,0.27,false,false,near_mint,en,CAD,2025-02-08T14:06:56.625Z
Bulk Singles & Lands,binder,Thief of Blood,C15,Commander 2015,22,normal,uncommon,1,10014,6df10f38-6658-49ea-b996-45b33c02bd57,2.09,false,false,near_mint,en,CAD,2024-12-03T04:53:19.745Z
Bulk Singles & Lands,binder,Cenote Scout,LCI,The Lost Caverns of Ixalan,178,normal,uncommon,1,88481,4ce4b7bc-636b-4723-a7c1-2c859f333492,0.07,false,false,near_mint,en,CAD,2024-02-03T21:24:23.337Z
Bulk Singles & Lands,binder,Sultai Charm,KTK,Khans of Tarkir,204,normal,uncommon,1,13194,993c9028-9b1b-4903-81b2-3cf4f37b7229,0.11,false,false,near_mint,en,CAD,2024-05-14T02:43:07.659Z
Bulk Singles & Lands,binder,Jagged Barrens,OTJ,Outlaws of Thunder Junction,259,normal,common,1,93178,5d809f5b-d965-4cb1-a9f8-2048f8534373,0.34,false,false,near_mint,en,CAD,2024-10-04T02:37:01.701Z
Bulk Singles & Lands,binder,Island,M20,Core Set 2020,268,normal,common,14,45192,f3448b8b-8baf-492a-a1d6-4bb676c43cab,0.03,false,false,near_mint,en,CAD,2024-02-08T07:15:33.039Z
Bulk Singles & Lands,binder,Mountain,M20,Core Set 2020,273,normal,common,17,45187,399f7531-e137-463b-bec3-e86756b6ed71,0.3,false,false,near_mint,en,CAD,2024-02-08T07:15:33.039Z
Bulk Singles & Lands,binder,Lesser Masticore,MH1,Modern Horizons,225,normal,uncommon,1,44709,c4c7cba5-6111-40ce-828a-e811301bb283,0.05,false,false,near_mint,en,CAD,2024-10-04T02:37:01.701Z
Bulk Singles & Lands,binder,Caught in the Crossfire,OTJ,Outlaws of Thunder Junction,117,normal,uncommon,1,93127,3a2fd0c4-509e-49c2-ad57-f772efcbc207,0.01,false,false,near_mint,en,CAD,2024-05-14T03:09:43.477Z
Bulk Singles & Lands,binder,"Bruse Tarl, Roving Rancher",OTJ,Outlaws of Thunder Junction,198,normal,rare,1,93098,286c55c2-dcc1-4e87-a83f-9981d28ab62d,0.01,false,false,near_mint,en,CAD,2024-05-14T03:09:43.477Z
Bulk Singles & Lands,binder,Monologue Tax,C21,Commander 2021,19,normal,rare,1,58723,e9449f23-6a14-453b-8bb6-5cf85ed7a851,1.39,false,false,near_mint,en,CAD,2024-12-03T04:53:19.745Z
Bulk Singles & Lands,binder,Dragon Fodder,JMP,Jumpstart,309,normal,common,1,51506,cdb5eab0-5397-4c00-8cef-7d3baf38a171,0.07,false,false,near_mint,en,CAD,2025-01-11T04:21:23.226Z
Bulk Singles & Lands,binder,Kuldotha Cackler,ONE,Phyrexia: All Will Be One,139,normal,common,1,78956,f7155c42-a824-4bbe-9f7a-fa01e7625fd6,0.01,false,false,near_mint,en,CAD,2024-08-05T04:09:35.269Z
Bulk Singles & Lands,binder,Thrashing Brontodon,LCI,The Lost Caverns of Ixalan,329,normal,uncommon,1,88480,4cb1c91a-398c-437a-9a77-5b8515fc3ef2,0.01,false,false,near_mint,en,CAD,2024-02-03T21:24:23.337Z
Bulk Singles & Lands,binder,Brash Taunter,MKC,Murders at Karlov Manor Commander,148,normal,rare,1,90258,0b5cb154-1825-4b81-a109-7b3e9592c65c,0.72,false,false,near_mint,en,CAD,2025-01-11T04:21:23.226Z
Bulk Singles & Lands,binder,Goblin Matron,DMR,Dominaria Remastered,123,normal,common,1,78065,a521a254-c484-4d59-bb7e-8745e96d4bbf,0.06,false,false,near_mint,en,CAD,2025-01-11T04:21:23.226Z
Bulk Singles & Lands,binder,Bastion of Remembrance,DSC,Duskmourn: House of Horror Commander,131,normal,uncommon,1,99375,dd5745d4-db9b-4c87-900f-73a606a9c7d0,0.19,false,false,near_mint,en,CAD,2024-10-04T02:37:01.701Z
Bulk Singles & Lands,binder,Brain in a Jar,SOI,Shadows over Innistrad,252,normal,rare,2,8744,88ecfcbe-e8db-4f08-aa8b-5b7b3e6c6ce7,0.05,false,false,near_mint,en,CAD,2024-02-03T21:24:23.337Z
Bulk Singles & Lands,binder,Rakdos Signet,DSC,Duskmourn: House of Horror Commander,250,normal,uncommon,1,99035,01cc9536-f710-4c47-9e3f-d7e83cc888f2,0.39,false,false,near_mint,en,CAD,2024-10-04T02:37:01.701Z
Bulk Singles & Lands,binder,Armored Kincaller,LCI,The Lost Caverns of Ixalan,174,normal,common,2,88834,b76a46a1-a63e-460a-98c5-699dd1c827aa,0.01,false,false,near_mint,en,CAD,2024-02-03T21:24:23.337Z
Bulk Singles & Lands,binder,Forest,J22,Jumpstart 2022,110,normal,common,6,76730,cee97ab6-8e81-4396-a788-db0ed0da62d2,0.03,false,false,near_mint,en,CAD,2024-02-03T21:11:36.571Z
Bulk Singles & Lands,binder,Outpost Siege,C20,Commander 2020,157,normal,rare,1,50261,ad63f120-f6d0-4394-b12a-f3e1cf728a2f,0.12,false,false,near_mint,en,CAD,2024-10-04T02:37:01.701Z
Bulk Singles & Lands,binder,Rath's Edge,NEM,Nemesis,142,normal,rare,1,33740,42681dce-5c63-4e56-955e-39f085ea6ae9,0.42,false,false,near_mint,en,CAD,2024-10-04T02:37:01.701Z
Bulk Singles & Lands,binder,Desperate Bloodseeker,OTJ,Outlaws of Thunder Junction,86,normal,common,2,93295,a59da027-b5dd-4920-b3a1-9da05fcb1977,0.01,false,false,near_mint,en,CAD,2025-01-09T03:44:06.112Z
Bulk Singles & Lands,binder,Skill Borrower,ALA,Shards of Alara,56,normal,rare,2,24043,ac7ac7c8-8e01-4f80-a3fa-d533cb594d7c,0.15,false,false,near_mint,en,CAD,2024-02-03T21:24:23.337Z
Bulk Singles & Lands,binder,Mountain,J22,Jumpstart 2022,107,normal,common,4,76324,577aff75-67f7-42c8-b31f-50026c5ba5c6,0.01,false,false,near_mint,en,CAD,2024-10-04T02:37:01.701Z
Bulk Singles & Lands,binder,Vraska Joins Up,OTJ,Outlaws of Thunder Junction,236,normal,rare,2,93034,06e546c2-737e-4b17-bf60-3069b1ccdf31,0.4,false,false,near_mint,en,CAD,2025-01-09T03:44:06.112Z
Bulk Singles & Lands,binder,Plains,M20,Core Set 2020,264,normal,common,19,45196,dfa01578-faf9-4694-86a0-c81f5b2a0dd8,0.03,false,false,near_mint,en,CAD,2024-02-08T07:15:33.039Z
Bulk Singles & Lands,binder,Skirk Prospector,DOM,Dominaria,144,normal,common,1,2132,1636d138-aa63-476f-a930-41b1be988032,0.07,false,false,near_mint,en,CAD,2025-01-11T04:21:23.226Z
Bulk Singles & Lands,binder,Disturbing Conversion,MOM,March of the Machine,54,normal,common,2,81347,4a63d530-27c3-4cd7-ac37-c62b5a1afbc1,0.01,false,false,near_mint,en,CAD,2025-01-09T03:44:06.112Z
Bulk Singles & Lands,binder,Tarnation Vista,BIG,The Big Score,30,normal,mythic,1,93755,962552a1-ec34-49e2-a23d-85dfb405d5e0,2.71,false,false,near_mint,en,CAD,2024-05-14T03:09:43.477Z
Bulk Singles & Lands,binder,Nomad Outpost,KTK,Khans of Tarkir,237,foil,uncommon,1,13161,fb6ae4a5-227d-465b-9e99-bae158b7d410,4.05,false,false,near_mint,en,CAD,2024-05-14T02:43:07.659Z
Bulk Singles & Lands,binder,Sagu Mauler,C19,Commander 2019,200,normal,rare,1,45734,23de1159-4466-432d-917c-0f77d0610b4e,0.06,false,false,near_mint,en,CAD,2024-02-03T21:24:23.337Z
Bulk Singles & Lands,binder,Drownyard Amalgam,MID,Innistrad: Midnight Hunt,50,normal,common,2,63299,71b05d44-d987-45e1-bbd9-842dbe58c2b5,0.01,false,false,near_mint,en,CAD,2025-01-09T03:44:06.112Z
Bulk Singles & Lands,binder,Fervent Mastery,STX,Strixhaven: School of Mages,101,normal,rare,1,58024,1f824caf-b32c-442a-8631-887831a57360,0.07,false,false,near_mint,en,CAD,2024-10-04T02:37:01.701Z
Bulk Singles & Lands,binder,Cavern Stomper,LCI,The Lost Caverns of Ixalan,177,normal,common,2,88957,decdfd6b-55ab-47fd-9f98-1845261f1caf,0.01,false,false,near_mint,en,CAD,2024-02-03T21:24:23.337Z
Bulk Singles & Lands,binder,Serum Visions,CN2,Conspiracy: Take the Crown,120,normal,uncommon,1,7977,94b4800c-8a10-4883-a83b-9b1752b163d1,0.57,false,false,near_mint,en,CAD,2024-11-09T16:00:16.376Z
Bulk Singles & Lands,binder,Thrummingbird,ONE,Phyrexia: All Will Be One,72,normal,uncommon,1,78600,67f0a63e-0866-423e-b917-fc7c71063021,0.14,false,false,near_mint,en,CAD,2024-08-05T04:09:35.269Z
Bulk Singles & Lands,binder,Brightstone Ritual,ONS,Onslaught,191,normal,common,1,31112,5b08b0a6-c94e-4407-8a24-c8202497b5f2,1.42,false,false,near_mint,en,CAD,2025-01-11T04:21:23.226Z
Bulk Singles & Lands,binder,Forest,M20,Core Set 2020,279,normal,common,3,45181,56caba21-b773-4245-b3f8-3ae62725c14f,0.04,false,false,near_mint,en,CAD,2024-08-05T04:36:55.390Z
Bulk Singles & Lands,binder,Ixalli's Lorekeeper,LCI,The Lost Caverns of Ixalan,194,normal,uncommon,1,88475,4bc94ded-458d-4458-9c0b-136d825b885d,0.01,false,false,near_mint,en,CAD,2024-02-03T21:24:23.337Z
Bulk Singles & Lands,binder,Goblin Tomb Raider,LCI,The Lost Caverns of Ixalan,151,normal,common,1,88218,018160fe-f602-43f5-8495-241a08eaa69c,0.06,false,false,near_mint,en,CAD,2025-01-11T16:04:37.560Z
Bulk Singles & Lands,binder,Smelt,M14,Magic 2014,156,normal,common,1,15895,90515c37-93cc-4bb2-8237-21e39076c995,0.01,false,false,near_mint,en,CAD,2025-01-11T04:21:23.226Z
Bulk Singles & Lands,binder,Forest,ORI,Magic Origins,271,normal,common,1,10671,2b101184-71b2-4400-a5dc-4113df5a4f12,0.04,false,false,near_mint,en,CAD,2024-02-03T21:11:36.571Z
Bulk Singles & Lands,binder,Arcane Signet,BLC,Bloomburrow Commander,127,normal,common,1,96215,28180667-cc1e-4f64-9a69-00425ef85ba0,0.37,false,false,near_mint,en,CAD,2024-10-04T02:37:01.701Z
Bulk Singles & Lands,binder,Blossoming Sands,KTK,Khans of Tarkir,231,foil,common,1,13167,a32a1c0b-f6ea-475a-aa01-3618ea7d8647,0.19,false,false,near_mint,en,CAD,2024-05-14T02:43:07.659Z
Bulk Singles & Lands,binder,Propaganda,ACR,Assassin's Creed,85,normal,uncommon,1,95356,4c7c9072-d14c-442c-a386-bfdc0cbe110d,1.02,false,false,near_mint,en,CAD,2024-12-03T04:53:19.745Z
Bulk Singles & Lands,binder,Great Train Heist,OTJ,Outlaws of Thunder Junction,125,normal,rare,1,93117,357dd9b2-5d2d-49f6-86f0-f5c4d63474dd,2.38,false,false,near_mint,en,CAD,2024-05-14T03:09:43.477Z
Bulk Singles & Lands,binder,Necrogen Rotpriest,ONE,Phyrexia: All Will Be One,212,normal,uncommon,1,78681,87519b36-1d95-4020-a61d-6afb75555e3e,0.01,false,false,near_mint,en,CAD,2024-08-05T04:09:35.269Z
Bulk Singles & Lands,binder,Dismal Backwater,KTK,Khans of Tarkir,232,normal,common,1,13166,63742780-47ee-4a66-993a-69e06c14967d,0.01,false,false,near_mint,en,CAD,2024-05-14T02:43:07.659Z
Bulk Singles & Lands,binder,Granite Witness,MKM,Murders at Karlov Manor,206,normal,common,4,91235,daee9d98-f8c6-4980-8f23-c6c636b69430,0.01,false,false,near_mint,en,CAD,2025-01-09T03:44:06.112Z
Bulk Singles & Lands,binder,Battle Cry Goblin,J25,Foundations Jumpstart,127,normal,uncommon,1,101055,ba41ec1b-e631-4882-b897-df26e26ada04,0.14,false,false,near_mint,en,CAD,2025-01-11T04:21:23.226Z
Bulk Singles & Lands,binder,Agency Coroner,MKM,Murders at Karlov Manor,75,normal,common,1,91223,d63f2c23-e877-42e3-9362-5d003a173c6d,0.01,false,false,near_mint,en,CAD,2024-02-13T01:52:10.029Z
Bulk Singles & Lands,binder,Hobgoblin Bandit Lord,AFR,Adventures in the Forgotten Realms,147,normal,rare,1,60145,09e9dc36-f2d8-4384-98cb-e44c00b02433,3.72,false,false,near_mint,en,CAD,2025-02-08T14:06:56.625Z
Bulk Singles & Lands,binder,Tranquil Cove,KTK,Khans of Tarkir,246,foil,common,1,13152,0f840bd2-c4f5-4ac4-918c-91b4feeb8783,0.26,false,false,near_mint,en,CAD,2024-05-14T02:43:07.659Z
Bulk Singles & Lands,binder,"Akal Pakal, First Among Equals",PLCI,The Lost Caverns of Ixalan Promos,44p,normal,rare,1,89478,f7fedf71-aade-4c9e-a58a-f43a57413b2b,0.55,false,false,near_mint,en,CAD,2024-02-03T21:24:23.337Z
Bulk Singles & Lands,binder,Riveteers Overlook,M3C,Modern Horizons 3 Commander,369,normal,common,1,95101,383c936c-dccc-4ea8-8cc3-0cc75c4cc257,0.26,false,false,near_mint,en,CAD,2024-10-04T02:37:01.701Z
Bulk Singles & Lands,binder,Sinew Dancer,ONE,Phyrexia: All Will Be One,286,normal,common,1,78640,7836bd5e-9df3-4f24-adce-ca7028fea78f,0.01,false,false,near_mint,en,CAD,2024-08-05T04:09:35.269Z
Bulk Singles & Lands,binder,Forest,M20,Core Set 2020,279,normal,common,18,45181,56caba21-b773-4245-b3f8-3ae62725c14f,0.02,false,false,near_mint,en,CAD,2024-02-08T07:15:33.039Z
Bulk Singles & Lands,binder,"Krenko, Baron of Tin Street",MKM,Murders at Karlov Manor,135,normal,rare,1,90878,5524b712-c67d-4d2e-9344-9e85a6ce3227,0.01,false,false,near_mint,en,CAD,2025-01-11T04:21:23.226Z
Bulk Singles & Lands,binder,Reliquary Tower,WHO,Doctor Who,296,normal,uncommon,1,87232,3afb2f16-4364-439e-a5ce-6598b351cb4c,2.1,false,false,near_mint,en,CAD,2024-12-03T04:53:19.745Z
Bulk Singles & Lands,binder,Memory Plunder,SHM,Shadowmoor,169,normal,rare,1,24697,9ca6808a-1816-4ac7-bbb2-c7a5a47428d6,1.58,false,false,near_mint,en,CAD,2024-12-03T04:53:19.745Z
Bulk Singles & Lands,binder,Goblin Wardriver,MBS,Mirrodin Besieged,64,normal,uncommon,1,20077,2e220c87-1223-4998-b0e5-23e2d930fa6b,0.33,false,false,near_mint,en,CAD,2025-02-08T14:06:56.625Z
Bulk Singles & Lands,binder,Honest Rutstein,OTJ,Outlaws of Thunder Junction,207,foil,uncommon,2,93093,259ddf66-76af-4857-83c3-c812327a6e23,0.22,false,false,near_mint,en,CAD,2025-01-09T03:44:06.112Z
Bulk Singles & Lands,binder,War-Name Aspirant,KTK,Khans of Tarkir,126,normal,uncommon,1,13272,e8d1714b-ff65-4c5c-ad21-b469f2c72286,0.01,false,false,near_mint,en,CAD,2024-05-14T02:43:07.659Z
Bulk Singles & Lands,binder,Tinybones Joins Up,OTJ,Outlaws of Thunder Junction,108,normal,rare,2,93170,5724a15f-0ba0-421a-9cd4-a2b701e6141f,0.31,false,false,near_mint,en,CAD,2025-01-09T03:44:06.112Z
Bulk Singles & Lands,binder,Goblin King,8ED,Eighth Edition,190,normal,rare,1,30346,c5448159-0516-4f35-a212-c3e1efa84c71,5.7,false,false,near_mint,en,CAD,2025-02-08T14:06:56.625Z
Bulk Singles & Lands,binder,Shadowblood Ridge,BRC,The Brothers' War Commander,199,normal,rare,1,75659,9b4a6fb2-f6f4-437d-8ac4-797425cc294c,0.09,false,false,near_mint,en,CAD,2024-10-04T02:37:01.701Z
Bulk Singles & Lands,binder,"Yahenni, Undying Partisan",LCC,The Lost Caverns of Ixalan Commander,214,normal,rare,1,88369,2b77cd68-fbdd-4bca-a68c-299425588a61,0.23,false,false,near_mint,en,CAD,2024-10-04T02:37:01.701Z
Bulk Singles & Lands,binder,Maestros Theater,SNC,Streets of New Capenna,251,normal,common,1,67750,51eb4a44-a5c8-49ed-b440-2462626bb638,0.15,false,false,near_mint,en,CAD,2024-10-06T16:48:03.190Z
Bulk Singles & Lands,binder,Frontier Bivouac,KTK,Khans of Tarkir,234,normal,uncommon,1,13164,e4335951-e73e-45cb-b2a5-6e9d14ba87ee,0.27,false,false,near_mint,en,CAD,2024-05-14T02:43:07.659Z
Bulk Singles & Lands,binder,Malamet Scythe,LCI,The Lost Caverns of Ixalan,200,normal,common,1,88960,df6776a4-cc01-46a3-90df-04e1e3ba513c,0.01,false,false,near_mint,en,CAD,2024-02-03T21:24:23.337Z
Bulk Singles & Lands,binder,Shackle Slinger,OTJ,Outlaws of Thunder Junction,65,normal,uncommon,2,93396,e6cfe383-e483-47e7-99d1-991a06b089bc,0.01,false,false,near_mint,en,CAD,2025-01-09T03:44:06.112Z
Bulk Singles & Lands,binder,Insight,6ED,Classic Sixth Edition,75,normal,uncommon,1,35302,b44a4bbf-2afd-48c5-b6b0-73c32bc3561b,1.51,false,false,near_mint,en,CAD,2025-02-08T14:06:56.625Z
Bulk Singles & Lands,binder,"Fblthp, Lost on the Range",OTJ,Outlaws of Thunder Junction,48,normal,rare,2,91793,01d3e6ea-4791-4948-af22-c1bd04c34c1e,0.1,false,false,near_mint,en,CAD,2025-01-09T03:44:06.112Z
Bulk Singles & Lands,binder,Despise,KTK,Khans of Tarkir,69,normal,uncommon,1,13329,64216ce3-945e-42d8-9127-cf11c687da67,0.03,false,false,near_mint,en,CAD,2024-05-14T02:43:07.659Z
Bulk Singles & Lands,binder,Netherborn Phalanx,RAV,Ravnica: City of Guilds,99,normal,uncommon,1,27911,b665e905-cb06-48b7-9f50-5916277e237d,0.22,false,false,near_mint,en,CAD,2024-10-04T02:37:01.701Z
Bulk Singles & Lands,binder,Hellkite Tyrant,RVR,Ravnica Remastered,111,normal,rare,1,89877,bd03d145-7cec-49da-917a-01f7355e252e,4.32,false,false,near_mint,en,CAD,2025-01-11T04:21:23.226Z
Bulk Singles & Lands,binder,Meldweb Curator,ONE,Phyrexia: All Will Be One,59,normal,common,1,78940,f0d392b2-1dac-432d-930c-66b238f7512b,0.01,false,false,near_mint,en,CAD,2024-08-05T04:09:35.269Z
Bulk Singles & Lands,binder,Immersturm Predator,KHM,Kaldheim,214,normal,rare,1,56749,0d83d2d9-b9d0-47f5-989b-f2c726401ade,0.12,false,false,near_mint,en,CAD,2024-10-04T02:37:01.701Z
Bulk Singles & Lands,binder,"Yusri, Fortune's Flame",MH2,Modern Horizons 2,218,normal,rare,1,59782,bfab9e33-0d07-46e6-be06-1eaffe26cbfd,0.04,false,false,near_mint,en,CAD,2024-02-03T21:24:23.337Z
Bulk Singles & Lands,binder,Krenko's Enforcer,PLST,The List,M15-152,normal,common,1,48356,a3aaaa79-b8d1-40b2-a63c-f682b99a680b,0.03,false,false,near_mint,en,CAD,2025-02-08T14:06:56.625Z
Bulk Singles & Lands,binder,Ugin's Insight,BFZ,Battle for Zendikar,87,normal,rare,3,10264,f37d5938-9c8f-4203-8f3f-d6e89ced28ef,0.1,false,false,near_mint,en,CAD,2024-02-03T21:24:23.337Z
Bulk Singles & Lands,binder,"Bjorna, Nightfall Alchemist",SLX,Universes Within,2,normal,rare,1,67442,83b0b716-bcb0-4044-b64a-354e3cbbd563,0.09,false,false,near_mint,en,CAD,2024-02-03T21:24:23.337Z
Bulk Singles & Lands,binder,Demonic Bargain,VOW,Innistrad: Crimson Vow,368,normal,rare,1,64440,df5603d9-085c-48ac-b78b-5d95f412e577,0.12,false,false,near_mint,en,CAD,2024-10-04T02:37:01.701Z
Bulk Singles & Lands,binder,Quiet Contemplation,KTK,Khans of Tarkir,50,normal,uncommon,1,13348,5dc7c9d5-904e-4ab6-9773-5c4f1c6d34c4,0.03,false,false,near_mint,en,CAD,2025-02-08T14:06:56.625Z
Bulk Singles & Lands,binder,Beetleback Chief,PLST,The List,PCA-40,normal,uncommon,1,48502,16b8a76e-5ad9-42b6-ba03-819b2491c0c2,0.33,false,false,near_mint,en,CAD,2025-01-11T04:21:23.226Z
Bulk Singles & Lands,binder,Alley Assailant,MKM,Murders at Karlov Manor,76,normal,common,1,91293,edf238c9-61de-4f3a-b82f-05af46e5e81b,0.01,false,false,near_mint,en,CAD,2024-02-13T01:35:33.835Z
Bulk Singles & Lands,binder,Heraldic Banner,SCD,Starter Commander Decks,267,normal,uncommon,1,77269,2199a8ad-0955-45df-8d74-77be2c40385b,1.38,false,false,near_mint,en,CAD,2025-01-11T04:21:23.226Z
Bulk Singles & Lands,binder,"Krenko, Tin Street Kingpin",WAR,War of the Spark,137,normal,rare,1,44267,37ed04d3-cfa1-4778-aea6-b4c2c29e6e0a,0.78,false,false,near_mint,en,CAD,2025-02-08T14:06:56.625Z
Bulk Singles & Lands,binder,Island,OTJ,Outlaws of Thunder Junction,279,normal,common,1,93801,acd6be3f-745c-41ad-95c9-1db66ba56be2,0.01,false,false,near_mint,en,CAD,2024-05-14T03:09:43.477Z
Bulk Singles & Lands,binder,The Autonomous Furnace,ONE,Phyrexia: All Will Be One,247,normal,common,1,78824,c16f96f5-a2a6-4ac4-bdae-326cee92bf2e,0.01,false,false,near_mint,en,CAD,2024-08-05T04:09:35.269Z
Bulk Singles & Lands,binder,Lingering Tormentor,EVE,Eventide,36,normal,uncommon,1,24515,f5165880-9727-4f52-9633-fd5cecce7f01,0.15,false,false,near_mint,en,CAD,2024-10-04T02:37:01.701Z
Bulk Singles & Lands,binder,Vindictive Vampire,RVR,Ravnica Remastered,330,normal,uncommon,1,89560,10276bc4-9640-48e0-9a88-034eee288e9e,0.04,false,false,near_mint,en,CAD,2024-10-04T02:37:01.701Z
Bulk Singles & Lands,binder,Tranquil Cove,KTK,Khans of Tarkir,246,normal,common,1,13152,0f840bd2-c4f5-4ac4-918c-91b4feeb8783,0.01,false,false,near_mint,en,CAD,2024-05-14T02:43:07.659Z
Bulk Singles & Lands,binder,Shipwreck Sentry,LCI,The Lost Caverns of Ixalan,75,normal,common,1,88634,814803bc-72cd-46db-b957-4322f2a7b28a,0.01,false,false,near_mint,en,CAD,2024-02-03T21:24:23.337Z
Bulk Singles & Lands,binder,Raiders' Spoils,KTK,Khans of Tarkir,83,foil,uncommon,1,13315,cd3e423e-cb62-43e1-9d0c-e702f823c8e1,0.41,false,false,near_mint,en,CAD,2024-05-14T02:43:07.659Z
Bulk Singles & Lands,binder,Falkenrath Aristocrat,MM3,Modern Masters 2017,163,normal,rare,1,6050,53399f12-0d62-40bf-a532-1d02b6c2f19e,0.27,false,false,near_mint,en,CAD,2024-10-04T02:37:01.701Z
Bulk Singles & Lands,binder,Forest,M20,Core Set 2020,278,normal,common,21,45182,00feb2af-b363-4377-98b1-6a07df7f1acd,0.02,false,false,near_mint,en,CAD,2024-02-08T07:15:33.039Z
Bulk Singles & Lands,binder,Shock,STA,Strixhaven Mystical Archive,44,normal,uncommon,1,58120,60eeb025-704c-4a82-90b2-f91202ae30d9,0.01,false,false,near_mint,en,CAD,2025-01-11T04:21:23.226Z
Bulk Singles & Lands,binder,Magewright's Stone,DIS,Dissension,162,normal,uncommon,1,27263,d27e8442-91ce-4106-bfc6-a1f6e0e34c2d,5.17,false,false,near_mint,en,CAD,2025-02-08T14:06:56.625Z
Bulk Singles & Lands,binder,Scoured Barrens,KTK,Khans of Tarkir,242,foil,common,2,13156,0824a960-dd89-45c5-90f0-3ec9eb47d9ce,0.33,false,false,near_mint,en,CAD,2024-05-14T02:43:07.659Z
Bulk Singles & Lands,binder,Hidden Nursery,LCI,The Lost Caverns of Ixalan,276,normal,common,1,88788,a942939a-c06e-4b90-a404-ae5acfffcff9,0.01,false,false,near_mint,en,CAD,2024-02-03T21:11:36.571Z
Bulk Singles & Lands,binder,Kaslem's Stonetree // Kaslem's Strider,LCI,The Lost Caverns of Ixalan,197,normal,common,2,88613,78b1b412-228a-4e05-a4b3-8159ebf54dc6,0.01,false,false,near_mint,en,CAD,2024-02-03T21:24:23.337Z
Bulk Singles & Lands,binder,Tamiyo's Immobilizer,ONE,Phyrexia: All Will Be One,69,normal,uncommon,1,78887,daa20112-2955-439d-8802-3a228ba0832e,0.01,false,false,near_mint,en,CAD,2024-08-05T04:09:35.269Z
Bulk Singles & Lands,binder,Forest,DSK,Duskmourn: House of Horror,286,normal,common,2,98769,0da5fbc2-24ad-4520-a60a-436d3a485fec,0.02,false,false,near_mint,en,CAD,2024-10-18T02:03:16.115Z
Bulk Singles & Lands,binder,Steam Augury,THS,Theros,205,normal,rare,1,15459,6eb69801-b574-4b5f-82e7-8fd34cdadf74,0.07,false,false,near_mint,en,CAD,2024-02-03T21:24:23.337Z
Bulk Singles & Lands,binder,Lodestone Needle // Guidestone Compass,LCI,The Lost Caverns of Ixalan,62,normal,uncommon,2,88959,dedd7a22-92e2-41fd-aa80-944c69653a5e,0.01,false,false,near_mint,en,CAD,2024-02-03T21:24:23.337Z
Bulk Singles & Lands,binder,Mountain,ORI,Magic Origins,268,normal,common,1,10674,f1ddd6e0-dbdc-4ce0-bc26-f94c951f90ad,0.01,false,false,near_mint,en,CAD,2024-02-03T21:11:36.571Z
Bulk Singles & Lands,binder,Putrid Goblin,MH1,Modern Horizons,101,normal,common,1,44833,333406d5-abcc-4629-a33b-395d0662ba1b,0.15,false,false,near_mint,en,CAD,2024-10-04T02:37:01.701Z
Bulk Singles & Lands,binder,Island,ORI,Magic Origins,260,normal,common,1,10682,03f845b1-3b8a-4387-aae3-fd497acf193c,0.01,false,false,near_mint,en,CAD,2024-02-03T21:11:36.571Z
Bulk Singles & Lands,binder,Basri's Aegis,M21,Core Set 2021,322,normal,rare,1,50815,577657ed-162f-4104-b0af-ee9733e90f20,0.08,false,false,near_mint,en,CAD,2024-02-03T21:24:23.337Z
Bulk Singles & Lands,binder,Monastery Swiftspear,KTK,Khans of Tarkir,118,normal,uncommon,1,13280,b81c6c8b-a9cf-4866-89ba-7f8ad077b836,0.23,false,false,near_mint,en,CAD,2024-05-14T02:43:07.659Z
Bulk Singles & Lands,binder,Wayfarer's Bauble,MM2,Modern Masters 2015,234,normal,common,1,10983,1272beac-71ac-4a88-bd49-a5a907c182ac,0.19,false,false,near_mint,en,CAD,2024-10-04T02:37:01.701Z
Bulk Singles & Lands,binder,Mountain,J22,Jumpstart 2022,107,normal,common,2,76324,577aff75-67f7-42c8-b31f-50026c5ba5c6,0.03,false,false,near_mint,en,CAD,2024-02-03T21:11:36.571Z
Bulk Singles & Lands,binder,Mountain,MKM,Murders at Karlov Manor,275,normal,common,1,90871,5383b66e-e559-47d2-9967-9c2d5f898653,0.01,false,false,near_mint,en,CAD,2024-02-13T01:52:10.029Z
Bulk Singles & Lands,binder,Waking the Trolls,KHM,Kaldheim,234,normal,rare,1,56820,36016324-384c-4c68-8f73-8f39a244c879,0.1,false,false,near_mint,en,CAD,2024-02-03T21:24:23.337Z
Bulk Singles & Lands,binder,Hammer of Purphoros,THS,Theros,124,normal,rare,1,15540,3f867f61-676e-40b3-8e22-e60d0606c733,0.72,false,false,near_mint,en,CAD,2025-02-08T14:06:56.625Z
Bulk Singles & Lands,binder,Aggravated Assault,WOT,Wilds of Eldraine: Enchanting Tales,39,foil,rare,1,85221,01499449-5614-428f-8fc1-1fa74f7114ad,9.06,false,false,near_mint,en,CAD,2025-01-11T16:04:37.560Z
Bulk Singles & Lands,binder,Reckless Lackey,OTJ,Outlaws of Thunder Junction,140,normal,common,2,93262,912fcd14-5e81-418c-997b-771f2f38f63d,0.01,false,false,near_mint,en,CAD,2025-01-11T16:04:37.560Z
Bulk Singles & Lands,binder,Escape Tunnel,MKM,Murders at Karlov Manor,261,normal,common,1,91057,93ddde4f-d35e-4128-8f43-d0eadbd715de,0.01,false,false,near_mint,en,CAD,2024-10-04T02:37:01.701Z
Bulk Singles & Lands,binder,Despise,KTK,Khans of Tarkir,69,foil,uncommon,1,13329,64216ce3-945e-42d8-9127-cf11c687da67,0.07,false,false,near_mint,en,CAD,2024-05-14T02:43:07.659Z
Bulk Singles & Lands,binder,"Nicanzil, Current Conductor",LCI,The Lost Caverns of Ixalan,306,normal,uncommon,1,88539,6059b64c-3064-46de-af47-6dc6542dca23,0.01,false,false,near_mint,en,CAD,2024-02-03T21:24:23.337Z
Bulk Singles & Lands,binder,Opulent Palace,KTK,Khans of Tarkir,238,foil,uncommon,1,13160,21326575-80b9-4a4e-a93c-6880ec6575d5,5.34,false,false,near_mint,en,CAD,2024-05-14T02:43:07.659Z
Bulk Singles & Lands,binder,In the Presence of Ages,LCI,The Lost Caverns of Ixalan,192,normal,common,1,88720,97b1be22-3177-49af-bb06-42497d717c21,0.01,false,false,near_mint,en,CAD,2024-02-03T21:24:23.337Z
Bulk Singles & Lands,binder,Sylvan Advocate,OGW,Oath of the Gatewatch,144,normal,rare,1,9238,4ad1ff9b-306d-47c3-9334-371e4482370b,0.09,false,false,near_mint,en,CAD,2024-02-03T21:24:23.337Z
Bulk Singles & Lands,binder,Wind-Scarred Crag,KTK,Khans of Tarkir,247,foil,common,1,13151,3b296781-78ac-411f-88fc-2d924ad22986,0.14,false,false,near_mint,en,CAD,2024-05-14T02:43:07.659Z
Bulk Singles & Lands,binder,Shady Informant,MKM,Murders at Karlov Manor,231,normal,common,1,90659,0de36e63-8190-415f-b65b-bae1e595845d,0.01,false,false,near_mint,en,CAD,2024-02-10T00:11:28.082Z
Bulk Singles & Lands,binder,Molten Gatekeeper,MH3,Modern Horizons 3,128,normal,common,1,94877,9f5ba065-2806-4e99-a330-168cfe76250f,0.05,false,false,near_mint,en,CAD,2024-10-04T02:37:01.701Z
Bulk Singles & Lands,binder,Dead Drop,KTK,Khans of Tarkir,67,normal,uncommon,1,13331,ff25a19a-8f98-47ef-847c-ba526c82b290,0.01,false,false,near_mint,en,CAD,2024-11-09T16:00:16.376Z
Bulk Singles & Lands,binder,Ash Barrens,CMM,Commander Masters,419,normal,common,1,84968,df0693ae-55f9-4864-b5db-383715a04d21,0.03,false,false,near_mint,en,CAD,2024-10-04T02:37:01.701Z
Bulk Singles & Lands,binder,Altar of Dementia,CNS,Conspiracy,196,normal,rare,1,14224,c16b08f8-9c26-450d-ad97-b7734e4f5bc4,7.94,false,false,near_mint,en,CAD,2024-10-04T02:37:01.701Z
Bulk Singles & Lands,binder,Dimir Signet,RAV,Ravnica: City of Guilds,260,normal,common,1,27750,9a9a1df5-a4e8-49a4-aebe-ca93894ccfcf,0.39,false,false,near_mint,en,CAD,2024-12-03T04:53:19.745Z
Bulk Singles & Lands,binder,Fellwar Stone,BLC,Bloomburrow Commander,269,normal,uncommon,1,96512,e99c4fec-eb21-4288-a12f-1c58c4946bae,0.68,false,false,near_mint,en,CAD,2024-10-04T02:37:01.701Z
Bulk Singles & Lands,binder,Leyline Dowser,OTC,Outlaws of Thunder Junction Commander,75,normal,rare,2,93604,48759d1e-5963-4942-8093-cb14e5dbae97,0.06,false,false,near_mint,en,CAD,2025-01-09T03:44:06.112Z
Bulk Singles & Lands,binder,Nevinyrral's Disk,CMR,Commander Legends,328,normal,rare,1,55648,447c7c8a-ed88-4f4f-9e1c-d97bde20e40c,0.2,false,false,near_mint,en,CAD,2024-10-04T02:37:01.701Z
Bulk Singles & Lands,binder,Phyrexian Plaguelord,PLST,The List,CMA-61,normal,rare,1,48623,be25e502-5315-48b8-be57-154b4273ee90,0.14,false,false,near_mint,en,CAD,2024-10-04T02:37:01.701Z
Bulk Singles & Lands,binder,Invasion of Regatha // Disciples of the Inferno,MOM,March of the Machine,148,normal,uncommon,1,81196,ada79e04-bb69-4c92-a829-014f02b1e06a,0.01,false,false,near_mint,en,CAD,2024-10-04T02:37:01.701Z
Bulk Singles & Lands,binder,Invasion of Lorwyn // Winnowing Forces,MOM,March of the Machine,236,normal,uncommon,2,81155,93f623da-616e-4067-9ea8-5dfbeef8ce0b,0.01,false,false,near_mint,en,CAD,2025-01-09T03:44:06.112Z
Bulk Singles & Lands,binder,No More Lies,MKM,Murders at Karlov Manor,221,normal,uncommon,2,90694,1e0c695d-62f9-4805-9e2f-7032e8464136,0.34,false,false,near_mint,en,CAD,2025-01-09T03:44:06.112Z
Bulk Singles & Lands,binder,Undead Alchemist,MIC,Midnight Hunt Commander,105,normal,rare,1,63669,b7231a1c-f3aa-4346-9eb1-63e35ab3001c,0.49,false,false,near_mint,en,CAD,2024-12-03T04:53:19.745Z
Bulk Singles & Lands,binder,Stubborn Denial,KTK,Khans of Tarkir,56,normal,uncommon,2,13342,6f8626c4-306f-4e9d-8840-2bb73fe87e87,2.68,false,false,near_mint,en,CAD,2024-05-14T02:43:07.659Z
Bulk Singles & Lands,binder,Villainous Wealth,OTP,Breaking News,58,normal,rare,1,93194,66126f16-3d22-4d93-86c8-1800f1cfd22e,0.07,false,false,near_mint,en,CAD,2024-05-14T03:09:43.477Z
Bulk Singles & Lands,binder,Bonehoard Dracosaur,LCI,The Lost Caverns of Ixalan,134,normal,mythic,1,88335,2220ed60-3f8f-4dd2-8319-6a06896a5350,11.5,false,false,near_mint,en,CAD,2024-02-03T21:24:23.337Z
Bulk Singles & Lands,binder,Song of Stupefaction,LCI,The Lost Caverns of Ixalan,77,normal,common,1,88797,ab8f7a75-df5e-43b3-8c33-328ad0dc3c40,0.01,false,false,near_mint,en,CAD,2024-02-03T21:24:23.337Z
Bulk Singles & Lands,binder,Mountain,M20,Core Set 2020,275,normal,common,20,45185,4cf7d0ad-8fe2-4065-89e3-c2ee04062695,0.01,false,false,near_mint,en,CAD,2024-02-08T07:15:33.039Z
Bulk Singles & Lands,binder,Plains,ORI,Magic Origins,256,normal,common,4,10686,ed4f7329-9c72-4369-8b66-2a89423e957d,0.03,false,false,near_mint,en,CAD,2024-02-08T08:08:43.482Z
Bulk Singles & Lands,binder,Desert's Due,OTJ,Outlaws of Thunder Junction,85,normal,common,1,93119,35e899e4-e2de-44cf-b6f4-cace8d3770cb,0.01,false,false,near_mint,en,CAD,2024-05-14T03:09:43.477Z
Bulk Singles & Lands,binder,Mountain,M20,Core Set 2020,274,normal,common,22,45186,cbe67eb3-f10d-4f34-b4b0-fd00ee8cc325,0.05,false,false,near_mint,en,CAD,2024-02-08T07:15:33.039Z
Bulk Singles & Lands,binder,Peacewalker Colossus,AER,Aether Revolt,170,normal,rare,4,6244,1599b545-6b8e-4350-980a-59349374400d,0.09,false,false,near_mint,en,CAD,2024-02-03T21:24:23.337Z
Bulk Singles & Lands,binder,Disturbed Slumber,LCI,The Lost Caverns of Ixalan,182,normal,common,1,88441,4404b8d6-3673-4d82-b9ed-d28e9b54e1f6,0.01,false,false,near_mint,en,CAD,2024-02-03T21:24:23.337Z
Bulk Singles & Lands,binder,Ancient Lumberknot,VOW,Innistrad: Crimson Vow,230,normal,uncommon,2,64126,22264087-bac4-4746-b6ce-0d44cce163e6,0.04,false,false,near_mint,en,CAD,2025-01-09T03:44:06.112Z
Bulk Singles & Lands,binder,Arcane Sanctum,ALA,Shards of Alara,220,normal,uncommon,1,23879,6edc0681-4252-4d3d-baf3-f03c22af1208,0.35,false,false,near_mint,en,CAD,2024-12-03T04:53:19.745Z
Bulk Singles & Lands,binder,Hindering Light,OTP,Breaking News,46,normal,uncommon,2,93243,860f4304-38f1-4c2f-a122-2590619522fd,0.02,false,false,near_mint,en,CAD,2025-01-09T03:44:06.112Z
Bulk Singles & Lands,binder,"Captain Storm, Cosmium Raider",LCI,The Lost Caverns of Ixalan,227,normal,uncommon,1,88296,14c65f5a-10bd-4f9b-b816-46c2240b11ff,0.01,false,false,near_mint,en,CAD,2024-02-03T21:24:23.337Z
Bulk Singles & Lands,binder,Abzan Battle Priest,KTK,Khans of Tarkir,1,normal,uncommon,1,13397,8f5427b1-f1c2-4bb3-8736-701667ac2256,0.18,false,false,near_mint,en,CAD,2024-05-14T02:43:07.659Z
Bulk Singles & Lands,binder,Island,J22,Jumpstart 2022,102,normal,common,2,76275,49050cb4-1d8b-4f2f-ba48-206a107eb09c,0.02,false,false,near_mint,en,CAD,2024-02-03T21:11:36.571Z
Bulk Singles & Lands,binder,Ichor Synthesizer,ONE,Phyrexia: All Will Be One,55,normal,common,1,78659,7f516ee6-8f7b-40b2-82e5-9c4ea3e0a355,0.01,false,false,near_mint,en,CAD,2024-08-05T04:09:35.269Z
Bulk Singles & Lands,binder,Unlikely Alliance,ALL,Alliances,20,normal,uncommon,1,38828,c14d2c73-1934-4504-bbfb-62ba82e0a0e3,0.1,false,false,near_mint,en,CAD,2025-01-09T03:44:06.112Z
Bulk Singles & Lands,binder,Rattleblaze Scarecrow,SHM,Shadowmoor,259,normal,common,1,24607,4b46425f-516c-42f5-8df1-79af17d02a4a,0.26,false,false,near_mint,en,CAD,2024-10-04T02:37:01.701Z
Bulk Singles & Lands,binder,Boltbender,MKC,Murders at Karlov Manor Commander,340,normal,rare,1,90243,04193a0a-8ebc-4c8d-9eb6-661a373485f6,0.01,false,false,near_mint,en,CAD,2025-01-11T16:04:37.560Z
Bulk Singles & Lands,binder,Hordeling Outburst,KTK,Khans of Tarkir,111,normal,uncommon,2,13287,a5c1bf52-2737-423a-b340-07448afcaea6,0.21,false,false,near_mint,en,CAD,2024-05-14T02:43:07.659Z
Bulk Singles & Lands,binder,Colossal Rattlewurm,OTJ,Outlaws of Thunder Junction,159,normal,rare,1,93062,17a104d3-e4ac-44a0-9c6a-39965b1b9751,0.3,false,false,near_mint,en,CAD,2024-05-14T03:09:43.477Z
Bulk Singles & Lands,binder,Island,ORI,Magic Origins,258,normal,common,1,10684,13d88f06-276b-41d4-a4c3-d904f93ea403,0.03,false,false,near_mint,en,CAD,2024-02-03T21:11:36.571Z
Bulk Singles & Lands,binder,Gold-Forged Thopteryx,MAT,March of the Machine: The Aftermath,31,normal,uncommon,2,82544,6917d51b-eb61-4e7e-8336-8b4adf8d1e39,0.14,false,false,near_mint,en,CAD,2025-01-09T03:44:06.112Z
Bulk Singles & Lands,binder,Spelltwine,DDM,Duel Decks: Jace vs. Vraska,34,normal,rare,1,14716,0f749639-a16a-4865-afdb-f415324f2ed7,0.14,false,false,near_mint,en,CAD,2024-11-09T16:00:16.376Z
Bulk Singles & Lands,binder,Aura Finesse,ROE,Rise of the Eldrazi,54,normal,common,9,21913,0e398a02-1456-4fae-be75-4231c968bf47,0.03,false,false,near_mint,en,CAD,2024-02-03T21:24:23.337Z
Bulk Singles & Lands,binder,Worn Powerstone,MH3,Modern Horizons 3,298,normal,uncommon,1,94578,ace686ad-9e3f-41b3-b8eb-d1b6d45eb4e1,0.07,false,false,near_mint,en,CAD,2024-10-04T02:37:01.701Z
Bulk Singles & Lands,binder,Goblin War Drums,A25,Masters 25,133,normal,uncommon,1,2583,6d18b250-cbfb-4248-96c6-c1b36f8299b8,1.08,false,false,near_mint,en,CAD,2025-01-11T04:21:23.226Z
Bulk Singles & Lands,binder,The Mindskinner,DSK,Duskmourn: House of Horror,66,normal,rare,1,98856,7f1bb4c5-99be-46cc-ad54-7affb5f0144c,0.7,false,false,near_mint,en,CAD,2024-12-03T04:53:19.745Z
Bulk Singles & Lands,binder,Goblin Warchief,EVG,Duel Decks Anthology: Elves vs. Goblins,42,normal,uncommon,1,12374,5a0d58e2-6755-42df-b7f6-aa87dc03c9fa,1.42,false,false,near_mint,en,CAD,2025-01-11T04:21:23.226Z
Bulk Singles & Lands,binder,"Akawalli, the Seething Tower",LCI,The Lost Caverns of Ixalan,220,normal,uncommon,2,88431,3ee62dd1-97d0-4e5d-8937-26c9e51e9414,0.01,false,false,near_mint,en,CAD,2025-01-09T03:44:06.112Z
Bulk Singles & Lands,binder,Thought Scour,DKA,Dark Ascension,52,normal,common,1,18485,88bf1ebb-9d85-4b9b-a614-c7f965c0893d,0.21,false,false,near_mint,en,CAD,2024-11-09T16:00:16.376Z
Bulk Singles & Lands,binder,Bedevil,DMC,Dominaria United Commander,144,normal,rare,1,71880,fc81669c-af6e-4af4-b1eb-43ff7fdda590,0.34,false,false,near_mint,en,CAD,2024-10-04T02:37:01.701Z
Bulk Singles & Lands,binder,Flesh-Eater Imp,MBS,Mirrodin Besieged,42,normal,uncommon,1,20099,6d5ee9f3-80fe-43b0-be5b-0c93103e1077,0.16,false,false,near_mint,en,CAD,2024-10-04T02:37:01.701Z
Bulk Singles & Lands,binder,Azorius Signet,C20,Commander 2020,238,normal,uncommon,1,50180,20c8186f-4874-4870-b99f-73d333045d9a,0.21,false,false,near_mint,en,CAD,2024-12-03T04:53:19.745Z
Bulk Singles & Lands,binder,Icefeather Aven,KTK,Khans of Tarkir,178,foil,uncommon,2,13220,ecdee089-8e89-4c99-9390-e8f4c189cffb,0.48,false,false,near_mint,en,CAD,2024-05-14T02:43:07.659Z
Bulk Singles & Lands,binder,"Kotose, the Silent Spider",NEO,Kamigawa: Neon Dynasty,228,normal,rare,2,66669,314e97b5-cd43-4f5e-acdd-a107208e061c,0.03,false,false,near_mint,en,CAD,2025-01-09T03:44:06.112Z
Bulk Singles & Lands,binder,Mutated Cultist,M3C,Modern Horizons 3 Commander,53,normal,rare,1,95035,cc4bb871-cde9-43a9-8089-5987fa0dd4ef,0.72,false,false,near_mint,en,CAD,2025-02-08T14:06:56.625Z
Bulk Singles & Lands,binder,Hell to Pay,OTJ,Outlaws of Thunder Junction,126,normal,rare,1,91807,84ad8ed7-1429-432e-8217-a4db3b97675c,0.18,false,false,near_mint,en,CAD,2024-05-14T03:09:43.477Z
Bulk Singles & Lands,binder,Heir of the Wilds,KTK,Khans of Tarkir,134,normal,uncommon,1,13264,0995e041-fe90-4459-8c70-fd9851ecf830,0.01,false,false,near_mint,en,CAD,2024-05-14T02:43:07.659Z
Bulk Singles & Lands,binder,Goblin Ringleader,EVG,Duel Decks Anthology: Elves vs. Goblins,40,normal,uncommon,1,12376,2b549543-7447-4bb9-ad0e-b24fd3d7ed4f,0.89,false,false,near_mint,en,CAD,2025-01-11T04:21:23.226Z
Bulk Singles & Lands,binder,Sunken Hollow,WOC,Wilds of Eldraine Commander,168,normal,rare,1,85378,4953d020-2173-448c-a8ec-0611e8262d6a,0.24,false,false,near_mint,en,CAD,2024-12-03T04:53:19.745Z
Bulk Singles & Lands,binder,Opulent Palace,KTK,Khans of Tarkir,238,normal,uncommon,1,13160,21326575-80b9-4a4e-a93c-6880ec6575d5,0.07,false,false,near_mint,en,CAD,2024-05-14T02:43:07.659Z
Bulk Singles & Lands,binder,Frontier Bivouac,KTK,Khans of Tarkir,234,foil,uncommon,1,13164,e4335951-e73e-45cb-b2a5-6e9d14ba87ee,3.09,false,false,near_mint,en,CAD,2024-05-14T02:43:07.659Z
Bulk Singles & Lands,binder,Mountain,LTR,The Lord of the Rings: Tales of Middle-earth,268,normal,common,1,83589,e3731001-4e6a-4a91-9e7d-fc2ea039a60b,0.01,false,false,near_mint,en,CAD,2024-12-21T17:34:52.750Z
Bulk Singles & Lands,binder,Goblin Recruiter,VIS,Visions,80,normal,uncommon,1,38093,6ee791d5-1d48-40e8-b65f-b6aa889f3467,7.52,false,false,near_mint,en,CAD,2025-02-08T14:06:56.625Z
Bulk Singles & Lands,binder,Mountain,M20,Core Set 2020,276,normal,common,18,45184,514f8188-3d9e-4937-bfcb-b73acd80878d,0.03,false,false,near_mint,en,CAD,2024-02-08T07:15:33.039Z
Bulk Singles & Lands,binder,Consuming Aberration,FDN,Foundations,238,foil,rare,1,101066,bc2b28fd-66b0-457c-80ea-7caed2cc7926,0.07,false,false,near_mint,en,CAD,2024-12-03T04:53:19.745Z
Bulk Singles & Lands,binder,Swamp,M20,Core Set 2020,269,normal,common,20,45191,184a196e-8604-49d2-a66a-6f7c0eafd5de,0.45,false,false,near_mint,en,CAD,2024-02-08T07:15:33.039Z
Bulk Singles & Lands,binder,Twinshot Sniper,NEO,Kamigawa: Neon Dynasty,168,normal,uncommon,1,66322,08a86009-4637-4b6c-9d36-367151583668,0.01,false,false,near_mint,en,CAD,2025-01-11T16:04:37.560Z
Bulk Singles & Lands,binder,Murderous Redcap,SHM,Shadowmoor,192,normal,uncommon,1,24674,5f7171f0-7d42-47c9-ab46-93c2bb42c914,0.42,false,false,near_mint,en,CAD,2024-10-04T02:37:01.701Z
Bulk Singles & Lands,binder,Siege-Gang Commander,LTC,Tales of Middle-earth Commander,228,normal,rare,1,83324,98b913e1-c26d-4a7d-9671-50d483304ba3,0.14,false,false,near_mint,en,CAD,2025-01-11T04:21:23.226Z
Bulk Singles & Lands,binder,Fathom Mage,GK2,RNA Guild Kit,118,normal,rare,1,43915,60170cd6-a89a-4d3f-a707-8e2f326023cc,0.27,false,false,near_mint,en,CAD,2024-02-03T21:25:55.964Z
Bulk Singles & Lands,binder,Monastery Swiftspear,KTK,Khans of Tarkir,118,foil,uncommon,1,13280,b81c6c8b-a9cf-4866-89ba-7f8ad077b836,4.12,false,false,near_mint,en,CAD,2024-05-14T02:43:07.659Z
Bulk Singles & Lands,binder,Sigiled Starfish,JOU,Journey into Nyx,52,normal,common,1,14597,85a61f99-44f8-4a2b-b7f2-7899a694552d,0.01,false,false,near_mint,en,CAD,2024-12-03T04:53:19.745Z
Bulk Singles & Lands,binder,Master's Guide-Mural // Master's Manufactory,LCI,The Lost Caverns of Ixalan,233,normal,uncommon,2,89043,f7a41343-7cdb-49aa-a9d1-7460195355d8,0.01,false,false,near_mint,en,CAD,2025-01-09T03:44:06.112Z
Bulk Singles & Lands,binder,Blast Zone,WAR,War of the Spark,244,normal,rare,1,44160,ea6bc7d5-e8f6-4103-920c-9f7ec5cd6c28,0.14,false,false,near_mint,en,CAD,2025-01-11T04:21:23.226Z
Bulk Singles & Lands,binder,Everflowing Chalice,C14,Commander 2014,239,normal,uncommon,1,12617,2dd9f287-fc13-4bb1-851f-8d76c5cc12d8,0.3,false,false,near_mint,en,CAD,2024-10-04T02:37:01.701Z
Bulk Singles & Lands,binder,Tin Street Gossip,MKM,Murders at Karlov Manor,235,normal,uncommon,1,90819,4094b13f-28d4-48b6-8cce-3c44656745b7,0.03,false,false,near_mint,en,CAD,2024-02-13T01:35:33.835Z
Bulk Singles & Lands,binder,Reckless Handling,MAT,March of the Machine: The Aftermath,19,foil,uncommon,1,82481,239165bb-7819-4d54-a84c-2911934253d6,0.07,false,false,near_mint,en,CAD,2024-10-04T02:37:01.701Z
Bulk Singles & Lands,binder,Forest,M20,Core Set 2020,280,normal,common,4,45180,43e7e6ec-9bfe-4062-a538-2a748d2eed1f,0.04,false,false,near_mint,en,CAD,2024-08-05T04:36:55.390Z
Bulk Singles & Lands,binder,Faithless Looting,DKA,Dark Ascension,87,normal,common,1,18450,a1b0da17-d595-441d-811c-a2d28d2bb232,0.15,false,false,near_mint,en,CAD,2024-10-04T02:37:01.701Z
Bulk Singles & Lands,binder,Myriad Landscape,KHC,Kaldheim Commander,115,normal,uncommon,1,57214,4544593c-c155-436f-a74b-eea3e854ad1d,0.18,false,false,near_mint,en,CAD,2024-10-04T02:37:01.701Z
Bulk Singles & Lands,binder,Island,ORI,Magic Origins,259,normal,common,1,10683,7880b12e-948b-4f3a-bb0b-604e3dd66f78,0.02,false,false,near_mint,en,CAD,2024-02-03T21:11:36.571Z
Bulk Singles & Lands,binder,Cunning Rhetoric,OTC,Outlaws of Thunder Junction Commander,129,normal,rare,1,93607,4a163794-db93-4cf6-a2ea-1af288109dc1,0.26,false,false,near_mint,en,CAD,2025-02-08T14:06:56.625Z
Bulk Singles & Lands,binder,Set Adrift,KTK,Khans of Tarkir,54,normal,uncommon,1,13344,cdad122d-a872-449f-9a7c-0f054b711d11,0.01,false,false,near_mint,en,CAD,2024-05-14T02:43:07.659Z
Bulk Singles & Lands,binder,Smoldering Marsh,BRC,The Brothers' War Commander,202,normal,rare,1,75807,d6882120-e807-4695-af88-ddfec92f6127,0.15,false,false,near_mint,en,CAD,2024-10-04T02:37:01.701Z
Bulk Singles & Lands,binder,"Jaya, Venerated Firemage",WAR,War of the Spark,135,normal,uncommon,1,44269,129dc8a8-9fbc-4300-b559-243395dc6ed5,0.04,false,false,near_mint,en,CAD,2025-01-11T04:21:23.226Z
Bulk Singles & Lands,binder,Liquimetal Coating,BRR,The Brothers' War Retro Artifacts,91,normal,uncommon,1,75956,79c65620-0f4e-4974-9e0b-5701052a68f9,0.01,false,false,near_mint,en,CAD,2025-01-11T04:21:23.226Z
Bulk Singles & Lands,binder,Forest,LTR,The Lord of the Rings: Tales of Middle-earth,281,normal,common,1,83018,3efeaa30-9db9-4e68-a658-9064d6e67516,0.14,false,false,near_mint,en,CAD,2024-12-21T17:34:52.750Z
Bulk Singles & Lands,binder,Symmetry Matrix,BRO,The Brothers' War,252,normal,uncommon,1,75566,786bce65-1c04-45fc-b81b-e7590afbd117,0.13,false,false,near_mint,en,CAD,2025-01-11T04:21:23.226Z
Bulk Singles & Lands,binder,Hardbristle Bandit,OTJ,Outlaws of Thunder Junction,168,normal,common,1,93347,cbe544fb-93b7-4640-b886-cb0b3e437357,0.01,false,false,near_mint,en,CAD,2024-05-14T03:09:43.477Z
Bulk Singles & Lands,binder,"Invasion of Fiora // Marchesa, Resolute Monarch",MOM,March of the Machine,114,normal,rare,1,81201,b3af679b-6ee6-4a1d-8ec3-b659bdd90b4a,0.33,false,false,near_mint,en,CAD,2024-10-06T16:48:03.190Z
Bulk Singles & Lands,binder,Rakdos Charm,RTR,Return to Ravnica,184,normal,uncommon,1,17238,0fcd4394-d22d-4eec-ad73-ffaf10ad60de,0.41,false,false,near_mint,en,CAD,2024-10-04T02:37:01.701Z
Bulk Singles & Lands,binder,Brackish Blunder,LCI,The Lost Caverns of Ixalan,46,foil,common,1,88954,dea3d0f4-76f5-416f-93ba-8b003b967816,0.01,false,false,near_mint,en,CAD,2024-02-03T21:24:23.337Z
Bulk Singles & Lands,binder,Pashalik Mons,DMR,Dominaria Remastered,133,normal,rare,1,78125,ca20a650-65b0-4714-b7ce-0481af3db377,1.08,false,false,near_mint,en,CAD,2025-02-08T14:06:56.625Z
Bulk Singles & Lands,binder,Vampire Hexmage,2XM,Double Masters,112,normal,uncommon,1,51961,97ec2e55-fa60-4ee1-b9c0-e6b84939697b,0.21,false,false,near_mint,en,CAD,2024-12-03T04:53:19.745Z
Bulk Singles & Lands,binder,Blossoming Sands,KTK,Khans of Tarkir,231,normal,common,1,13167,a32a1c0b-f6ea-475a-aa01-3618ea7d8647,0.01,false,false,near_mint,en,CAD,2024-05-14T02:43:07.659Z
Bulk Singles & Lands,binder,Tamiyo's Logbook,ONE,Phyrexia: All Will Be One,70,normal,uncommon,1,78399,0edb2d01-9a94-410c-8ab7-ca1b404ab5f0,0.01,false,false,near_mint,en,CAD,2024-08-05T04:09:35.269Z
Bulk Singles & Lands,binder,Swiftwater Cliffs,KTK,Khans of Tarkir,243,normal,common,1,13155,e782d005-a563-4738-978a-73a3465de78f,0.01,false,false,near_mint,en,CAD,2024-05-14T02:43:07.659Z
Bulk Singles & Lands,binder,Zof Consumption // Zof Bloodbog,ZNR,Zendikar Rising,132,normal,uncommon,1,54657,98496d5b-1519-4f0c-8b46-0a43be643dfb,0.07,false,false,near_mint,en,CAD,2024-10-04T02:37:01.701Z
Bulk Singles & Lands,binder,Counterpoint,MKC,Murders at Karlov Manor Commander,41,normal,rare,1,90495,b74caf65-1e6c-444e-9121-906ba7e8ea20,0.06,false,false,near_mint,en,CAD,2024-12-03T04:53:19.745Z
Bulk Singles & Lands,binder,Sunfire Torch,LCI,The Lost Caverns of Ixalan,167,normal,common,1,88846,bb040fc7-f728-4482-92af-9a320c03bb54,0.01,false,false,near_mint,en,CAD,2024-02-03T21:24:23.337Z
Bulk Singles & Lands,binder,Stensia Bloodhall,SCD,Starter Commander Decks,320,normal,rare,1,77329,4c936ea7-8802-4ae7-9d85-4b873cbd56ce,0.05,false,false,near_mint,en,CAD,2024-10-04T02:37:01.701Z
Bulk Singles & Lands,binder,Plains,ORI,Magic Origins,254,normal,common,4,10688,763c1eaa-fe29-4b24-8e41-96b94e5a75a4,0.01,false,false,near_mint,en,CAD,2024-02-08T08:08:43.482Z
Bulk Singles & Lands,binder,Foreboding Ruins,40K,"Warhammer 40,000 Commander",279,normal,rare,1,72325,31e1c45c-eb7b-4ae6-9dd2-e65d9ef00686,0.23,false,false,near_mint,en,CAD,2024-10-04T02:37:01.701Z
Bulk Singles & Lands,binder,Aethersquall Ancient,KLD,Kaladesh,39,normal,rare,1,7604,55127a25-dc64-4f26-ae50-ed7247c22ae6,0.05,false,false,near_mint,en,CAD,2024-02-03T21:24:23.337Z
Bulk Singles & Lands,binder,Goblin Charbelcher,PLST,The List,DDT-57,normal,rare,1,47766,354e412f-7df0-4ba6-acf7-c8abd8fe8b92,0.23,false,false,near_mint,en,CAD,2025-01-11T04:21:23.226Z
Bulk Singles & Lands,binder,Marauding Brinefang,LCI,The Lost Caverns of Ixalan,64,normal,common,1,88610,78328899-7996-4cfd-bf00-d2a0d0ff3ef8,0.01,false,false,near_mint,en,CAD,2024-02-03T21:24:23.337Z
Bulk Singles & Lands,binder,Suspension Field,KTK,Khans of Tarkir,25,foil,uncommon,1,13373,ba5c9628-1801-43d9-8bb4-4cca168510b2,0.19,false,false,near_mint,en,CAD,2024-05-14T02:43:07.659Z
Bulk Singles & Lands,binder,Jeskai Charm,KTK,Khans of Tarkir,181,normal,uncommon,2,13217,ca268705-ef04-4bf1-8a5d-866bb3e5bb61,0.1,false,false,near_mint,en,CAD,2024-05-14T02:43:07.659Z
Bulk Singles & Lands,binder,Crime Novelist,MKM,Murders at Karlov Manor,121,normal,uncommon,3,90673,14a5cd7c-b0b1-4ffa-a806-bb0e73baffad,0.36,false,false,near_mint,en,CAD,2025-01-11T16:04:37.560Z
Bulk Singles & Lands,binder,Basri Ket,M21,Core Set 2021,7,normal,mythic,2,50905,98c85699-2daf-4e87-a3be-465d02bd64bb,0.7,false,false,near_mint,en,CAD,2024-02-03T21:24:23.337Z
Bulk Singles & Lands,binder,Over the Edge,LCI,The Lost Caverns of Ixalan,205,normal,common,1,88342,23dddddb-5409-4c28-bf32-e6473f2cc620,0.01,false,false,near_mint,en,CAD,2024-02-03T21:24:23.337Z
Bulk Singles & Lands,binder,Suspicious Detonation,MKM,Murders at Karlov Manor,145,normal,common,1,90948,6e280482-ed7e-4011-899e-096ff7bd4c41,0.01,false,false,near_mint,en,CAD,2024-02-13T01:35:33.835Z
Bulk Singles & Lands,binder,Fabled Passage,BLB,Bloomburrow,252,normal,rare,1,96075,8809830f-d8e1-4603-9652-0ad8b00234e9,2.71,false,false,near_mint,en,CAD,2024-10-04T02:37:01.701Z
Bulk Singles & Lands,binder,Plains,M20,Core Set 2020,262,normal,common,21,45198,e9495172-6fde-4aae-b47e-fc887440120e,0.02,false,false,near_mint,en,CAD,2024-02-08T07:15:33.039Z
Bulk Singles & Lands,binder,Witty Roastmaster,SNC,Streets of New Capenna,131,normal,common,1,67822,71d13f19-482b-4a2e-9692-b7d7caf2f9f5,0.15,false,false,near_mint,en,CAD,2024-10-04T02:37:01.701Z
Bulk Singles & Lands,binder,Plains,M20,Core Set 2020,263,normal,common,20,45197,8fd675c7-7dac-4ad1-9243-6d1eda0fa30c,0.04,false,false,near_mint,en,CAD,2024-02-08T07:15:33.039Z
Bulk Singles & Lands,binder,Moria Marauder,LTR,The Lord of the Rings: Tales of Middle-earth,138,normal,rare,1,83637,f33d5394-2248-4654-bec5-33b144752586,0.26,false,false,near_mint,en,CAD,2025-01-11T04:21:23.226Z
Bulk Singles & Lands,binder,Pathfinding Axejaw,LCI,The Lost Caverns of Ixalan,206,normal,common,1,88746,9f619075-ca5d-4e09-bd84-31e6b61eaa7e,0.01,false,false,near_mint,en,CAD,2024-02-03T21:24:23.337Z
Bulk Singles & Lands,binder,Waterlogged Hulk // Watertight Gondola,LCI,The Lost Caverns of Ixalan,83,normal,uncommon,2,88629,7ea89d3c-8d47-4bbb-9271-8cdfd9296e2f,0.01,false,false,near_mint,en,CAD,2024-02-03T21:24:23.337Z
Bulk Singles & Lands,binder,"Firja, Judge of Valor",MUL,Multiverse Legends,40,normal,uncommon,2,81343,46f485c6-a2b2-4da3-8804-b2b816eba344,0.02,false,false,near_mint,en,CAD,2025-01-09T03:44:06.112Z
Bulk Singles & Lands,binder,Mirage Mesa,OTJ,Outlaws of Thunder Junction,262,normal,common,1,93337,c3d2e816-c06d-4c5d-98fe-c350d8cfab27,0.01,false,false,near_mint,en,CAD,2024-05-14T03:09:43.477Z
Bulk Singles & Lands,binder,Tomb of the Spirit Dragon,KTK,Khans of Tarkir,245,normal,uncommon,1,13153,eb6be7ab-8fad-4606-b623-f2188219d60b,0.15,false,false,near_mint,en,CAD,2024-05-14T02:43:07.659Z
Bulk Singles & Lands,binder,Walk with the Ancestors,LCI,The Lost Caverns of Ixalan,218,normal,common,1,88590,71a6f85b-5ef8-4526-9c86-7cb71508b4c0,0.01,false,false,near_mint,en,CAD,2024-02-03T21:24:23.337Z
Bulk Singles & Lands,binder,Gurmag Swiftwing,KTK,Khans of Tarkir,74,normal,uncommon,1,13324,a7492918-b3c6-468f-9484-d73f0a27b37b,0.11,false,false,near_mint,en,CAD,2024-05-14T02:43:07.659Z
Bulk Singles & Lands,binder,Prologue to Phyresis,ONE,Phyrexia: All Will Be One,65,normal,common,1,78771,ac625f30-ed91-4b21-ada8-aaa5b2ad79b8,0.1,false,false,near_mint,en,CAD,2024-08-05T04:09:35.269Z
Bulk Singles & Lands,binder,Falkenrath Noble,VOC,Crimson Vow Commander,128,normal,uncommon,1,64579,89420882-5833-46f0-9a3f-3c8e694074df,0.19,false,false,near_mint,en,CAD,2024-10-04T02:37:01.701Z
Bulk Singles & Lands,binder,Relic's Roar,LCI,The Lost Caverns of Ixalan,71,normal,common,1,88398,35096eb3-ad7b-4b6e-b799-cb4cc447883e,0.01,false,false,near_mint,en,CAD,2024-02-03T21:24:23.337Z
Bulk Singles & Lands,binder,Island,M20,Core Set 2020,267,normal,common,18,45193,9db3bac6-81c9-4bb5-aca6-371cec8efa0d,0.03,false,false,near_mint,en,CAD,2024-02-08T07:15:33.039Z
Bulk Singles & Lands,binder,Urgent Necropsy,MKM,Murders at Karlov Manor,421,normal,mythic,2,91341,fe89b207-04a4-4cdc-95a2-07c7761b885e,0.25,false,false,near_mint,en,CAD,2025-01-09T03:44:06.112Z
Bulk Singles & Lands,binder,Swamp,M20,Core Set 2020,270,normal,common,19,45190,4f3a387a-4bc1-4338-9d1e-0fbcb6f03b82,0.01,false,false,near_mint,en,CAD,2024-02-08T07:15:33.039Z
Bulk Singles & Lands,binder,Monk Class,AFR,Adventures in the Forgotten Realms,228,foil,rare,1,60383,b2edd708-46ee-4963-b7e6-b631616d78fe,0.24,false,false,near_mint,en,CAD,2024-11-09T16:00:16.376Z
Bulk Singles & Lands,binder,Rakdos Carnarium,VOC,Crimson Vow Commander,180,normal,common,1,64520,385e7ce2-0484-4763-949a-10082cd60e46,0.14,false,false,near_mint,en,CAD,2024-10-04T02:37:01.701Z
Bulk Singles & Lands,binder,Clue,TMKM,Murders at Karlov Manor Tokens,14,normal,common,1,91295,ee022200-f589-4f06-8de8-d313e29f7be8,,false,false,near_mint,en,CAD,2024-02-13T01:30:51.338Z
Bulk Singles & Lands,binder,Mountain,J22,Jumpstart 2022,109,normal,common,2,76589,a1cfd796-50a5-404f-acc1-21dbf543ccc1,0.02,false,false,near_mint,en,CAD,2024-02-03T21:11:36.571Z
Bulk Singles & Lands,binder,Simic Sky Swallower,MM3,Modern Masters 2017,182,normal,rare,1,6031,93288c87-84ad-40c8-a998-a3e36075adfd,0.1,false,false,near_mint,en,CAD,2024-02-03T21:24:23.337Z
Bulk Singles & Lands,binder,Set Adrift,KTK,Khans of Tarkir,54,normal,uncommon,1,13344,cdad122d-a872-449f-9a7c-0f054b711d11,0.01,false,false,near_mint,en,CAD,2024-11-09T16:00:16.376Z
Bulk Singles & Lands,binder,Blasting Station,5DN,Fifth Dawn,107,normal,uncommon,1,29388,71e2f832-6601-4232-b250-fd1c88538fbd,10.05,false,false,near_mint,en,CAD,2025-02-08T14:06:56.625Z
Bulk Singles & Lands,binder,Prismatic Lens,OTC,Outlaws of Thunder Junction Commander,264,normal,uncommon,1,93697,74e8d3a8-5937-4108-b2fe-23e049379345,0.2,false,false,near_mint,en,CAD,2024-10-04T02:37:01.701Z
Bulk Singles & Lands,binder,Poison Dart Frog,LCI,The Lost Caverns of Ixalan,207,normal,common,1,88544,62c1f09a-9d17-415c-8afa-cd0b62abe48d,0.07,false,false,near_mint,en,CAD,2024-02-03T21:24:23.337Z
Bulk Singles & Lands,binder,Treasure Cruise,M3C,Modern Horizons 3 Commander,195,normal,common,1,95063,eea26297-52e2-46a6-8231-f378d41ee269,0.21,false,false,near_mint,en,CAD,2024-11-09T16:00:16.376Z
Bulk Singles & Lands,binder,"Verazol, the Split Current",ZNR,Zendikar Rising,239,normal,rare,1,54611,752a2aa9-40ed-4c64-b945-bc6fec606b7b,0.01,false,false,near_mint,en,CAD,2024-02-03T21:24:23.337Z
Bulk Singles & Lands,binder,Ramunap Ruins,HOU,Hour of Devastation,181,normal,uncommon,1,4494,af11d41a-0d29-45e9-9d27-a41282b9e292,0.28,false,false,near_mint,en,CAD,2024-10-04T02:37:01.701Z
Bulk Singles & Lands,binder,Murmuring Mystic,RVR,Ravnica Remastered,51,normal,uncommon,1,89692,57cd7b12-c944-43e3-846f-ffea4a664a1f,0.14,false,false,near_mint,en,CAD,2024-12-03T04:53:19.745Z
Bulk Singles & Lands,binder,Brainstorm,EMA,Eternal Masters,40,normal,uncommon,1,8635,3e4e6787-af32-44f2-ac56-6f348254aa6d,1.53,false,false,near_mint,en,CAD,2024-11-09T16:00:16.376Z
Bulk Singles & Lands,binder,Oblivion Stone,M3C,Modern Horizons 3 Commander,303,normal,rare,1,94922,2994bab5-59ae-4545-a125-67032850b4de,0.07,false,false,near_mint,en,CAD,2024-10-04T02:37:01.701Z
Bulk Singles & Lands,binder,Island,J22,Jumpstart 2022,103,normal,common,4,76255,4237eaa8-1169-47b2-9009-ac529831a36e,0.02,false,false,near_mint,en,CAD,2024-02-03T21:11:36.571Z
Bulk Singles & Lands,binder,Jungle Hollow,KTK,Khans of Tarkir,235,foil,common,1,13163,fea27aa7-7fcf-4198-b03a-5034a03ba81f,0.26,false,false,near_mint,en,CAD,2024-05-14T02:43:07.659Z
Bulk Singles & Lands,binder,Island,M20,Core Set 2020,265,normal,common,20,45195,fe7f4393-38f9-43b5-873b-58246183b874,0.4,false,false,near_mint,en,CAD,2024-02-08T07:15:33.039Z
Bulk Singles & Lands,binder,Voracious Dragon,CON,Conflux,75,normal,rare,1,23654,7a2ab319-bad8-4695-b56c-3654ba3389c5,0.36,false,false,near_mint,en,CAD,2025-01-11T04:21:23.226Z
Bulk Singles & Lands,binder,Decree of Pain,CMM,Commander Masters,148,normal,rare,1,84519,7af6702a-a7d9-4d86-8ba2-364417a31dbb,0.2,false,false,near_mint,en,CAD,2024-10-04T02:37:01.701Z
Bulk Singles & Lands,binder,Battle Cry Goblin,AFR,Adventures in the Forgotten Realms,132,normal,uncommon,1,60340,9766a427-2bb3-4028-a502-d1194cdc93aa,0.14,false,false,near_mint,en,CAD,2025-02-08T14:06:56.625Z
Bulk Singles & Lands,binder,Dark Privilege,VIS,Visions,56,normal,common,1,38117,10d2cf44-cc20-4a37-81ae-930f8c6d0896,0.29,false,false,near_mint,en,CAD,2025-02-08T14:06:56.625Z
Bulk Singles & Lands,binder,Kraul Whipcracker,MKM,Murders at Karlov Manor,213,normal,uncommon,2,90650,0c08ed44-2c13-4029-af2e-68585a76bb03,0.01,false,false,near_mint,en,CAD,2025-01-09T03:44:06.112Z
Bulk Singles & Lands,binder,Volley Veteran,M19,Core Set 2019,168,normal,uncommon,1,1144,164960fc-6e80-4a53-90d7-5a18c0a28083,0.09,false,false,near_mint,en,CAD,2025-01-11T04:21:23.226Z
Bulk Singles & Lands,binder,Harvest Hand // Scrounged Scythe,INR,Innistrad Remastered,265,normal,common,1,102596,6f29b655-f70f-4b30-9253-c7944bfee524,0.01,false,false,near_mint,en,CAD,2025-02-13T03:10:20.959Z
Bulk Singles & Lands,binder,Cavalier of Dawn,SPG,Special Guests,84,normal,mythic,1,103426,0d650ea3-2e80-4bcf-b800-7f2063d2acd9,1.24,false,false,near_mint,en,CAD,2025-10-16T21:41:36.240Z
Bulk Singles & Lands,binder,Aura Finesse,ROE,Rise of the Eldrazi,54,foil,common,3,21913,0e398a02-1456-4fae-be75-4231c968bf47,0.25,false,false,near_mint,en,CAD,2024-02-03T21:24:23.337Z
Bulk Singles & Lands,binder,Slime Against Humanity,MKM,Murders at Karlov Manor,177,normal,common,2,90698,1eb21318-d32e-4724-8908-c0d7613de2f4,1.07,false,false,near_mint,en,CAD,2025-01-09T03:44:06.112Z
Bulk Singles & Lands,binder,Bonepicker Skirge,ONE,Phyrexia: All Will Be One,290,normal,common,1,78904,e0e1de30-1899-49ef-88ae-6defc69f19b3,0.01,false,false,near_mint,en,CAD,2024-08-05T04:09:35.269Z
Bulk Singles & Lands,binder,Awaken the Sleeper,ONE,Phyrexia: All Will Be One,119,normal,uncommon,1,78509,3b92f866-2522-4f2a-a5ca-7d01ad79b927,0.01,false,false,near_mint,en,CAD,2024-08-05T04:09:35.269Z
Bulk Singles & Lands,binder,Ethereal Forager,C20,Commander 2020,34,normal,rare,1,50384,97543d69-547e-41f8-9a4f-908e5eb0ee4a,0.14,false,false,near_mint,en,CAD,2024-11-09T16:00:16.376Z
Bulk Singles & Lands,binder,Swamp,M20,Core Set 2020,272,normal,common,12,45188,6ba77dad-f157-4e31-9654-921967ea98c0,0.09,false,false,near_mint,en,CAD,2024-02-08T07:15:33.039Z
Bulk Singles & Lands,binder,Restless Anchorage,LCI,The Lost Caverns of Ixalan,347,normal,rare,1,88280,0fc7725d-eb04-4778-8f5e-4c1239ed08b8,0.87,false,false,near_mint,en,CAD,2024-02-03T21:24:23.337Z
Bulk Singles & Lands,binder,Swords to Plowshares,40K,"Warhammer 40,000 Commander",190,normal,uncommon,1,72461,99263917-25ca-4d54-b1f9-d6d316747088,1.33,false,false,near_mint,en,CAD,2024-12-03T04:53:19.745Z
Bulk Singles & Lands,binder,Illicit Shipment,SNC,Streets of New Capenna,83,normal,uncommon,1,67636,1f7cced2-390b-499f-ace3-e52fd53d4712,0.01,false,false,near_mint,en,CAD,2024-10-04T02:37:01.701Z
Bulk Singles & Lands,binder,Ghostly Pilferer,VOC,Crimson Vow Commander,105,normal,rare,1,64601,a36bccf0-3b69-45b1-8229-48df93b9c6a1,0.14,false,false,near_mint,en,CAD,2024-12-03T04:53:19.745Z
Bulk Singles & Lands,binder,Biomass Mutation,GTC,Gatecrash,213,normal,rare,1,16611,fbe0a11d-0390-437e-8ece-3229863c76db,0.09,false,false,near_mint,en,CAD,2024-02-03T21:24:23.337Z
Bulk Singles & Lands,binder,Winterflame,KTK,Khans of Tarkir,213,foil,uncommon,1,13185,b8924ab9-fa55-4348-b67d-b2b9e48a357a,0.03,false,false,near_mint,en,CAD,2024-05-14T02:43:07.659Z
Bulk Singles & Lands,binder,Bounty of the Luxa,C19,Commander 2019,189,normal,rare,1,45745,921b65f2-dd91-41a4-990c-0886712f1e1a,0.07,false,false,near_mint,en,CAD,2024-02-03T21:24:23.337Z
Bulk Singles & Lands,binder,"Abuelo, Ancestral Echo",LCI,The Lost Caverns of Ixalan,297,normal,rare,4,88966,e0bcc6f3-bae4-485c-82da-56c15c97c7f8,0.06,false,false,near_mint,en,CAD,2025-01-09T03:44:06.112Z
Bulk Singles & Lands,binder,Nomad Outpost,KTK,Khans of Tarkir,237,normal,uncommon,1,13161,fb6ae4a5-227d-465b-9e99-bae158b7d410,0.25,false,false,near_mint,en,CAD,2024-05-14T02:43:07.659Z
Bulk Singles & Lands,binder,Hoarding Dragon,CMM,Commander Masters,233,normal,uncommon,1,84288,42363046-28d4-4540-a0d0-3635459ba769,0.05,false,false,near_mint,en,CAD,2024-10-04T02:37:01.701Z
Bulk Singles & Lands,binder,Scrap Welder,NEO,Kamigawa: Neon Dynasty,388,normal,rare,1,66396,793c45e2-d0ce-4899-9f7f-5629bd6e01a1,0.1,false,false,near_mint,en,CAD,2025-01-11T16:04:37.560Z
Bulk Singles & Lands,binder,Aether Channeler,DMU,Dominaria United,42,normal,rare,1,71489,60afeb75-2c1e-4634-8c83-88b1dddb77c2,0.2,false,false,near_mint,en,CAD,2024-02-03T21:24:23.337Z
Bulk Singles & Lands,binder,Sepulchral Primordial,ZNC,Zendikar Rising Commander,54,normal,rare,1,55358,2ed2b1d9-3c23-4f2e-b816-6f2bea74b797,1.04,false,false,near_mint,en,CAD,2024-11-09T16:00:16.376Z
Bulk Singles & Lands,binder,Viscera Seer,C13,Commander 2013,99,normal,common,1,15287,535d8c19-c108-4fca-9918-2fcfc32e673d,0.47,false,false,near_mint,en,CAD,2024-10-04T02:37:01.701Z
Bulk Singles & Lands,binder,"Lazav, Familiar Stranger",OTJ,Outlaws of Thunder Junction,216,normal,uncommon,4,93022,00293326-3eb2-492c-b565-7abafa037d8c,0.01,false,false,near_mint,en,CAD,2025-01-09T03:44:06.112Z
Bulk Singles & Lands,binder,Forest,M20,Core Set 2020,280,normal,common,8,45180,43e7e6ec-9bfe-4062-a538-2a748d2eed1f,0.03,false,false,near_mint,en,CAD,2024-02-08T07:15:33.039Z
Bulk Singles & Lands,binder,Emerge Unscathed,IMA,Iconic Masters,19,normal,common,1,3606,d016f166-183e-4d9e-9292-9bfb1ca0d72b,0.14,false,false,near_mint,en,CAD,2024-11-09T16:00:16.376Z
Bulk Singles & Lands,binder,Visage of Dread // Dread Osseosaur,LCI,The Lost Caverns of Ixalan,129,normal,uncommon,2,88422,3d4b61c6-3e88-49f5-9e16-aa8a59653327,0.01,false,false,near_mint,en,CAD,2025-01-09T03:44:06.112Z
Bulk Singles & Lands,binder,Breach the Multiverse,PMOM,March of the Machine Promos,94p,normal,rare,1,82409,f22c1eef-8061-47e5-96f3-0d078ac6e66e,6.25,false,false,near_mint,en,CAD,2024-12-03T04:53:19.745Z
Bulk Singles & Lands,binder,Ponder,M10,Magic 2010,68,normal,common,1,23285,3c02b8ee-84cb-44cb-ba14-9e725a9d03ee,1.66,false,false,near_mint,en,CAD,2024-11-09T16:00:16.376Z
Bulk Singles & Lands,binder,Swamp,M20,Core Set 2020,271,normal,common,20,45189,a9023215-035f-4f12-9f75-04b995b5d24a,0.02,false,false,near_mint,en,CAD,2024-02-08T07:15:33.039Z
Bulk Singles & Lands,binder,Resilient Khenra,HOU,Hour of Devastation,131,normal,rare,1,4544,033a69fb-2af9-426c-b1d6-3e5b18c78c9a,0.05,false,false,near_mint,en,CAD,2024-02-03T21:24:23.337Z
Bulk Singles & Lands,binder,Yavimaya's Embrace,APC,Apocalypse,127,normal,rare,1,32329,36b41ff1-240a-447b-bb47-1b9be53ab3e6,0.05,false,false,near_mint,en,CAD,2024-02-03T21:24:23.337Z
Bulk Singles & Lands,binder,Forest,ORI,Magic Origins,270,normal,common,1,10672,04dcdbcd-2c5e-4733-a4c4-c5a345e9206a,0.01,false,false,near_mint,en,CAD,2024-02-03T21:11:36.571Z
Bulk Singles & Lands,binder,Spikefield Hazard // Spikefield Cave,ZNR,Zendikar Rising,166,normal,uncommon,1,54683,a69541db-3f4e-412f-aa8e-dec1e74f74dc,0.2,false,false,near_mint,en,CAD,2024-10-04T02:37:01.701Z
Bulk Singles & Lands,binder,Court of Cunning,CMR,Commander Legends,633,normal,rare,1,55943,e60d3606-6f90-43b4-b056-543f7245958f,7.39,false,false,near_mint,en,CAD,2025-02-08T14:06:56.625Z
Bulk Singles & Lands,binder,Warstorm Surge,M12,Magic 2012,160,normal,rare,1,19107,b16443df-52c6-4c9d-a7ff-89a37e593a0a,0.54,false,false,near_mint,en,CAD,2024-10-04T02:37:01.701Z
Bulk Singles & Lands,binder,The First Iroan Games,THB,Theros Beyond Death,170,normal,rare,1,46892,4b05ada5-8e5f-4158-bd28-e6c24e4a2299,0.25,false,false,near_mint,en,CAD,2024-02-03T21:24:23.337Z
Bulk Singles & Lands,binder,Sandsteppe Citadel,KTK,Khans of Tarkir,241,normal,uncommon,1,13157,2dd40d90-c939-458a-9a98-27d10da6ff2f,0.14,false,false,near_mint,en,CAD,2024-05-14T02:43:07.659Z
Bulk Singles & Lands,binder,Plains,ORI,Magic Origins,255,normal,common,4,10687,0e683531-4a59-4461-b589-5ebcbc51a600,0.01,false,false,near_mint,en,CAD,2024-02-08T08:08:43.482Z
Bulk Singles & Lands,binder,Ride Down,KTK,Khans of Tarkir,194,normal,uncommon,1,13204,3bc9a434-9617-4a20-88f0-355b20f2c538,0.05,false,false,near_mint,en,CAD,2024-05-14T02:43:07.659Z
Bulk Singles & Lands,binder,Magebane Lizard,OTJ,Outlaws of Thunder Junction,134,normal,uncommon,1,93189,62e12566-375f-4f31-aa91-1b13a96d9ece,0.01,false,false,near_mint,en,CAD,2024-05-14T03:09:43.477Z
Bulk Singles & Lands,binder,Liquimetal Coating,SOM,Scars of Mirrodin,171,normal,uncommon,1,20861,43ec9201-06e7-4a70-8dcf-7462a019965d,0.14,false,false,near_mint,en,CAD,2025-01-11T04:21:23.226Z
Bulk Singles & Lands,binder,Immersturm Skullcairn,KHM,Kaldheim,263,normal,uncommon,1,56759,12ed97de-736d-43d8-977b-308ac54f88f4,0.03,false,false,near_mint,en,CAD,2024-10-04T02:37:01.701Z
Bulk Singles & Lands,binder,"Realmbreaker, the Invasion Tree",MOM,March of the Machine,374,normal,rare,1,81016,182520ae-d98f-4ef0-ad32-252f932f5d51,0.63,false,false,near_mint,en,CAD,2024-11-09T16:00:16.376Z
Bulk Singles & Lands,binder,Brave the Sands,KTK,Khans of Tarkir,5,normal,uncommon,1,13393,ef9c2b8a-148c-4393-b691-e333ad11c44e,1.85,false,false,near_mint,en,CAD,2024-05-14T02:43:07.659Z
Bulk Singles & Lands,binder,Island,ORI,Magic Origins,257,normal,common,1,10685,d3a9df3b-b542-4915-96ac-0c9027f6870a,0.04,false,false,near_mint,en,CAD,2024-02-03T21:11:36.571Z
Bulk Singles & Lands,binder,Puppeteer Clique,WOC,Wilds of Eldraine Commander,115,normal,rare,1,85715,c69c4c50-728d-4dc0-bd0c-282e178d0efa,0.18,false,false,near_mint,en,CAD,2024-10-04T02:37:01.701Z
Bulk Singles & Lands,binder,Terramorphic Expanse,BRC,The Brothers' War Commander,210,normal,common,1,75527,6c156c30-d681-4b3b-bcf9-3a1e85a8c7a1,0.11,false,false,near_mint,en,CAD,2024-10-04T02:37:01.701Z
Bulk Singles & Lands,binder,Island,M20,Core Set 2020,266,normal,common,21,45194,c8a516f8-861b-4c3b-9d9b-0adc04ec689f,0.04,false,false,near_mint,en,CAD,2024-02-08T07:15:33.039Z
Bulk Singles & Lands,binder,Furnace Skullbomb,ONE,Phyrexia: All Will Be One,228,normal,common,1,78853,cb530f9d-cf35-48a7-8711-f74b3d9a35a7,0.01,false,false,near_mint,en,CAD,2024-08-05T04:09:35.269Z
Bulk Singles & Lands,binder,Deepfathom Echo,LCI,The Lost Caverns of Ixalan,228,normal,rare,1,88888,c7c7fb87-8448-49f4-a9ed-db97f6a41d98,0.05,false,false,near_mint,en,CAD,2024-02-03T21:24:23.337Z
Bulk Singles & Lands,binder,Insight,TMP,Tempest,68,normal,uncommon,1,36931,1dfd9cb9-51f6-4d09-b5c0-5b0ed9d16542,1.19,false,false,near_mint,en,CAD,2024-12-03T04:53:19.745Z
Bulk Singles & Lands,binder,Blighted Gorge,BFZ,Battle for Zendikar,231,normal,uncommon,1,10120,88cbfe5d-79b7-45db-b3cd-4ae7a9964a37,0.01,false,false,near_mint,en,CAD,2024-10-04T02:37:01.701Z
Bulk Singles & Lands,binder,Disdainful Stroke,KTK,Khans of Tarkir,37,normal,common,1,13361,180425c9-1898-48d4-9932-ddfb1a28e6b0,0.01,false,false,near_mint,en,CAD,2024-05-14T02:43:07.659Z
Bulk Singles & Lands,binder,Nightdrinker Moroii,MKM,Murders at Karlov Manor,96,normal,uncommon,1,91216,ce043cba-aea4-4156-b1d0-545eda06c400,0.03,false,false,near_mint,en,CAD,2024-02-13T01:35:33.835Z
Bulk Singles & Lands,binder,Plains,LTR,The Lord of the Rings: Tales of Middle-earth,263,normal,common,1,83106,5bb495cc-9908-455e-bec9-3993d595f4f9,0.03,false,false,near_mint,en,CAD,2024-12-21T17:34:52.750Z
Bulk Singles & Lands,binder,Thornwood Falls,KTK,Khans of Tarkir,244,normal,common,1,13154,9e57abd9-e864-4047-a3c8-618952071858,0.01,false,false,near_mint,en,CAD,2024-05-14T02:43:07.659Z
Bulk Singles & Lands,binder,Akki Ronin,NEO,Kamigawa: Neon Dynasty,319,normal,common,1,66847,fa16ee8e-d33a-40e9-9956-e345f0511819,0.01,false,false,near_mint,en,CAD,2025-01-11T16:04:37.560Z
Bulk Singles & Lands,binder,Forest,M20,Core Set 2020,277,normal,common,18,45183,42352899-f2f2-4dea-863b-8d685e63b454,0.45,false,false,near_mint,en,CAD,2024-02-08T07:15:33.039Z
Bulk Singles & Lands,binder,Signal the Clans,GTC,Gatecrash,194,normal,rare,4,16630,34261992-db62-49e3-95bc-1b2960868de4,0.25,false,false,near_mint,en,CAD,2024-02-03T21:24:23.337Z
Bulk Singles & Lands,binder,Unlucky Drop,LCI,The Lost Caverns of Ixalan,82,normal,common,2,88607,76ebb2df-8891-434e-9cd0-f25b848cb754,0.01,false,false,near_mint,en,CAD,2024-02-03T21:24:23.337Z
Bulk Singles & Lands,binder,Innocent Bystander,MKM,Murders at Karlov Manor,133,normal,common,2,90634,085f4595-4ae5-428e-a934-e918774df6fd,0.01,false,false,near_mint,en,CAD,2024-02-13T01:52:10.029Z
Bulk Singles & Lands,binder,Blazing Crescendo,ONE,Phyrexia: All Will Be One,123,normal,common,1,78878,d6bfc16a-2871-40a4-b279-636b80491a06,0.07,false,false,near_mint,en,CAD,2024-08-05T04:09:35.269Z
Bulk Singles & Lands,binder,Hulking Raptor,LCI,The Lost Caverns of Ixalan,191,normal,rare,1,88450,45f763af-5a6a-404c-8e8c-4dbed71277bc,0.55,false,false,near_mint,en,CAD,2024-02-03T21:24:23.337Z
Bulk Singles & Lands,binder,"Gev, Scaled Scorch",BLB,Bloomburrow,214,normal,rare,1,96001,131ea976-289e-4f32-896d-27bbfd423ba9,0.66,false,false,near_mint,en,CAD,2024-10-04T02:37:01.701Z
Bulk Singles & Lands,binder,Island,DSK,Duskmourn: House of Horror,280,foil,common,1,98930,e1d10d9c-8771-4870-aebf-e767d0fada32,0.06,false,false,near_mint,en,CAD,2024-10-18T02:03:16.115Z
Bulk Singles & Lands,binder,Treasure Cruise,KTK,Khans of Tarkir,59,normal,common,2,13339,7a59d4b1-6cf4-44ec-8a96-1bb7094fea21,0.21,false,false,near_mint,en,CAD,2024-05-14T02:43:07.659Z
Bulk Singles & Lands,binder,Ogre Battledriver,DDN,Duel Decks: Speed vs. Cunning,16,normal,rare,1,13514,180f4220-bd76-4a2f-b9e1-414729cd1db2,0.88,false,false,near_mint,en,CAD,2025-02-08T14:06:56.625Z
Bulk Singles & Lands,binder,Didact Echo,LCI,The Lost Caverns of Ixalan,53,normal,common,1,88416,3c068b2e-17cc-4fb8-bd79-b775a4713d74,0.01,false,false,near_mint,en,CAD,2024-02-03T21:24:23.337Z
Bulk Singles & Lands,binder,Dimir House Guard,RAV,Ravnica: City of Guilds,83,normal,common,1,27927,9a021caf-d9e7-470b-85be-3af42a3adfd3,0.12,false,false,near_mint,en,CAD,2024-10-04T02:37:01.701Z
Bulk Singles & Lands,binder,Ratadrabik of Urborg,DMU,Dominaria United,312,normal,rare,1,71439,50ebcd93-672f-404a-8e4d-28713e9e611b,0.17,false,false,near_mint,en,CAD,2024-12-03T04:53:19.745Z
Bulk Singles & Lands,binder,Witness of the Ages,KTK,Khans of Tarkir,228,normal,uncommon,1,13170,763ac4c4-af2d-4b71-9fb3-244c96f93860,0.01,false,false,near_mint,en,CAD,2024-05-14T02:43:07.659Z
Bulk Singles & Lands,binder,Swiftwater Cliffs,KTK,Khans of Tarkir,243,foil,common,1,13155,e782d005-a563-4738-978a-73a3465de78f,0.14,false,false,near_mint,en,CAD,2024-05-14T02:43:07.659Z
Bulk Singles & Lands,binder,Kaalia of the Vast,PMEI,Media and Collaboration Promos,2025-19,foil,mythic,1,108937,819a21b1-ec52-4c83-85b4-491600b2e434,1.4,false,false,near_mint,en,CAD,2025-10-16T21:37:01.372Z
Bulk Singles & Lands,binder,Barbarian Ring,MH3,Modern Horizons 3,299,normal,uncommon,1,94603,c184406c-b22c-4b9b-9d3a-3e7b17efd8a0,0.01,false,false,near_mint,en,CAD,2024-10-04T02:37:01.701Z
Bulk Singles & Lands,binder,Forgehammer Centurion,ONE,Phyrexia: All Will Be One,130,normal,common,1,78833,c4c2c914-e9a7-450b-88d9-8885fe0f6643,0.01,false,false,near_mint,en,CAD,2024-08-05T04:09:35.269Z
Bulk Singles & Lands,binder,Mission Briefing,GRN,Guilds of Ravnica,44,normal,rare,1,439,02bed34d-67d9-4ae9-b351-dc9a89daeabf,0.04,false,false,near_mint,en,CAD,2024-11-09T16:00:16.376Z
Bulk Singles & Lands,binder,Grasping Shadows // Shadows' Lair,LCI,The Lost Caverns of Ixalan,108,normal,uncommon,1,88635,81b8b9c9-725d-476d-a3cf-55e3dc3e433d,0.01,false,false,near_mint,en,CAD,2025-10-18T15:47:36.791Z
Bulk Singles & Lands,binder,Plains,M20,Core Set 2020,261,normal,common,20,45199,73fb4a34-c11e-45e9-a986-43c0a0ae5424,0.29,false,false,near_mint,en,CAD,2024-02-08T07:15:33.039Z
Bulk Singles & Lands,binder,It Doesn't Add Up,MKM,Murders at Karlov Manor,299,normal,uncommon,1,91124,aef279e1-cbce-4766-9d56-02fa6c79d69d,0.01,false,false,near_mint,en,CAD,2024-02-13T01:35:33.835Z
Bulk Singles & Lands,binder,Dogpile,RAV,Ravnica: City of Guilds,120,normal,common,1,27890,26316b00-22db-4546-8366-8a624f10c1ba,0.01,false,false,near_mint,en,CAD,2024-10-01T03:20:39.453Z
Bulk Singles & Lands,binder,Mindreaver,BNG,Born of the Gods,44,normal,rare,4,14916,87912ae7-3edc-4ea2-9b4b-caf2bc149ad1,0.03,false,false,near_mint,en,CAD,2024-02-03T21:24:23.337Z
Bulk Singles & Lands,binder,"Ertha Jo, Frontier Mentor",OTJ,Outlaws of Thunder Junction,203,normal,uncommon,1,93294,a4e81be6-6447-4f1e-be00-6fcdb2ab35af,0.04,false,false,near_mint,en,CAD,2024-05-14T03:09:43.477Z
Bulk Singles & Lands,binder,Swamp,M20,Core Set 2020,272,normal,common,8,45188,6ba77dad-f157-4e31-9654-921967ea98c0,0.05,false,false,near_mint,en,CAD,2024-10-04T02:37:01.701Z
Bulk Singles & Lands,binder,Goblin Lookout,LGN,Legions,101,normal,common,2,30733,23bbe84a-8857-467a-a4a1-e57086cc9501,0.34,false,false,near_mint,en,CAD,2025-02-08T14:06:56.625Z
Bulk Singles & Lands,binder,Goblin Sledder,ONS,Onslaught,209,normal,common,1,31094,3a9a1ecf-29f6-474e-bbcf-3455d388aa94,0.14,false,false,near_mint,en,CAD,2025-01-11T04:21:23.226Z
Bulk Singles & Lands,binder,Temur Charm,KTK,Khans of Tarkir,208,normal,uncommon,2,13190,e2ee3e36-a849-42b0-b84b-027a08427c35,0.03,false,false,near_mint,en,CAD,2024-05-14T02:43:07.659Z
Bulk Singles & Lands,binder,Command Tower,C21,Commander 2021,284,normal,common,1,58847,b53a112c-671c-4312-af56-53fdb735829b,0.2,false,false,near_mint,en,CAD,2024-10-04T02:37:01.701Z
Bulk Singles & Lands,binder,Quiet Contemplation,KTK,Khans of Tarkir,50,normal,uncommon,1,13348,5dc7c9d5-904e-4ab6-9773-5c4f1c6d34c4,0.05,false,false,near_mint,en,CAD,2024-05-14T02:43:07.659Z
Bulk Singles & Lands,binder,Forceful Denial,CMR,Commander Legends,69,normal,common,1,55604,27c75157-2670-4804-8853-a6867c83c40a,0.01,false,false,near_mint,en,CAD,2024-11-09T16:00:16.376Z
Bulk Singles & Lands,binder,The Creation of Avacyn,MH3,Modern Horizons 3,86,normal,uncommon,1,94385,27d701aa-df93-4f0e-b1e3-d081487eb456,0.01,false,false,near_mint,en,CAD,2024-10-04T02:37:01.701Z
Bulk Singles & Lands,binder,Knightly Valor,WOT,Wilds of Eldraine: Enchanting Tales,8,normal,uncommon,1,85529,844b8b36-6c45-445c-92a3-f1058669d66a,0.01,false,false,near_mint,en,CAD,2025-02-13T03:10:20.959Z
Bulk Singles & Lands,binder,Dowsing Device // Geode Grotto,LCI,The Lost Caverns of Ixalan,146,normal,uncommon,2,88423,3d715e9f-223d-462e-8ce3-eebbaf1cd021,0.02,false,false,near_mint,en,CAD,2024-02-03T21:24:23.337Z
Bulk Singles & Lands,binder,Wingrattle Scarecrow,SHM,Shadowmoor,270,normal,common,1,24596,61c5d86e-1ce1-4386-b70f-73b24351d6ae,0.32,false,false,near_mint,en,CAD,2024-10-04T02:37:01.701Z
Bulk Singles & Lands,binder,Kin-Tree Invocation,KTK,Khans of Tarkir,183,normal,uncommon,1,13215,926b49a1-f220-41ab-8c67-8354a91a15e8,0.01,false,false,near_mint,en,CAD,2024-05-14T02:43:07.659Z
Bulk Singles & Lands,binder,Bloodfell Caves,IKO,Ikoria: Lair of Behemoths,243,normal,common,1,49834,0c8269e6-b30c-4fdc-82a7-d503c133afa6,0.07,false,false,near_mint,en,CAD,2024-10-04T02:37:01.701Z
Bulk Singles & Lands,binder,Reality Scramble,C18,Commander 2018,25,normal,rare,1,818,34337c23-5dad-4ea3-84e9-aae7e34b2b17,0.43,false,false,near_mint,en,CAD,2025-01-11T04:21:23.226Z
Bulk Singles & Lands,binder,Outnumber,PLST,The List,BFZ-150,normal,common,1,48331,3b6ac695-90d3-4a87-823a-5ec980e12eba,0.04,false,false,near_mint,en,CAD,2025-01-11T04:21:23.226Z
Bulk Singles & Lands,binder,Become Immense,KTK,Khans of Tarkir,130,normal,uncommon,1,13268,5e17b65e-56c3-4e12-a774-780514dfd8ba,0.07,false,false,near_mint,en,CAD,2024-05-14T02:43:07.659Z
Bulk Singles & Lands,binder,Insidious Roots,MKM,Murders at Karlov Manor,313,normal,uncommon,2,90918,61c9e0ae-38c0-4618-b664-16a9ad1661c1,0.81,false,false,near_mint,en,CAD,2025-01-09T03:44:06.112Z
Bulk Singles & Lands,binder,Seeker of Sunlight,LCI,The Lost Caverns of Ixalan,210,normal,common,1,89068,ffcdb10f-4bad-4f89-8e7c-daa5c0c69230,0.01,false,false,near_mint,en,CAD,2024-02-03T21:24:23.337Z
Bulk Singles & Lands,binder,Swamp,DSK,Duskmourn: House of Horror,281,normal,common,1,98814,3c51de66-a3ed-4ca9-befb-9813e96c4ade,0.04,false,false,near_mint,en,CAD,2024-10-18T02:03:16.115Z
Bulk Singles & Lands,binder,"Queza, Augur of Agonies",SNC,Streets of New Capenna,212,normal,uncommon,1,67848,7edb7a26-82be-4efd-9a5c-a3816e1ee2d6,0.01,false,false,near_mint,en,CAD,2024-12-03T04:53:19.745Z
Bulk Singles & Lands,binder,Evolving Wilds,DMC,Dominaria United Commander,208,normal,common,1,71703,b2f20d21-6666-4851-a293-469152c347cf,0.08,false,false,near_mint,en,CAD,2024-10-04T02:37:01.701Z
Bulk Singles & Lands,binder,"Judith, the Scourge Diva",CMM,Commander Masters,341,normal,uncommon,1,84934,d6fb929c-1b8d-4d1d-aa69-ac6189cd7ebf,0.07,false,false,near_mint,en,CAD,2024-10-04T02:37:01.701Z
Bulk Singles & Lands,binder,Baloth Pup,OGW,Oath of the Gatewatch,127,normal,uncommon,4,9255,3f9c87f4-4fa5-4c97-9654-c4acd250f850,0.01,false,false,near_mint,en,CAD,2024-02-03T21:24:23.337Z
Bulk Singles & Lands,binder,Ride Down,KTK,Khans of Tarkir,194,foil,uncommon,1,13204,3bc9a434-9617-4a20-88f0-355b20f2c538,0.3,false,false,near_mint,en,CAD,2024-05-14T02:43:07.659Z
Bulk Singles & Lands,binder,Preordain,LTC,Tales of Middle-earth Commander,196,normal,common,1,83179,6e681c39-aa00-4c6d-b077-affe3b90bed8,1.28,false,false,near_mint,en,CAD,2024-11-09T16:00:16.376Z
Bulk Singles & Lands,binder,Chief of the Edge,KTK,Khans of Tarkir,169,normal,uncommon,1,13229,28822a9a-97fa-4784-ad97-072fcfc7b9ed,0.01,false,false,near_mint,en,CAD,2024-05-14T02:43:07.659Z
Bulk Singles & Lands,binder,Hoard-Smelter Dragon,SCD,Starter Commander Decks,147,normal,rare,1,77492,b4487bbe-2bc4-48d9-8a6f-9b0c7555fb47,0.04,false,false,near_mint,en,CAD,2025-01-11T04:21:23.226Z
Bulk Singles & Lands,binder,Goblin Bombardment,WOT,Wilds of Eldraine: Enchanting Tales,43,normal,rare,1,85803,e92af114-ad34-4106-a7fa-5676dbcd4960,0.91,false,false,near_mint,en,CAD,2024-10-04T02:37:01.701Z
Bulk Singles & Lands,binder,Furnace Punisher,ONE,Phyrexia: All Will Be One,132,normal,uncommon,1,78594,65e5fc08-7a04-4bba-81ba-990889cae96a,0.01,false,false,near_mint,en,CAD,2024-08-05T04:09:35.269Z
Bulk Singles & Lands,binder,Throne of the Grim Captain // The Grim Captain,LCI,The Lost Caverns of Ixalan,266,normal,rare,2,88867,c13e8e3d-2a6b-4782-a3c9-71af7336a881,0.04,false,false,near_mint,en,CAD,2025-01-09T03:44:06.112Z
Bulk Singles & Lands,binder,Shadows of the Past,ORI,Magic Origins,118,normal,uncommon,1,10824,02962013-fc5a-46be-9021-8fd40ab3027c,0.07,false,false,near_mint,en,CAD,2024-10-04T02:37:01.701Z
Bulk Singles & Lands,binder,Smuggler's Share,MKC,Murders at Karlov Manor Commander,84,normal,rare,1,90585,f1ced678-5cfd-49ff-9420-6ee52d5edf5a,1.08,false,false,near_mint,en,CAD,2024-12-03T04:53:19.745Z
KTK Peasant Doubleton Cube (362),binder,Bloodfell Caves,KTK,Khans of Tarkir,229,normal,common,1,13169,15a7b30a-c59f-4a87-9e8a-b29daea27422,0.07,false,false,near_mint,en,CAD,2024-05-10T03:00:44.643Z
KTK Peasant Doubleton Cube (362),binder,Kin-Tree Invocation,KTK,Khans of Tarkir,183,foil,uncommon,1,13215,926b49a1-f220-41ab-8c67-8354a91a15e8,0.14,false,false,near_mint,en,CAD,2024-05-10T03:00:44.643Z
KTK Peasant Doubleton Cube (362),binder,Throttle,KTK,Khans of Tarkir,93,normal,common,2,13305,b6b71c00-3f38-47dc-90bc-6464d346c098,0.01,false,false,near_mint,en,CAD,2024-05-10T03:13:03.517Z
KTK Peasant Doubleton Cube (362),binder,Rugged Highlands,KTK,Khans of Tarkir,240,normal,common,1,13158,501ce6cb-0324-4cca-bc79-903cefe1ac1f,0.01,false,false,near_mint,en,CAD,2024-05-10T03:00:44.643Z
KTK Peasant Doubleton Cube (362),binder,Hordeling Outburst,KTK,Khans of Tarkir,111,normal,uncommon,2,13287,a5c1bf52-2737-423a-b340-07448afcaea6,0.21,false,false,near_mint,en,CAD,2024-05-10T03:00:44.643Z
KTK Peasant Doubleton Cube (362),binder,Abomination of Gudul,KTK,Khans of Tarkir,159,normal,common,2,13239,7df9759e-1072-4a6a-be57-f73b15bf3847,0.01,false,false,near_mint,en,CAD,2024-05-10T03:13:03.517Z
KTK Peasant Doubleton Cube (362),binder,Sultai Banner,KTK,Khans of Tarkir,225,normal,common,2,13173,1695cf35-8f7c-4674-bfd3-43520b13d084,0.01,false,false,near_mint,en,CAD,2024-05-10T03:13:03.517Z
KTK Peasant Doubleton Cube (362),binder,Scoured Barrens,KTK,Khans of Tarkir,242,foil,common,2,13156,0824a960-dd89-45c5-90f0-3ec9eb47d9ce,0.33,false,false,near_mint,en,CAD,2024-05-10T03:00:44.643Z
KTK Peasant Doubleton Cube (362),binder,Mardu Banner,KTK,Khans of Tarkir,224,normal,common,2,13174,fe10c56d-a8e1-495d-a03a-0b920b44182f,0.07,false,false,near_mint,en,CAD,2024-05-10T03:13:03.517Z
KTK Peasant Doubleton Cube (362),binder,Abzan Charm,KTK,Khans of Tarkir,161,normal,uncommon,1,13237,8f7b7598-35b0-4bb5-8347-8c868500f846,0.08,false,false,near_mint,en,CAD,2024-05-10T03:00:44.643Z
KTK Peasant Doubleton Cube (362),binder,Armament Corps,KTK,Khans of Tarkir,165,normal,uncommon,2,13233,a5c69876-809d-4af3-9fd6-3bac41541dad,0.01,false,false,near_mint,en,CAD,2024-05-10T03:13:03.517Z
KTK Peasant Doubleton Cube (362),binder,Abzan Battle Priest,KTK,Khans of Tarkir,1,normal,uncommon,2,13397,8f5427b1-f1c2-4bb3-8736-701667ac2256,0.18,false,false,near_mint,en,CAD,2024-05-10T03:00:44.643Z
KTK Peasant Doubleton Cube (362),binder,Set Adrift,KTK,Khans of Tarkir,54,normal,uncommon,2,13344,cdad122d-a872-449f-9a7c-0f054b711d11,0.01,false,false,near_mint,en,CAD,2024-05-10T03:00:44.643Z
KTK Peasant Doubleton Cube (362),binder,Valley Dasher,KTK,Khans of Tarkir,125,normal,common,2,13273,8543adbd-0dd1-47d3-ac41-2ec72d6a5d35,0.01,false,false,near_mint,en,CAD,2024-05-10T03:13:03.517Z
KTK Peasant Doubleton Cube (362),binder,Opulent Palace,KTK,Khans of Tarkir,238,foil,uncommon,1,13160,21326575-80b9-4a4e-a93c-6880ec6575d5,5.34,false,false,near_mint,en,CAD,2024-05-10T03:00:44.643Z
KTK Peasant Doubleton Cube (362),binder,Stubborn Denial,KTK,Khans of Tarkir,56,normal,uncommon,2,13342,6f8626c4-306f-4e9d-8840-2bb73fe87e87,2.68,false,false,near_mint,en,CAD,2024-05-10T03:00:44.643Z
KTK Peasant Doubleton Cube (362),binder,Mystic of the Hidden Way,KTK,Khans of Tarkir,48,normal,common,2,13350,7b5de843-e05d-43b5-a5d0-a737484fbd71,0.01,false,false,near_mint,en,CAD,2024-05-10T03:13:03.517Z
KTK Peasant Doubleton Cube (362),binder,Mystic Monastery,KTK,Khans of Tarkir,236,foil,uncommon,1,13162,bae51d77-e06b-4e5a-9543-a17dd0b2a333,3.4,false,false,near_mint,en,CAD,2024-05-10T03:00:44.643Z
KTK Peasant Doubleton Cube (362),binder,Ruthless Ripper,KTK,Khans of Tarkir,88,normal,uncommon,2,13310,c9c67b11-a82e-4a25-88a4-5771ab5c4f00,0.08,false,false,near_mint,en,CAD,2024-05-10T03:13:03.517Z
KTK Peasant Doubleton Cube (362),binder,Act of Treason,KTK,Khans of Tarkir,95,normal,common,2,13303,e20d6dfd-5f7b-4c71-89e6-8f996d85801d,0.01,false,false,near_mint,en,CAD,2024-05-10T03:13:03.517Z
KTK Peasant Doubleton Cube (362),binder,Murderous Cut,KTK,Khans of Tarkir,81,normal,uncommon,2,13317,b2dadff2-883f-4134-a881-be145cdcbd84,0.07,false,false,near_mint,en,CAD,2024-05-10T03:00:44.643Z
KTK Peasant Doubleton Cube (362),binder,Leaping Master,KTK,Khans of Tarkir,114,normal,common,2,13284,0f786a1d-4703-4bac-abba-632506d2726c,0.01,false,false,near_mint,en,CAD,2024-05-10T03:13:03.517Z
KTK Peasant Doubleton Cube (362),binder,Swarm of Bloodflies,KTK,Khans of Tarkir,92,normal,uncommon,2,13306,cbd36319-e05d-4a9e-a6d4-48fba9111648,0.01,false,false,near_mint,en,CAD,2024-05-10T03:13:03.517Z
KTK Peasant Doubleton Cube (362),binder,Mardu Skullhunter,KTK,Khans of Tarkir,78,normal,common,2,13320,dd3ca5e7-96f3-4326-9315-34bb396a054c,0.01,false,false,near_mint,en,CAD,2024-05-10T03:13:03.517Z
KTK Peasant Doubleton Cube (362),binder,Thornwood Falls,KTK,Khans of Tarkir,244,foil,common,1,13154,9e57abd9-e864-4047-a3c8-618952071858,0.14,false,false,near_mint,en,CAD,2024-05-10T03:00:44.643Z
KTK Peasant Doubleton Cube (362),binder,War-Name Aspirant,KTK,Khans of Tarkir,126,normal,uncommon,2,13272,e8d1714b-ff65-4c5c-ad21-b469f2c72286,0.01,false,false,near_mint,en,CAD,2024-05-10T03:00:44.643Z
KTK Peasant Doubleton Cube (362),binder,Gurmag Swiftwing,KTK,Khans of Tarkir,74,normal,uncommon,2,13324,a7492918-b3c6-468f-9484-d73f0a27b37b,0.11,false,false,near_mint,en,CAD,2024-05-10T03:00:44.643Z
KTK Peasant Doubleton Cube (362),binder,Shatter,KTK,Khans of Tarkir,120,normal,common,2,13278,2c4ecaa0-a85f-4771-a829-1ab440b29165,0.01,false,false,near_mint,en,CAD,2024-05-10T03:13:03.517Z
KTK Peasant Doubleton Cube (362),binder,Woolly Loxodon,KTK,Khans of Tarkir,158,normal,common,2,13240,a890c55a-8746-4233-b75a-19cc760c1e8e,0.01,false,false,near_mint,en,CAD,2024-05-10T03:13:03.517Z
KTK Peasant Doubleton Cube (362),binder,Ride Down,KTK,Khans of Tarkir,194,normal,uncommon,1,13204,3bc9a434-9617-4a20-88f0-355b20f2c538,0.05,false,false,near_mint,en,CAD,2024-05-10T03:00:44.643Z
KTK Peasant Doubleton Cube (362),binder,Efreet Weaponmaster,KTK,Khans of Tarkir,175,normal,common,2,13223,8986cb2e-76e0-41f3-8810-3d11c39a527a,0.01,false,false,near_mint,en,CAD,2024-05-10T03:13:03.517Z
KTK Peasant Doubleton Cube (362),binder,Dragon Grip,KTK,Khans of Tarkir,107,normal,uncommon,2,13291,0269d5bd-d8aa-465b-bfe9-6703937f933c,0.01,false,false,near_mint,en,CAD,2024-05-10T03:13:03.517Z
KTK Peasant Doubleton Cube (362),binder,Monastery Swiftspear,KTK,Khans of Tarkir,118,normal,uncommon,1,13280,b81c6c8b-a9cf-4866-89ba-7f8ad077b836,0.23,false,false,near_mint,en,CAD,2024-05-10T03:00:44.643Z
KTK Peasant Doubleton Cube (362),binder,Horde Ambusher,KTK,Khans of Tarkir,110,normal,uncommon,2,13288,53926b92-adf0-4bb2-873f-103d9a1bdda8,0.01,false,false,near_mint,en,CAD,2024-05-10T03:13:03.517Z
KTK Peasant Doubleton Cube (362),binder,Sidisi's Pet,KTK,Khans of Tarkir,90,normal,common,2,13308,e6e02a99-da37-4cea-9182-39ccb1e35ee9,0.01,false,false,near_mint,en,CAD,2024-05-10T03:13:03.517Z
KTK Peasant Doubleton Cube (362),binder,Master the Way,KTK,Khans of Tarkir,188,normal,uncommon,2,13210,704743a8-27d6-4db9-8fe1-f65f5f3a955f,0.01,false,false,near_mint,en,CAD,2024-05-10T03:13:03.517Z
KTK Peasant Doubleton Cube (362),binder,Dutiful Return,KTK,Khans of Tarkir,71,normal,common,2,13327,d5f83b3a-ce34-4179-8745-059181dd79b8,0.01,false,false,near_mint,en,CAD,2024-05-10T03:13:03.517Z
KTK Peasant Doubleton Cube (362),binder,Highland Game,KTK,Khans of Tarkir,135,normal,common,2,13263,7fbb10a9-486a-4b9a-b3f5-c17f661af2b2,0.01,false,false,near_mint,en,CAD,2024-05-10T03:13:03.517Z
KTK Peasant Doubleton Cube (362),binder,Venerable Lammasu,KTK,Khans of Tarkir,28,normal,uncommon,2,13370,229919ef-e39f-4bdc-bcc5-46224a3eb7b4,0.01,false,false,near_mint,en,CAD,2024-05-10T03:13:03.517Z
KTK Peasant Doubleton Cube (362),binder,Watcher of the Roost,KTK,Khans of Tarkir,30,normal,uncommon,2,13368,a8684039-e4d9-4e48-9a41-7ccf4a795507,0.01,false,false,near_mint,en,CAD,2024-05-10T03:13:03.517Z
KTK Peasant Doubleton Cube (362),binder,Kill Shot,KTK,Khans of Tarkir,15,normal,common,2,13383,f30d4136-78a3-4760-83af-d365cc97d118,0.01,false,false,near_mint,en,CAD,2024-05-10T03:13:03.517Z
KTK Peasant Doubleton Cube (362),binder,Briber's Purse,KTK,Khans of Tarkir,217,normal,uncommon,2,13181,7f9951f1-ca51-44a2-8480-602df466f0ab,0.01,false,false,near_mint,en,CAD,2024-05-10T03:13:03.517Z
KTK Peasant Doubleton Cube (362),binder,Blossoming Sands,KTK,Khans of Tarkir,231,foil,common,1,13167,a32a1c0b-f6ea-475a-aa01-3618ea7d8647,0.19,false,false,near_mint,en,CAD,2024-05-10T03:00:44.643Z
KTK Peasant Doubleton Cube (362),binder,Goblinslide,KTK,Khans of Tarkir,109,normal,uncommon,2,13289,a9d80e96-3956-4408-84fb-5f94a364eb41,0.07,false,false,near_mint,en,CAD,2024-05-10T03:13:03.517Z
KTK Peasant Doubleton Cube (362),binder,Molting Snakeskin,KTK,Khans of Tarkir,80,normal,common,2,13318,b781cbcf-dbba-41c1-be02-2396b824a217,0.01,false,false,near_mint,en,CAD,2024-05-10T03:13:03.517Z
KTK Peasant Doubleton Cube (362),binder,Dismal Backwater,KTK,Khans of Tarkir,232,normal,common,1,13166,63742780-47ee-4a66-993a-69e06c14967d,0.01,false,false,near_mint,en,CAD,2024-05-10T03:00:44.643Z
KTK Peasant Doubleton Cube (362),binder,Feed the Clan,KTK,Khans of Tarkir,132,normal,common,2,13266,52f7c53d-0b53-400f-aa67-967547f3e394,0.01,false,false,near_mint,en,CAD,2024-05-10T03:13:03.517Z
KTK Peasant Doubleton Cube (362),binder,Taigam's Scheming,KTK,Khans of Tarkir,57,normal,common,2,13341,87f4b533-7113-4b36-9c7a-e4cf798c88a9,0.01,false,false,near_mint,en,CAD,2024-05-10T03:13:03.517Z
KTK Peasant Doubleton Cube (362),binder,Ainok Bond-Kin,KTK,Khans of Tarkir,3,normal,common,2,13395,22d2a844-17fc-4628-9591-684555e98f7b,0.01,false,false,near_mint,en,CAD,2024-05-10T03:13:03.517Z
KTK Peasant Doubleton Cube (362),binder,Tranquil Cove,KTK,Khans of Tarkir,246,normal,common,1,13152,0f840bd2-c4f5-4ac4-918c-91b4feeb8783,0.01,false,false,near_mint,en,CAD,2024-05-10T03:00:44.643Z
KTK Peasant Doubleton Cube (362),binder,Mardu Warshrieker,KTK,Khans of Tarkir,117,normal,common,2,13281,1381ae25-0d44-4d06-beae-48e4bbb4bb45,0.01,false,false,near_mint,en,CAD,2024-05-10T03:13:03.517Z
KTK Peasant Doubleton Cube (362),binder,Jungle Hollow,KTK,Khans of Tarkir,235,normal,common,1,13163,fea27aa7-7fcf-4198-b03a-5034a03ba81f,0.07,false,false,near_mint,en,CAD,2024-05-10T03:00:44.643Z
KTK Peasant Doubleton Cube (362),binder,Debilitating Injury,KTK,Khans of Tarkir,68,normal,common,2,13330,09b2b263-34db-4961-bf41-1eaaba3701da,0.01,false,false,near_mint,en,CAD,2024-05-10T03:13:03.517Z
KTK Peasant Doubleton Cube (362),binder,Scout the Borders,KTK,Khans of Tarkir,148,normal,common,2,13250,eb15c6c7-8fe6-496c-9977-3e7942b920c4,0.01,false,false,near_mint,en,CAD,2024-05-10T03:13:03.517Z
KTK Peasant Doubleton Cube (362),binder,Tomb of the Spirit Dragon,KTK,Khans of Tarkir,245,normal,uncommon,2,13153,eb6be7ab-8fad-4606-b623-f2188219d60b,0.15,false,false,near_mint,en,CAD,2024-05-10T03:00:44.643Z
KTK Peasant Doubleton Cube (362),binder,Smite the Monstrous,KTK,Khans of Tarkir,24,normal,common,2,13374,1405bb2e-2204-43ab-82a3-5d0c8537325a,0.01,false,false,near_mint,en,CAD,2024-05-10T03:13:03.517Z
KTK Peasant Doubleton Cube (362),binder,Tuskguard Captain,KTK,Khans of Tarkir,156,normal,uncommon,2,13242,b341cc65-d316-41bb-95b8-294afa019a71,0.05,false,false,near_mint,en,CAD,2024-05-10T03:13:03.517Z
KTK Peasant Doubleton Cube (362),binder,Rite of the Serpent,KTK,Khans of Tarkir,86,normal,common,2,13312,005b9fec-66de-4079-88e0-c7de7e22d18e,0.01,false,false,near_mint,en,CAD,2024-05-10T03:13:03.517Z
KTK Peasant Doubleton Cube (362),binder,Bloodfire Mentor,KTK,Khans of Tarkir,102,normal,common,2,13296,4836fb70-a8f3-44ed-bae4-890ef7d07f88,0.01,false,false,near_mint,en,CAD,2024-05-10T03:13:03.517Z
KTK Peasant Doubleton Cube (362),binder,Temur Charger,KTK,Khans of Tarkir,153,normal,uncommon,2,13245,f77258fc-8683-4656-84a3-4df4ea2a8435,0.01,false,false,near_mint,en,CAD,2024-05-10T03:13:03.517Z
KTK Peasant Doubleton Cube (362),binder,Swiftwater Cliffs,KTK,Khans of Tarkir,243,normal,common,1,13155,e782d005-a563-4738-978a-73a3465de78f,0.01,false,false,near_mint,en,CAD,2024-05-10T03:00:44.643Z
KTK Peasant Doubleton Cube (362),binder,Incremental Growth,KTK,Khans of Tarkir,138,normal,uncommon,2,13260,bcc7d833-f71b-4ec4-aad1-07b7583bad64,0.01,false,false,near_mint,en,CAD,2024-05-10T03:13:03.517Z
KTK Peasant Doubleton Cube (362),binder,Icefeather Aven,KTK,Khans of Tarkir,178,foil,uncommon,2,13220,ecdee089-8e89-4c99-9390-e8f4c189cffb,0.48,false,false,near_mint,en,CAD,2024-05-10T03:00:44.643Z
KTK Peasant Doubleton Cube (362),binder,Sultai Scavenger,KTK,Khans of Tarkir,91,normal,common,2,13307,2cb8e423-f7e7-4ac3-acc2-2a3722e409e7,0.01,false,false,near_mint,en,CAD,2024-05-10T03:13:03.517Z
KTK Peasant Doubleton Cube (362),binder,Ainok Tracker,KTK,Khans of Tarkir,96,normal,common,2,13302,0ff9400d-4842-471f-bf7e-3b21df352e0a,0.01,false,false,near_mint,en,CAD,2024-05-10T03:13:03.517Z
KTK Peasant Doubleton Cube (362),binder,Mardu Hordechief,KTK,Khans of Tarkir,17,normal,common,2,13381,23426221-30a8-4be2-9c70-f0eb022edad7,0.01,false,false,near_mint,en,CAD,2024-05-10T03:13:03.517Z
KTK Peasant Doubleton Cube (362),binder,Roar of Challenge,KTK,Khans of Tarkir,145,normal,uncommon,2,13253,83456f8f-8a1a-403c-816b-25e454ba1edf,0.21,false,false,near_mint,en,CAD,2024-05-10T03:13:03.517Z
KTK Peasant Doubleton Cube (362),binder,Unyielding Krumar,KTK,Khans of Tarkir,94,normal,common,2,13304,a232d196-490d-4712-b2a2-466751b28d11,0.01,false,false,near_mint,en,CAD,2024-05-10T03:13:03.517Z
KTK Peasant Doubleton Cube (362),binder,Summit Prowler,KTK,Khans of Tarkir,121,normal,common,2,13277,f7f998fb-4518-4a0c-8b1e-55393b6ff9c4,0.01,false,false,near_mint,en,CAD,2024-05-10T03:13:03.517Z
KTK Peasant Doubleton Cube (362),binder,Snowhorn Rider,KTK,Khans of Tarkir,201,normal,common,2,13197,f5d9aa9b-1ed4-46db-89d1-6c9593c29f55,0.01,false,false,near_mint,en,CAD,2024-05-10T03:13:03.517Z
KTK Peasant Doubleton Cube (362),binder,Thornwood Falls,KTK,Khans of Tarkir,244,normal,common,1,13154,9e57abd9-e864-4047-a3c8-618952071858,0.01,false,false,near_mint,en,CAD,2024-05-10T03:00:44.643Z
KTK Peasant Doubleton Cube (362),binder,Jeskai Banner,KTK,Khans of Tarkir,222,normal,common,2,13176,684dc050-a66b-4364-9880-56f383db6c0a,0.01,false,false,near_mint,en,CAD,2024-05-10T03:13:03.517Z
KTK Peasant Doubleton Cube (362),binder,Riverwheel Aerialists,KTK,Khans of Tarkir,51,normal,uncommon,2,13347,c210b102-8a94-4b5e-858a-777fa8ad18b9,0.01,false,false,near_mint,en,CAD,2024-05-10T03:13:03.517Z
KTK Peasant Doubleton Cube (362),binder,Abzan Banner,KTK,Khans of Tarkir,215,normal,common,2,13183,7855528a-ede9-49a9-8749-795a004fd927,0.01,false,false,near_mint,en,CAD,2024-05-10T03:13:03.517Z
KTK Peasant Doubleton Cube (362),binder,Swiftwater Cliffs,KTK,Khans of Tarkir,243,foil,common,1,13155,e782d005-a563-4738-978a-73a3465de78f,0.14,false,false,near_mint,en,CAD,2024-05-10T03:00:44.643Z
KTK Peasant Doubleton Cube (362),binder,Sage-Eye Harrier,KTK,Khans of Tarkir,20,normal,common,2,13378,3cc7b4c3-647e-48da-86f8-f55e3e990ac1,0.01,false,false,near_mint,en,CAD,2024-05-10T03:13:03.517Z
KTK Peasant Doubleton Cube (362),binder,Blinding Spray,KTK,Khans of Tarkir,32,normal,uncommon,2,13366,9b588355-c349-458d-aeb7-0e2780caa3f9,0.01,false,false,near_mint,en,CAD,2024-05-10T03:13:03.517Z
KTK Peasant Doubleton Cube (362),binder,Sultai Flayer,KTK,Khans of Tarkir,152,normal,uncommon,2,13246,7f3b2ef3-551d-4782-8dce-a923c0e2965e,0.01,false,false,near_mint,en,CAD,2024-05-10T03:13:03.517Z
KTK Peasant Doubleton Cube (362),binder,Wind-Scarred Crag,KTK,Khans of Tarkir,247,foil,common,1,13151,3b296781-78ac-411f-88fc-2d924ad22986,0.14,false,false,near_mint,en,CAD,2024-05-10T03:00:44.643Z
KTK Peasant Doubleton Cube (362),binder,Crippling Chill,KTK,Khans of Tarkir,35,normal,common,2,13363,acf53a79-7573-43c2-bd3a-93abea58ba80,0.01,false,false,near_mint,en,CAD,2024-05-10T03:13:03.517Z
KTK Peasant Doubleton Cube (362),binder,Glacial Stalker,KTK,Khans of Tarkir,41,normal,common,2,13357,8821c7b9-702b-416f-b006-941ad57f9e11,0.01,false,false,near_mint,en,CAD,2024-05-10T03:13:03.517Z
KTK Peasant Doubleton Cube (362),binder,Lens of Clarity,KTK,Khans of Tarkir,223,normal,common,2,13175,3c82e2b8-f0f6-44da-83ee-8a671344ac62,0.01,false,false,near_mint,en,CAD,2024-05-10T03:13:03.517Z
KTK Peasant Doubleton Cube (362),binder,Kin-Tree Warden,KTK,Khans of Tarkir,139,normal,common,2,13259,dfddafbc-590b-4610-894a-b91335a60528,0.01,false,false,near_mint,en,CAD,2024-05-10T03:13:03.517Z
KTK Peasant Doubleton Cube (362),binder,Abzan Guide,KTK,Khans of Tarkir,162,normal,common,2,13236,1b7f7158-4a31-4a1c-bf3b-574c0b09276a,0.01,false,false,near_mint,en,CAD,2024-05-10T03:13:03.517Z
KTK Peasant Doubleton Cube (362),binder,Dragon's Eye Savants,KTK,Khans of Tarkir,38,normal,uncommon,2,13360,9ff29b2c-2156-45fd-a2dd-655b8d208197,0.01,false,false,near_mint,en,CAD,2024-05-10T03:13:03.517Z
KTK Peasant Doubleton Cube (362),binder,Raiders' Spoils,KTK,Khans of Tarkir,83,normal,uncommon,1,13315,cd3e423e-cb62-43e1-9d0c-e702f823c8e1,0.01,false,false,near_mint,en,CAD,2024-05-10T03:00:44.643Z
KTK Peasant Doubleton Cube (362),binder,Sultai Soothsayer,KTK,Khans of Tarkir,205,normal,uncommon,2,13193,ae0de2c9-957e-41ee-8899-b93e6f1091dc,0.01,false,false,near_mint,en,CAD,2024-05-10T03:13:03.517Z
KTK Peasant Doubleton Cube (362),binder,Rakshasa's Secret,KTK,Khans of Tarkir,84,normal,common,2,13314,ae62a43e-36ce-471e-93f1-21fe674858b5,0.01,false,false,near_mint,en,CAD,2024-05-10T03:13:03.517Z
KTK Peasant Doubleton Cube (362),binder,Death Frenzy,KTK,Khans of Tarkir,172,normal,uncommon,2,13226,92096311-a3fa-41fc-b7a9-71ac2310f7fe,0.01,false,false,near_mint,en,CAD,2024-05-10T03:13:03.517Z
KTK Peasant Doubleton Cube (362),binder,Witness of the Ages,KTK,Khans of Tarkir,228,normal,uncommon,2,13170,763ac4c4-af2d-4b71-9fb3-244c96f93860,0.01,false,false,near_mint,en,CAD,2024-05-10T03:00:44.643Z
KTK Peasant Doubleton Cube (362),binder,Windstorm,KTK,Khans of Tarkir,157,normal,uncommon,2,13241,154dc31c-ac9d-4b78-b92b-e7bacc532915,0.01,false,false,near_mint,en,CAD,2024-05-10T03:13:03.517Z
KTK Peasant Doubleton Cube (362),binder,Abzan Falconer,KTK,Khans of Tarkir,2,normal,uncommon,2,13396,21ee4f3c-dc94-4156-b0ed-60fe6310451a,0.12,false,false,near_mint,en,CAD,2024-05-10T03:13:03.517Z
KTK Peasant Doubleton Cube (362),binder,Nomad Outpost,KTK,Khans of Tarkir,237,foil,uncommon,1,13161,fb6ae4a5-227d-465b-9e99-bae158b7d410,4.05,false,false,near_mint,en,CAD,2024-05-10T03:00:44.643Z
KTK Peasant Doubleton Cube (362),binder,Heart-Piercer Bow,KTK,Khans of Tarkir,221,normal,uncommon,2,13177,48168005-65cc-43dc-9d45-17ea5dd4848f,0.01,false,false,near_mint,en,CAD,2024-05-10T03:13:03.517Z
KTK Peasant Doubleton Cube (362),binder,Savage Punch,KTK,Khans of Tarkir,147,normal,common,2,13251,6c6b50dc-244a-4df5-a9a9-5a2b8f30d40c,0.01,false,false,near_mint,en,CAD,2024-05-10T03:13:03.517Z
KTK Peasant Doubleton Cube (362),binder,Jeskai Windscout,KTK,Khans of Tarkir,44,normal,common,2,13354,66356e38-38e1-4b09-80c2-be26007ff99c,0.01,false,false,near_mint,en,CAD,2024-05-10T03:13:03.517Z
KTK Peasant Doubleton Cube (362),binder,Treasure Cruise,KTK,Khans of Tarkir,59,normal,common,2,13339,7a59d4b1-6cf4-44ec-8a96-1bb7094fea21,0.21,false,false,near_mint,en,CAD,2024-05-10T03:00:44.643Z
KTK Peasant Doubleton Cube (362),binder,Smoke Teller,KTK,Khans of Tarkir,151,normal,common,2,13247,1916a2d9-4747-4118-b1b2-7a5ce492e3fc,0.01,false,false,near_mint,en,CAD,2024-05-10T03:13:03.517Z
KTK Peasant Doubleton Cube (362),binder,Singing Bell Strike,KTK,Khans of Tarkir,55,normal,common,2,13343,670f24e1-dec9-42e6-b762-c447366ed16c,0.01,false,false,near_mint,en,CAD,2024-05-10T03:13:03.517Z
KTK Peasant Doubleton Cube (362),binder,Temur Charm,KTK,Khans of Tarkir,208,normal,uncommon,2,13190,e2ee3e36-a849-42b0-b84b-027a08427c35,0.03,false,false,near_mint,en,CAD,2024-05-10T03:00:44.643Z
KTK Peasant Doubleton Cube (362),binder,Krumar Bond-Kin,KTK,Khans of Tarkir,77,normal,common,2,13321,57f38391-ffb7-4420-9a38-f791627b12b3,0.01,false,false,near_mint,en,CAD,2024-05-10T03:13:03.517Z
KTK Peasant Doubleton Cube (362),binder,Dead Drop,KTK,Khans of Tarkir,67,normal,uncommon,2,13331,ff25a19a-8f98-47ef-847c-ba526c82b290,0.01,false,false,near_mint,en,CAD,2024-05-10T03:13:03.517Z
KTK Peasant Doubleton Cube (362),binder,Mardu Heart-Piercer,KTK,Khans of Tarkir,116,normal,uncommon,2,13282,d17b6eee-da22-48aa-ba8a-cbd1a3389bcb,0.01,false,false,near_mint,en,CAD,2024-05-10T03:13:03.517Z
KTK Peasant Doubleton Cube (362),binder,Dismal Backwater,KTK,Khans of Tarkir,232,foil,common,1,13166,63742780-47ee-4a66-993a-69e06c14967d,0.33,false,false,near_mint,en,CAD,2024-05-10T03:00:44.643Z
KTK Peasant Doubleton Cube (362),binder,Swift Kick,KTK,Khans of Tarkir,122,normal,common,2,13276,2dc3120c-7e04-4c4a-af16-da264593a1d1,0.01,false,false,near_mint,en,CAD,2024-05-10T03:13:03.517Z
KTK Peasant Doubleton Cube (362),binder,Cancel,KTK,Khans of Tarkir,33,normal,common,2,13365,9f540dcb-8d0b-4d33-8c0d-893fa5db54eb,0.01,false,false,near_mint,en,CAD,2024-05-10T03:13:03.517Z
KTK Peasant Doubleton Cube (362),binder,Nomad Outpost,KTK,Khans of Tarkir,237,normal,uncommon,1,13161,fb6ae4a5-227d-465b-9e99-bae158b7d410,0.25,false,false,near_mint,en,CAD,2024-05-10T03:00:44.643Z
KTK Peasant Doubleton Cube (362),binder,Whirlwind Adept,KTK,Khans of Tarkir,63,normal,common,2,13335,51c9bd9c-900a-48a1-9cfe-2f8d031af6b8,0.01,false,false,near_mint,en,CAD,2024-05-10T03:13:03.517Z
KTK Peasant Doubleton Cube (362),binder,Kheru Dreadmaw,KTK,Khans of Tarkir,76,normal,common,2,13322,e8b10468-18b8-4321-a791-0cbd18ea9c4d,0.01,false,false,near_mint,en,CAD,2024-05-10T03:13:03.517Z
KTK Peasant Doubleton Cube (362),binder,Frontier Bivouac,KTK,Khans of Tarkir,234,foil,uncommon,1,13164,e4335951-e73e-45cb-b2a5-6e9d14ba87ee,3.09,false,false,near_mint,en,CAD,2024-05-10T03:00:44.643Z
KTK Peasant Doubleton Cube (362),binder,Secret Plans,KTK,Khans of Tarkir,198,normal,uncommon,2,13200,01589046-a969-400f-b4ac-90cbbb814504,0.01,false,false,near_mint,en,CAD,2024-05-10T03:13:03.517Z
KTK Peasant Doubleton Cube (362),binder,Scaldkin,KTK,Khans of Tarkir,52,normal,common,2,13346,8110eb0a-63dc-43df-b55a-9241f45b1cc6,0.01,false,false,near_mint,en,CAD,2024-05-10T03:13:03.517Z
KTK Peasant Doubleton Cube (362),binder,Bloodfire Expert,KTK,Khans of Tarkir,101,normal,common,2,13297,0742564e-f7a7-4107-b9ed-63703ca4702c,0.01,false,false,near_mint,en,CAD,2024-05-10T03:13:03.517Z
KTK Peasant Doubleton Cube (362),binder,Kin-Tree Invocation,KTK,Khans of Tarkir,183,normal,uncommon,1,13215,926b49a1-f220-41ab-8c67-8354a91a15e8,0.01,false,false,near_mint,en,CAD,2024-05-10T03:00:44.643Z
KTK Peasant Doubleton Cube (362),binder,Ponyback Brigade,KTK,Khans of Tarkir,191,normal,common,2,13207,192d77ef-e8b5-44e2-842b-2c1f342c1e69,0.01,false,false,near_mint,en,CAD,2024-05-10T03:13:03.517Z
KTK Peasant Doubleton Cube (362),binder,Scion of Glaciers,KTK,Khans of Tarkir,53,normal,uncommon,2,13345,5e370939-831b-4c42-8291-8ffb0b6c1af7,0.01,false,false,near_mint,en,CAD,2024-05-10T03:00:44.643Z
KTK Peasant Doubleton Cube (362),binder,Monastery Flock,KTK,Khans of Tarkir,47,normal,common,2,13351,e53c0e50-4b0b-43d8-80c0-2c216722c87a,0.01,false,false,near_mint,en,CAD,2024-05-10T03:13:03.517Z
KTK Peasant Doubleton Cube (362),binder,Sultai Charm,KTK,Khans of Tarkir,204,foil,uncommon,1,13194,993c9028-9b1b-4903-81b2-3cf4f37b7229,0.19,false,false,near_mint,en,CAD,2024-05-10T03:00:44.643Z
KTK Peasant Doubleton Cube (362),binder,Feat of Resistance,KTK,Khans of Tarkir,10,normal,common,2,13388,b6173466-30db-4b95-a556-dd69e03b731e,0.01,false,false,near_mint,en,CAD,2024-05-10T03:13:03.517Z
KTK Peasant Doubleton Cube (362),binder,Tranquil Cove,KTK,Khans of Tarkir,246,foil,common,1,13152,0f840bd2-c4f5-4ac4-918c-91b4feeb8783,0.26,false,false,near_mint,en,CAD,2024-05-10T03:00:44.643Z
KTK Peasant Doubleton Cube (362),binder,Highspire Mantis,KTK,Khans of Tarkir,177,normal,uncommon,2,13221,60d3708b-dd40-4515-bf8f-36cbc5de6b67,0.01,false,false,near_mint,en,CAD,2024-05-10T03:13:03.517Z
KTK Peasant Doubleton Cube (362),binder,Heir of the Wilds,KTK,Khans of Tarkir,134,normal,uncommon,2,13264,0995e041-fe90-4459-8c70-fd9851ecf830,0.01,false,false,near_mint,en,CAD,2024-05-10T03:00:44.643Z
KTK Peasant Doubleton Cube (362),binder,Winterflame,KTK,Khans of Tarkir,213,normal,uncommon,1,13185,b8924ab9-fa55-4348-b67d-b2b9e48a357a,0.01,false,false,near_mint,en,CAD,2024-05-10T03:13:03.517Z
KTK Peasant Doubleton Cube (362),binder,Jungle Hollow,KTK,Khans of Tarkir,235,foil,common,1,13163,fea27aa7-7fcf-4198-b03a-5034a03ba81f,0.26,false,false,near_mint,en,CAD,2024-05-10T03:00:44.643Z
KTK Peasant Doubleton Cube (362),binder,Pine Walker,KTK,Khans of Tarkir,143,normal,uncommon,2,13255,93a49d9c-8fe7-494b-9a26-cf4bde71e420,0.01,false,false,near_mint,en,CAD,2024-05-10T03:13:03.517Z
KTK Peasant Doubleton Cube (362),binder,Bloodfell Caves,KTK,Khans of Tarkir,229,foil,common,1,13169,15a7b30a-c59f-4a87-9e8a-b29daea27422,0.14,false,false,near_mint,en,CAD,2024-05-10T03:00:44.643Z
KTK Peasant Doubleton Cube (362),binder,Abzan Charm,KTK,Khans of Tarkir,161,foil,uncommon,1,13237,8f7b7598-35b0-4bb5-8347-8c868500f846,0.4,false,false,near_mint,en,CAD,2024-05-10T03:00:44.643Z
KTK Peasant Doubleton Cube (362),binder,Chief of the Scale,KTK,Khans of Tarkir,170,normal,uncommon,2,13228,a227b8cc-cbe5-4955-ad1b-a354704a82e8,0.01,false,false,near_mint,en,CAD,2024-05-10T03:13:03.517Z
KTK Peasant Doubleton Cube (362),binder,Bring Low,KTK,Khans of Tarkir,103,normal,common,2,13295,9ba5e7bf-2ad8-4061-937a-ef1e9b63da3d,0.01,false,false,near_mint,en,CAD,2024-05-10T03:13:03.517Z
KTK Peasant Doubleton Cube (362),binder,Disowned Ancestor,KTK,Khans of Tarkir,70,normal,common,2,13328,2d8bd496-632d-4d6d-a529-f35cf3222de7,0.01,false,false,near_mint,en,CAD,2024-05-10T03:13:03.517Z
KTK Peasant Doubleton Cube (362),binder,Burn Away,KTK,Khans of Tarkir,104,normal,uncommon,2,13294,f4b24e40-c0f0-4472-973e-d3b0e88fc93e,0.01,false,false,near_mint,en,CAD,2024-05-10T03:13:03.517Z
KTK Peasant Doubleton Cube (362),binder,Suspension Field,KTK,Khans of Tarkir,25,normal,uncommon,1,13373,ba5c9628-1801-43d9-8bb4-4cca168510b2,0.01,false,false,near_mint,en,CAD,2024-05-10T03:00:44.643Z
KTK Peasant Doubleton Cube (362),binder,Despise,KTK,Khans of Tarkir,69,normal,uncommon,1,13329,64216ce3-945e-42d8-9127-cf11c687da67,0.03,false,false,near_mint,en,CAD,2024-05-10T03:00:44.643Z
KTK Peasant Doubleton Cube (362),binder,Tusked Colossodon,KTK,Khans of Tarkir,155,normal,common,2,13243,2d511407-0c1e-4342-a578-ca557c6886fd,0.01,false,false,near_mint,en,CAD,2024-05-10T03:13:03.517Z
KTK Peasant Doubleton Cube (362),binder,Siegecraft,KTK,Khans of Tarkir,23,normal,common,2,13375,fbd17ef9-9f1b-4937-a60a-d7175f04eef2,0.01,false,false,near_mint,en,CAD,2024-05-10T03:13:03.517Z
KTK Peasant Doubleton Cube (362),binder,Dazzling Ramparts,KTK,Khans of Tarkir,6,normal,uncommon,2,13392,ce43a2df-4305-4ab1-ae45-96cca597650e,0.01,false,false,near_mint,en,CAD,2024-05-10T03:13:03.517Z
KTK Peasant Doubleton Cube (362),binder,Wind-Scarred Crag,KTK,Khans of Tarkir,247,normal,common,1,13151,3b296781-78ac-411f-88fc-2d924ad22986,0.01,false,false,near_mint,en,CAD,2024-05-10T03:00:44.643Z
KTK Peasant Doubleton Cube (362),binder,Dragonscale Boon,KTK,Khans of Tarkir,131,normal,common,2,13267,5aadb382-f912-4ccb-98bc-1abdef733126,0.01,false,false,near_mint,en,CAD,2024-05-10T03:13:03.517Z
KTK Peasant Doubleton Cube (362),binder,Mardu Roughrider,KTK,Khans of Tarkir,187,normal,uncommon,2,13211,d6341345-55a6-43f3-915a-c03afea92ec3,0.01,false,false,near_mint,en,CAD,2024-05-10T03:13:03.517Z
KTK Peasant Doubleton Cube (362),binder,Trumpet Blast,KTK,Khans of Tarkir,124,normal,common,2,13274,eb6deef5-876f-4c81-8af5-6e91e0c4656a,0.01,false,false,near_mint,en,CAD,2024-05-10T03:13:03.517Z
KTK Peasant Doubleton Cube (362),binder,Canyon Lurkers,KTK,Khans of Tarkir,105,normal,common,2,13293,ef6c56d1-6eca-43be-9834-0478bea67b48,0.01,false,false,near_mint,en,CAD,2024-05-10T03:13:03.517Z
KTK Peasant Doubleton Cube (362),binder,Archers' Parapet,KTK,Khans of Tarkir,128,normal,common,2,13270,64ac0667-8ecc-4034-89bb-dce0af531014,0.01,false,false,near_mint,en,CAD,2024-05-10T03:13:03.517Z
KTK Peasant Doubleton Cube (362),binder,Bitter Revelation,KTK,Khans of Tarkir,65,normal,common,2,13333,e42f5aa9-2a47-47c3-ab87-dc25735b0e54,0.01,false,false,near_mint,en,CAD,2024-05-10T03:13:03.517Z
KTK Peasant Doubleton Cube (362),binder,Mardu Blazebringer,KTK,Khans of Tarkir,115,normal,uncommon,2,13283,cbf7a797-f32a-4ed2-b835-a356120f5817,0.01,false,false,near_mint,en,CAD,2024-05-10T03:13:03.517Z
KTK Peasant Doubleton Cube (362),binder,Raiders' Spoils,KTK,Khans of Tarkir,83,foil,uncommon,1,13315,cd3e423e-cb62-43e1-9d0c-e702f823c8e1,0.41,false,false,near_mint,en,CAD,2024-05-10T03:00:44.643Z
KTK Peasant Doubleton Cube (362),binder,Mer-Ek Nightblade,KTK,Khans of Tarkir,79,normal,uncommon,2,13319,fe8589b2-9527-46ba-bf9e-0dec7d84d5d2,0.08,false,false,near_mint,en,CAD,2024-05-10T03:13:03.517Z
KTK Peasant Doubleton Cube (362),binder,Barrage of Boulders,KTK,Khans of Tarkir,100,normal,common,2,13298,2eb1a9f7-32ba-48fd-a7f7-788b0ec052c6,0.01,false,false,near_mint,en,CAD,2024-05-10T03:13:03.517Z
KTK Peasant Doubleton Cube (362),binder,Blossoming Sands,KTK,Khans of Tarkir,231,normal,common,1,13167,a32a1c0b-f6ea-475a-aa01-3618ea7d8647,0.01,false,false,near_mint,en,CAD,2024-05-10T03:00:44.643Z
KTK Peasant Doubleton Cube (362),binder,Suspension Field,KTK,Khans of Tarkir,25,foil,uncommon,1,13373,ba5c9628-1801-43d9-8bb4-4cca168510b2,0.19,false,false,near_mint,en,CAD,2024-05-10T03:00:44.643Z
KTK Peasant Doubleton Cube (362),binder,Sultai Charm,KTK,Khans of Tarkir,204,normal,uncommon,1,13194,993c9028-9b1b-4903-81b2-3cf4f37b7229,0.11,false,false,near_mint,en,CAD,2024-05-10T03:00:44.643Z
KTK Peasant Doubleton Cube (362),binder,Defiant Strike,KTK,Khans of Tarkir,7,normal,common,2,13391,39ec83fa-5cb4-4633-8827-36d874a2d2e7,0.01,false,false,near_mint,en,CAD,2024-05-10T03:13:03.517Z
KTK Peasant Doubleton Cube (362),binder,Mystic Monastery,KTK,Khans of Tarkir,236,normal,uncommon,1,13162,bae51d77-e06b-4e5a-9543-a17dd0b2a333,0.22,false,false,near_mint,en,CAD,2024-05-10T03:00:44.643Z
KTK Peasant Doubleton Cube (362),binder,Monastery Swiftspear,KTK,Khans of Tarkir,118,foil,uncommon,1,13280,b81c6c8b-a9cf-4866-89ba-7f8ad077b836,4.12,false,false,near_mint,en,CAD,2024-05-10T03:00:44.643Z
KTK Peasant Doubleton Cube (362),binder,Waterwhirl,KTK,Khans of Tarkir,60,normal,uncommon,2,13338,9dd58503-d269-4756-a71c-a6a2bfb1658d,0.01,false,false,near_mint,en,CAD,2024-05-10T03:13:03.517Z
KTK Peasant Doubleton Cube (362),binder,War Behemoth,KTK,Khans of Tarkir,29,normal,common,2,13369,652109b9-d607-42b6-945d-0c0dd5bba89c,0.01,false,false,near_mint,en,CAD,2024-05-10T03:13:03.517Z
KTK Peasant Doubleton Cube (362),binder,Take Up Arms,KTK,Khans of Tarkir,26,normal,uncommon,2,13372,fc783f49-f58a-4783-87b4-4dbc7e896f2e,0.01,false,false,near_mint,en,CAD,2024-05-10T03:13:03.517Z
KTK Peasant Doubleton Cube (362),binder,Bear's Companion,KTK,Khans of Tarkir,167,normal,uncommon,2,13231,d6912c5b-6aff-4506-96ca-acb5ce660322,0.01,false,false,near_mint,en,CAD,2024-05-10T03:13:03.517Z
KTK Peasant Doubleton Cube (362),binder,Firehoof Cavalry,KTK,Khans of Tarkir,11,normal,common,2,13387,edb2b284-f79c-41eb-a25f-4710d4a5228f,0.01,false,false,near_mint,en,CAD,2024-05-10T03:13:03.517Z
KTK Peasant Doubleton Cube (362),binder,Embodiment of Spring,KTK,Khans of Tarkir,39,normal,common,2,13359,88e07226-f180-4972-b7f8-90c743d45fb8,0.01,false,false,near_mint,en,CAD,2024-05-10T03:13:03.517Z
KTK Peasant Doubleton Cube (362),binder,Shambling Attendants,KTK,Khans of Tarkir,89,normal,common,2,13309,459ca25c-775f-4110-8d70-59720692ab27,0.01,false,false,near_mint,en,CAD,2024-05-10T03:13:03.517Z
KTK Peasant Doubleton Cube (362),binder,Sandsteppe Citadel,KTK,Khans of Tarkir,241,normal,uncommon,2,13157,2dd40d90-c939-458a-9a98-27d10da6ff2f,0.14,false,false,near_mint,en,CAD,2024-05-10T03:00:44.643Z
KTK Peasant Doubleton Cube (362),binder,Alpine Grizzly,KTK,Khans of Tarkir,127,normal,common,2,13271,38bbf983-df71-4403-86f3-2e86aa8765b8,0.03,false,false,near_mint,en,CAD,2024-05-10T03:13:03.517Z
KTK Peasant Doubleton Cube (362),binder,Timely Hordemate,KTK,Khans of Tarkir,27,normal,uncommon,2,13371,dcb3c08e-b591-421a-898a-533021cbabd2,0.01,false,false,near_mint,en,CAD,2024-05-10T03:13:03.517Z
KTK Peasant Doubleton Cube (362),binder,Rush of Battle,KTK,Khans of Tarkir,19,normal,common,2,13379,0d47d8aa-59c8-4e2c-bb48-328ae924dbb3,0.01,false,false,near_mint,en,CAD,2024-05-10T03:13:03.517Z
KTK Peasant Doubleton Cube (362),binder,Naturalize,KTK,Khans of Tarkir,142,normal,common,2,13256,b129b44e-a1ce-41f2-a0cf-b6c879c7cbbd,0.01,false,false,near_mint,en,CAD,2024-05-10T03:13:03.517Z
KTK Peasant Doubleton Cube (362),binder,Jeskai Elder,KTK,Khans of Tarkir,43,normal,uncommon,2,13355,bff9907c-4090-4dcc-aaf5-bc2a8dacce8b,0.01,false,false,near_mint,en,CAD,2024-05-10T03:13:03.517Z
KTK Peasant Doubleton Cube (362),binder,Ride Down,KTK,Khans of Tarkir,194,foil,uncommon,1,13204,3bc9a434-9617-4a20-88f0-355b20f2c538,0.3,false,false,near_mint,en,CAD,2024-05-10T03:00:44.643Z
KTK Peasant Doubleton Cube (362),binder,Arrow Storm,KTK,Khans of Tarkir,98,normal,common,2,13300,c57534fb-2591-4003-aeec-6452faa4a759,0.01,false,false,near_mint,en,CAD,2024-05-10T03:13:03.517Z
KTK Peasant Doubleton Cube (362),binder,Seek the Horizon,KTK,Khans of Tarkir,150,normal,uncommon,2,13248,d5269292-11be-4647-9074-7ce8115bf36f,0.01,false,false,near_mint,en,CAD,2024-05-10T03:13:03.517Z
KTK Peasant Doubleton Cube (362),binder,Weave Fate,KTK,Khans of Tarkir,61,normal,common,2,13337,a4a1f9c1-25a3-465f-b3d8-98f0867c9bb6,0.01,false,false,near_mint,en,CAD,2024-05-10T03:13:03.517Z
KTK Peasant Doubleton Cube (362),binder,Rugged Highlands,KTK,Khans of Tarkir,240,foil,common,1,13158,501ce6cb-0324-4cca-bc79-903cefe1ac1f,0.25,false,false,near_mint,en,CAD,2024-05-10T03:00:44.643Z
KTK Peasant Doubleton Cube (362),binder,Brave the Sands,KTK,Khans of Tarkir,5,normal,uncommon,2,13393,ef9c2b8a-148c-4393-b691-e333ad11c44e,1.85,false,false,near_mint,en,CAD,2024-05-10T03:00:44.643Z
KTK Peasant Doubleton Cube (362),binder,Awaken the Bear,KTK,Khans of Tarkir,129,normal,common,2,13269,803a6ac7-9327-4c2f-b023-93f5f65f83b8,0.01,false,false,near_mint,en,CAD,2024-05-10T03:13:03.517Z
KTK Peasant Doubleton Cube (362),binder,Mistfire Weaver,KTK,Khans of Tarkir,46,normal,uncommon,2,13352,8003a31f-7662-4e9e-8165-1ceea04fdf20,0.04,false,false,near_mint,en,CAD,2024-05-10T03:13:03.517Z
KTK Peasant Doubleton Cube (362),binder,Jeskai Charm,KTK,Khans of Tarkir,181,normal,uncommon,2,13217,ca268705-ef04-4bf1-8a5d-866bb3e5bb61,0.1,false,false,near_mint,en,CAD,2024-05-10T03:00:44.643Z
KTK Peasant Doubleton Cube (362),binder,Cranial Archive,KTK,Khans of Tarkir,218,normal,uncommon,2,13180,1284b15f-2a70-48d6-89d3-e787af3f07eb,0.01,false,false,near_mint,en,CAD,2024-05-10T03:13:03.517Z
KTK Peasant Doubleton Cube (362),binder,Mardu Hateblade,KTK,Khans of Tarkir,16,normal,common,2,13382,f1d1cdfa-834c-4028-8036-c4bfb7da071b,0.01,false,false,near_mint,en,CAD,2024-05-10T03:13:03.517Z
KTK Peasant Doubleton Cube (362),binder,Temur Banner,KTK,Khans of Tarkir,226,normal,common,2,13172,9990bdff-c27a-447f-b530-d8b7614fe9a0,0.01,false,false,near_mint,en,CAD,2024-05-10T03:13:03.517Z
KTK Peasant Doubleton Cube (362),binder,Mardu Charm,KTK,Khans of Tarkir,186,foil,uncommon,1,13212,c35fb7a3-7c7f-4470-b1ad-5b8709a608e6,0.33,false,false,near_mint,en,CAD,2024-05-10T03:00:44.643Z
KTK Peasant Doubleton Cube (362),binder,Mardu Charm,KTK,Khans of Tarkir,186,normal,uncommon,1,13212,c35fb7a3-7c7f-4470-b1ad-5b8709a608e6,0.04,false,false,near_mint,en,CAD,2024-05-10T03:00:44.643Z
KTK Peasant Doubleton Cube (362),binder,Erase,KTK,Khans of Tarkir,9,normal,common,2,13389,d1dd0e10-2ad7-467f-8d4b-c70b95bf2e9c,0.01,false,false,near_mint,en,CAD,2024-05-10T03:13:03.517Z
KTK Peasant Doubleton Cube (362),binder,Despise,KTK,Khans of Tarkir,69,foil,uncommon,1,13329,64216ce3-945e-42d8-9127-cf11c687da67,0.07,false,false,near_mint,en,CAD,2024-05-10T03:00:44.643Z
KTK Peasant Doubleton Cube (362),binder,Become Immense,KTK,Khans of Tarkir,130,normal,uncommon,1,13268,5e17b65e-56c3-4e12-a774-780514dfd8ba,0.07,false,false,near_mint,en,CAD,2024-05-10T03:00:44.643Z
KTK Peasant Doubleton Cube (362),binder,Warden of the Eye,KTK,Khans of Tarkir,212,normal,uncommon,2,13186,04135bf7-2bcf-4a92-80f0-6d5eefca551b,0.01,false,false,near_mint,en,CAD,2024-05-10T03:00:44.643Z
KTK Peasant Doubleton Cube (362),binder,Quiet Contemplation,KTK,Khans of Tarkir,50,normal,uncommon,2,13348,5dc7c9d5-904e-4ab6-9773-5c4f1c6d34c4,0.05,false,false,near_mint,en,CAD,2024-05-10T03:00:44.643Z
KTK Peasant Doubleton Cube (362),binder,Chief of the Edge,KTK,Khans of Tarkir,169,normal,uncommon,2,13229,28822a9a-97fa-4784-ad97-072fcfc7b9ed,0.01,false,false,near_mint,en,CAD,2024-05-10T03:00:44.643Z
KTK Peasant Doubleton Cube (362),binder,Bellowing Saddlebrute,KTK,Khans of Tarkir,64,normal,uncommon,2,13334,a1939b5d-e24f-4e4b-b4c5-8bdb232d8926,0.01,false,false,near_mint,en,CAD,2024-05-10T03:13:03.517Z
KTK Peasant Doubleton Cube (362),binder,Kheru Bloodsucker,KTK,Khans of Tarkir,75,normal,uncommon,2,13323,baf15cd4-13be-48e7-b3f5-a5106eb02c45,0.03,false,false,near_mint,en,CAD,2024-05-10T03:13:03.517Z
KTK Peasant Doubleton Cube (362),binder,Disdainful Stroke,KTK,Khans of Tarkir,37,normal,common,2,13361,180425c9-1898-48d4-9932-ddfb1a28e6b0,0.01,false,false,near_mint,en,CAD,2024-05-10T03:00:44.643Z
KTK Peasant Doubleton Cube (362),binder,Alabaster Kirin,KTK,Khans of Tarkir,4,normal,common,2,13394,ad1ce529-06ed-4e85-9988-8c8b58401ed5,0.01,false,false,near_mint,en,CAD,2024-05-10T03:13:03.517Z
KTK Peasant Doubleton Cube (362),binder,Frontier Bivouac,KTK,Khans of Tarkir,234,normal,uncommon,1,13164,e4335951-e73e-45cb-b2a5-6e9d14ba87ee,0.27,false,false,near_mint,en,CAD,2024-05-10T03:00:44.643Z
KTK Peasant Doubleton Cube (362),binder,Opulent Palace,KTK,Khans of Tarkir,238,normal,uncommon,1,13160,21326575-80b9-4a4e-a93c-6880ec6575d5,0.07,false,false,near_mint,en,CAD,2024-05-10T03:00:44.643Z
KTK Peasant Doubleton Cube (362),binder,Hooting Mandrills,KTK,Khans of Tarkir,137,normal,common,2,13261,090d678c-f0e4-4757-8900-93dfe67aefe9,0.01,false,false,near_mint,en,CAD,2024-05-10T03:13:03.517Z
KTK Peasant Doubleton Cube (362),binder,Rotting Mastodon,KTK,Khans of Tarkir,87,normal,common,2,13311,1564a20a-0e57-4ced-9eda-7acff74274e7,0.01,false,false,near_mint,en,CAD,2024-05-10T03:13:03.517Z
KTK Peasant Doubleton Cube (362),binder,Become Immense,KTK,Khans of Tarkir,130,foil,uncommon,1,13268,5e17b65e-56c3-4e12-a774-780514dfd8ba,0.6,false,false,near_mint,en,CAD,2024-05-10T03:00:44.643Z
KTK Peasant Doubleton Cube (362),binder,Jeskai Student,KTK,Khans of Tarkir,14,normal,common,2,13384,9007c528-0107-40fd-a97e-e5576f297eb2,0.01,false,false,near_mint,en,CAD,2024-05-10T03:13:03.517Z
KTK Peasant Doubleton Cube (362),binder,Longshot Squad,KTK,Khans of Tarkir,140,normal,common,2,13258,dd9edd62-dc18-4887-a020-4464e31b79c2,0.01,false,false,near_mint,en,CAD,2024-05-10T03:13:03.517Z
KTK Peasant Doubleton Cube (362),binder,Seeker of the Way,KTK,Khans of Tarkir,22,foil,uncommon,2,13376,3c17e350-44f7-4413-ad24-7c5d6616effd,0.11,false,false,near_mint,en,CAD,2024-05-10T03:00:44.643Z
KTK Peasant Doubleton Cube (362),binder,Winterflame,KTK,Khans of Tarkir,213,foil,uncommon,1,13185,b8924ab9-fa55-4348-b67d-b2b9e48a357a,0.03,false,false,near_mint,en,CAD,2024-05-10T03:00:44.643Z
KTK Peasant Doubleton Cube (362),binder,Tormenting Voice,KTK,Khans of Tarkir,123,normal,common,2,13275,25af9ac1-a03b-4be7-b726-fb66427b1caa,0.04,false,false,near_mint,en,CAD,2024-05-10T03:13:03.517Z
KTK Peasant Doubleton Cube (362),binder,Arc Lightning,KTK,Khans of Tarkir,97,normal,uncommon,2,13301,35c7c392-6782-40c8-bb24-6aad24f14660,0.01,false,false,near_mint,en,CAD,2024-05-10T03:13:03.517Z
KTK Peasant Doubleton Cube (362),binder,Salt Road Patrol,KTK,Khans of Tarkir,21,normal,common,2,13377,2c5ee84d-e5b9-4103-8ba7-ccd79a272c0f,0.01,false,false,near_mint,en,CAD,2024-05-10T03:13:03.517Z
KTK Peasant Doubleton Cube (362),binder,Force Away,KTK,Khans of Tarkir,40,normal,common,2,13358,dda70b3e-4b70-404e-a579-41dd126be084,0.01,false,false,near_mint,en,CAD,2024-05-10T03:13:03.517Z
KTK Peasant Doubleton Cube (362),binder,Wetland Sambar,KTK,Khans of Tarkir,62,normal,common,2,13336,f71a86e0-d15a-4fba-94f6-bfbaade8d837,0.01,false,false,near_mint,en,CAD,2024-05-10T03:13:03.517Z
KTK Peasant Doubleton Cube (362),binder,Sagu Archer,KTK,Khans of Tarkir,146,normal,common,2,13252,3a26baca-467e-4d94-873e-f266bebd5fd8,0.01,false,false,near_mint,en,CAD,2024-05-10T03:13:03.517Z
Export/Import,binder,Wretched Doll,DFT,Aetherdrift,111,normal,uncommon,1,103491,4983177d-fbf4-47fa-997f-9d08294870f2,0.01,false,false,near_mint,en,CAD,2026-07-14T21:02:02.251Z
Export/Import,binder,Bridled Bighorn,OTJ,Outlaws of Thunder Junction,7,normal,common,1,93438,fa7bf089-fa9b-4ffc-bf84-45cd51c76463,0.01,false,false,near_mint,en,CAD,2026-07-14T21:02:02.250Z
Export/Import,binder,Offender at Large,MKM,Murders at Karlov Manor,138,foil,common,1,91301,f096ff4a-85f4-46f1-9478-e8921f21309d,0.01,false,false,near_mint,en,CAD,2026-07-14T21:02:02.249Z
Export/Import,binder,Acrobatic Cheerleader,DSK,Duskmourn: House of Horror,1,normal,common,1,98713,6f1a7590-3eee-4803-b192-d4fb771e6a86,0.01,false,false,near_mint,en,CAD,2026-07-14T21:02:02.248Z
Export/Import,binder,Bleed Dry,VOW,Innistrad: Crimson Vow,94,normal,common,1,64164,3db65755-f104-4de9-bcc9-0a4a7bc66b51,0.01,false,false,near_mint,en,CAD,2026-07-14T21:02:02.247Z
Export/Import,binder,Nimble Larcenist,SNC,Streets of New Capenna,321,normal,uncommon,1,67918,9f640d69-b690-4262-b3d8-e9e28c813f94,0.01,false,false,near_mint,en,CAD,2026-07-14T21:02:02.246Z
Export/Import,binder,Sprite Dragon,IKO,Ikoria: Lair of Behemoths,211,normal,uncommon,1,49866,281f6118-adb8-4a7d-9c77-5570f3399e6e,0.35,false,false,near_mint,en,CAD,2026-07-14T21:02:02.245Z
Export/Import,binder,Leery Fogbeast,ONS,Onslaught,273,normal,common,1,31030,56125660-2307-4270-a947-f1f4ad63841c,0.01,false,false,near_mint,en,CAD,2026-07-14T21:02:02.244Z
Export/Import,binder,Oltec Cloud Guard,LCI,The Lost Caverns of Ixalan,28,normal,common,1,88224,02d68a38-2e0b-401b-b67d-a55e2af5b18d,0.01,false,false,near_mint,en,CAD,2026-07-14T21:02:02.243Z
Export/Import,binder,Aether Gale,C14,Commander 2014,11,normal,rare,1,12845,d1ae3672-8361-4bdb-979a-75dd909d77ba,0.23,false,false,near_mint,en,CAD,2026-07-14T21:02:02.242Z
Export/Import,binder,Caparocti Sunborn,LCI,The Lost Caverns of Ixalan,302,normal,uncommon,1,88408,380ed1dc-afa2-4b00-8da6-6177295965b5,0.01,false,false,near_mint,en,CAD,2026-07-14T21:05:12.983Z
Export/Import,binder,Mindful Biomancer,SOS,Secrets of Strixhaven,154,normal,common,1,112582,2c3a6eb8-ce0c-4dc8-9ed6-d2a9223eef53,0.01,false,false,near_mint,en,CAD,2026-07-14T21:05:12.982Z
Export/Import,binder,Vengeful Tracker,MKM,Murders at Karlov Manor,147,normal,uncommon,1,91086,a247c9a0-0c65-47bc-92fd-bebe95cd35a3,0.01,false,false,near_mint,en,CAD,2026-07-14T21:05:12.981Z
Export/Import,binder,Auspicious Arrival,MKM,Murders at Karlov Manor,288,normal,common,1,90842,49598c0a-3b3c-42a2-9358-ff072de9d9f2,0.01,false,false,near_mint,en,CAD,2026-07-14T21:05:12.980Z
Export/Import,binder,Duress,M13,Magic 2013,90,normal,common,1,17733,f7201d43-ae2e-4faa-a508-8555079c3bc7,0.03,false,false,near_mint,en,CAD,2026-07-14T21:05:12.979Z
Export/Import,binder,Moldervine Cloak,RVR,Ravnica Remastered,150,foil,uncommon,1,89597,2250c307-f9b3-4e4e-9e34-84ede712ec99,0.03,false,false,near_mint,en,CAD,2026-07-14T21:05:12.978Z
Export/Import,binder,Wing Shards,MH1,Modern Horizons,38,normal,uncommon,1,44896,f8326bd2-83a8-4600-b12a-0bda47168f7b,0.01,false,false,near_mint,en,CAD,2026-07-14T21:05:12.977Z
Export/Import,binder,Vithian Renegades,ARB,Alara Reborn,64,normal,uncommon,1,23444,7459a075-1a5d-4053-ab49-21bb696b6400,0.01,false,false,near_mint,en,CAD,2026-07-14T21:05:12.976Z
Export/Import,binder,Wandermare,ELD,Throne of Eldraine,204,normal,uncommon,1,46134,9a72fb5b-5c55-4ce9-b9d0-98f924d6f338,0.01,false,false,near_mint,en,CAD,2026-07-14T21:05:12.975Z
Export/Import,binder,Nevinyrral's Disk,C14,Commander 2014,257,normal,rare,1,12599,f68f0da7-133e-474f-9db9-b576bbaf9511,0.55,false,false,near_mint,en,CAD,2026-07-14T21:05:12.974Z
Export/Import,binder,Wolf's Quarry,ELD,Throne of Eldraine,184,normal,common,1,46154,5d21c15f-378e-4abf-992f-9743aa6ab6b8,0.01,false,false,near_mint,en,CAD,2026-07-14T21:11:41.031Z
Export/Import,binder,Racers' Ring,SNC,Streets of New Capenna,352,normal,common,1,67971,baa5d34b-b052-47f4-95e1-42a9c2d21cdf,0.01,false,false,near_mint,en,CAD,2026-07-14T21:11:41.030Z
Export/Import,binder,Phantom Monster,IMA,Iconic Masters,69,normal,common,1,3556,b5cddd47-8c2b-47de-bf82-e810d4cf4df4,0.01,false,false,near_mint,en,CAD,2026-07-14T21:11:41.029Z
Export/Import,binder,Crumble,3ED,Revised Edition,191,normal,uncommon,1,41234,32123652-4f71-4f0b-b317-39e6df039b4f,0.2,false,false,near_mint,en,CAD,2026-07-14T21:11:41.028Z
Export/Import,binder,Cabaretti Charm,SNC,Streets of New Capenna,300,normal,uncommon,1,68066,eb456da8-6a20-4d5e-9587-e8661ced525b,0.01,false,false,near_mint,en,CAD,2026-07-14T21:11:41.027Z
Export/Import,binder,Deepcavern Imp,TSR,Time Spiral Remastered,110,normal,common,1,57526,13cfa5f3-495f-457b-ad44-bd2cf3414ce4,0.01,false,false,near_mint,en,CAD,2026-07-14T21:11:41.026Z
Export/Import,binder,Karsus Depthguard,MOM,March of the Machine,150,foil,common,1,81303,0ac76be5-3a2c-499e-830a-bd02eec517ce,0.01,false,false,near_mint,en,CAD,2026-07-14T21:11:41.025Z
Export/Import,binder,Ticket Booth // Tunnel of Hate,DSK,Duskmourn: House of Horror,158,normal,common,1,99039,058ffe36-ed2d-4b67-83cd-162db8383a32,0.01,false,false,near_mint,en,CAD,2026-07-14T21:11:41.024Z
Export/Import,binder,"Itzquinth, Firstborn of Gishath",LCI,The Lost Caverns of Ixalan,331,normal,uncommon,1,88448,44f2aa6b-a092-4348-a24f-5edf46544eb7,0.01,false,false,near_mint,en,CAD,2026-07-14T21:11:41.023Z
Export/Import,binder,Deal Broker,CNS,Conspiracy,61,normal,rare,1,14359,42dc14d0-60e2-419a-a6cf-ba155c51c310,0.56,false,false,near_mint,en,CAD,2026-07-14T21:11:41.022Z
Export/Import,binder,Wicked Guardian,ELD,Throne of Eldraine,109,normal,common,2,46229,71cd91b2-0f9b-4582-ad90-32fa3ee1fde7,0.01,false,false,near_mint,en,CAD,2026-07-14T21:15:26.984Z
Export/Import,binder,Canopy Gorger,OGW,Oath of the Gatewatch,129,normal,common,1,9253,cbc8957d-769c-4630-9544-56cea8c847c2,0.01,false,false,near_mint,en,CAD,2026-07-14T21:15:26.983Z
Export/Import,binder,Winter's Rest,MH1,Modern Horizons,78,normal,common,1,44856,1fdaf6b6-aca7-49e5-a4da-bf8c08b4a055,0.01,false,false,near_mint,en,CAD,2026-07-14T21:15:26.982Z
Export/Import,binder,Minor Misstep,ONE,Phyrexia: All Will Be One,64,normal,uncommon,1,78493,360ca37b-5bbd-4923-a493-7674786a36af,0.01,false,false,near_mint,en,CAD,2026-07-14T21:15:26.981Z
Export/Import,binder,Nightsnare,ORI,Magic Origins,111,normal,common,1,10831,391a1023-69e7-425c-ac54-987ba366f8f4,0.01,false,false,near_mint,en,CAD,2026-07-14T21:15:26.980Z
Export/Import,binder,Summary Judgment,RVR,Ravnica Remastered,27,normal,common,1,89775,84628a1e-17d4-4037-9b53-6ac123746ed7,0.01,false,false,near_mint,en,CAD,2026-07-14T21:15:26.979Z
Export/Import,binder,Disciplined Duelist,SNC,Streets of New Capenna,304,normal,uncommon,1,67997,c55b348b-c147-4d02-b26c-d610f515bce0,0.01,false,false,near_mint,en,CAD,2026-07-14T21:15:26.978Z
Export/Import,binder,Molten Note,SOS,Secrets of Strixhaven,204,normal,uncommon,1,111701,506f69aa-7dc4-4dd7-990a-7371fc1762c0,0.01,false,false,near_mint,en,CAD,2026-07-14T21:15:26.977Z
Export/Import,binder,"Captain Storm, Cosmium Raider",LCI,The Lost Caverns of Ixalan,303,normal,uncommon,1,89035,f5e13dad-e326-4b8e-91c7-dc0d6c3bf51d,0.01,false,false,near_mint,en,CAD,2026-07-14T21:15:26.976Z
Export/Import,binder,Drawn from Dreams,M20,Core Set 2020,56,normal,rare,1,45405,5677cd48-de9f-4827-94d7-8a2301945742,0.07,false,false,near_mint,en,CAD,2026-07-14T21:15:26.975Z
Export/Import,binder,Orzhov Euthanist,RVR,Ravnica Remastered,88,normal,common,1,89902,cbed250a-3065-40ee-beaf-be1895cc4fa8,0.01,false,false,near_mint,en,CAD,2026-07-14T21:22:36.610Z
Export/Import,binder,Nature's Claim,WWK,Worldwake,108,normal,common,1,22083,64ae5a91-ac54-4222-832e-d7a740a3f7cb,0.49,false,false,near_mint,en,CAD,2026-07-14T21:22:36.609Z
Export/Import,binder,Festering Newt,IMA,Iconic Masters,90,normal,common,1,3535,05764968-0abe-4a6f-9f8a-066a4d484571,0.01,false,false,near_mint,en,CAD,2026-07-14T21:22:36.608Z
Export/Import,binder,Cruel Deceiver,CHK,Champions of Kamigawa,106,normal,common,1,29120,7cc6972a-5305-423f-a936-16ee0fbf9200,0.01,false,false,near_mint,en,CAD,2026-07-14T21:22:36.607Z
Export/Import,binder,Heavy Infantry,ORI,Magic Origins,18,normal,common,1,10924,2b904b1c-bf35-4bc1-8022-7f632160733d,0.01,false,false,near_mint,en,CAD,2026-07-14T21:22:36.606Z
Export/Import,binder,Jolted Awake,MH3,Modern Horizons 3,33,normal,common,1,94895,f773a79f-ad0f-45c9-bcf5-44ba5e992729,0.01,false,false,near_mint,en,CAD,2026-07-14T21:22:36.605Z
Export/Import,binder,Accursed Marauder,MH3,Modern Horizons 3,80,normal,common,1,94858,5da14d86-0780-4821-a799-96f64b377df4,0.01,false,false,near_mint,en,CAD,2026-07-14T21:22:36.604Z
Export/Import,binder,Forum Familiar,MKM,Murders at Karlov Manor,16,normal,uncommon,1,91131,b06a243d-acc8-42cd-926c-98a4cc96ab21,0.01,false,false,near_mint,en,CAD,2026-07-14T21:22:36.603Z
Export/Import,binder,Thrashing Brontodon,LCI,The Lost Caverns of Ixalan,329,normal,uncommon,1,88480,4cb1c91a-398c-437a-9a77-5b8515fc3ef2,0.01,false,false,near_mint,en,CAD,2026-07-14T21:22:36.602Z
Export/Import,binder,Gargoyle Castle,C14,Commander 2014,297,normal,rare,1,12559,f753a9a9-4b90-4dde-8eb9-6a432a526a8b,0.13,false,false,near_mint,en,CAD,2026-07-14T21:22:36.601Z
Export/Import,binder,Orochi Merge-Keeper,NEO,Kamigawa: Neon Dynasty,203,normal,uncommon,1,66729,736c3278-6ee2-47f9-aab0-1457e90137b1,0.04,false,false,near_mint,en,CAD,2026-07-14T21:26:57.874Z
Export/Import,binder,Ingenious Skaab,EMN,Eldritch Moon,66,normal,common,1,8270,19d6ed0b-40ba-407d-94de-05a705e79b95,0.01,false,false,near_mint,en,CAD,2026-07-14T21:26:57.873Z
Export/Import,binder,Goblin Artillery,M10,Magic 2010,138,normal,uncommon,1,23215,674bd59d-9d6d-434d-974f-3aa1cbd770b5,0.07,false,false,near_mint,en,CAD,2026-07-14T21:26:57.872Z
Export/Import,binder,Crushing Canopy,VOW,Innistrad: Crimson Vow,194,normal,common,1,64457,eae67d98-5167-442b-8586-0b2bcb0c56eb,0.01,false,false,near_mint,en,CAD,2026-07-14T21:26:57.871Z
Export/Import,binder,Falconer Adept,M21,Core Set 2021,18,normal,uncommon,1,51084,fb4733e6-6fe2-4460-ac9f-82feb583d790,0.01,false,false,near_mint,en,CAD,2026-07-14T21:26:57.870Z
Export/Import,binder,Cackling Slasher,DSK,Duskmourn: House of Horror,85,normal,common,1,99296,b1269ccf-febf-42b0-8c20-21ccb731a3ec,0.01,false,false,near_mint,en,CAD,2026-07-14T21:26:57.869Z
Export/Import,binder,Raven Guild Initiate,SCG,Scourge,46,normal,common,1,30642,c1e11f70-06c3-4dc5-aafe-82d65080085e,0.01,false,false,near_mint,en,CAD,2026-07-14T21:26:57.868Z
Export/Import,binder,Street Riot,GRN,Guilds of Ravnica,117,normal,uncommon,1,366,80b352d5-4a57-41bc-b4c4-8b81255a9db8,0.07,false,false,near_mint,en,CAD,2026-07-14T21:26:57.867Z
Export/Import,binder,Sculpted Perfection,MOM,March of the Machine,253,normal,uncommon,1,81084,594aefa2-7a5b-4ec1-841b-a6ef4f5aa2b1,0.01,false,false,near_mint,en,CAD,2026-07-14T21:26:57.866Z
Export/Import,binder,Howl of the Horde,KTK,Khans of Tarkir,112,normal,rare,1,13286,5db4baf3-f0dc-4b27-8323-a76764332590,0.21,false,false,near_mint,en,CAD,2026-07-14T21:26:57.865Z
Export/Import,binder,Orzhov Guildmage,RVR,Ravnica Remastered,208,normal,uncommon,1,89564,10f60c15-923f-4d97-b20b-ad5c05df92b4,0.01,false,false,near_mint,en,CAD,2026-07-14T21:29:48.796Z
Export/Import,binder,Grizzled Outrider,KHM,Kaldheim,173,normal,common,1,56859,4a1d4473-5317-4bdd-9cb9-93670acf52e9,0.01,false,false,near_mint,en,CAD,2026-07-14T21:29:48.795Z
Export/Import,binder,Trumpeting Herd,MH1,Modern Horizons,187,normal,common,1,44747,b0f3b68e-f616-4687-bc2d-075165162cd1,0.01,false,false,near_mint,en,CAD,2026-07-14T21:29:48.794Z
Export/Import,binder,Gnoll Hunter,AFR,Adventures in the Forgotten Realms,185,normal,common,1,60169,1d0634cb-e973-4f05-965e-d39b09fe57a9,0.01,false,false,near_mint,en,CAD,2026-07-14T21:29:48.793Z
Export/Import,binder,Fanatical Strength,MKM,Murders at Karlov Manor,310,normal,common,1,90739,28ee8b5b-ab55-4a26-9491-a0dc20cf54c8,0.01,false,false,near_mint,en,CAD,2026-07-14T21:29:48.792Z
Export/Import,binder,TCRI Building,TMT,Teenage Mutant Ninja Turtles,189,normal,common,1,111586,8817a1d6-ef39-4e7c-8277-74aea012803b,0.01,false,false,near_mint,en,CAD,2026-07-14T21:29:48.791Z
Export/Import,binder,Drogskol Shieldmate,INR,Innistrad Remastered,20,normal,common,1,102752,ba94ea90-66e5-4fd2-80fd-4baec5f8a1e4,0.01,false,false,near_mint,en,CAD,2026-07-14T21:29:48.790Z
Export/Import,binder,Fanatical Strength,MKM,Murders at Karlov Manor,159,normal,common,1,90841,4941fa74-c7b9-4468-8080-de8057d3d27b,0.01,false,false,near_mint,en,CAD,2026-07-14T21:29:48.789Z
Export/Import,binder,"Nicanzil, Current Conductor",LCI,The Lost Caverns of Ixalan,306,normal,uncommon,1,88539,6059b64c-3064-46de-af47-6dc6542dca23,0.01,false,false,near_mint,en,CAD,2026-07-14T21:29:48.788Z
Export/Import,binder,Archon of Sun's Grace,THB,Theros Beyond Death,3,normal,rare,1,47059,235e5999-e8e5-4093-adff-9d47aec70d10,0.55,false,false,near_mint,en,CAD,2026-07-14T21:29:48.787Z
Export/Import,binder,Unblinking Observer,MID,Innistrad: Midnight Hunt,82,normal,common,1,63324,8148063c-a509-43ac-a291-c9410c30c2f2,0.01,false,false,near_mint,en,CAD,2026-07-14T21:32:53.831Z
Export/Import,binder,Vanish from Sight,DSK,Duskmourn: House of Horror,82,normal,common,1,98825,5254988b-3113-42f7-b751-517ffb3b40f0,0.01,false,false,near_mint,en,CAD,2026-07-14T21:32:53.830Z
Export/Import,binder,Goldfury Strider,LCI,The Lost Caverns of Ixalan,152,normal,uncommon,1,88434,415904fe-b77f-4c1a-850f-688484d629e6,0.01,false,false,near_mint,en,CAD,2026-07-14T21:32:53.829Z
Export/Import,binder,Mind Rot,M20,Core Set 2020,108,normal,common,1,45353,b9de3feb-5f92-43eb-b5cf-00d2b511fe68,0.01,false,false,near_mint,en,CAD,2026-07-14T21:32:53.828Z
Export/Import,binder,Illegitimate Business,TMT,Teenage Mutant Ninja Turtles,186,normal,common,1,111583,71597acf-1ce6-46a8-b6c0-88755c8a377c,0.01,false,false,near_mint,en,CAD,2026-07-14T21:32:53.827Z
Export/Import,binder,Attended Knight,M13,Magic 2013,5,normal,common,1,17818,c0f5cb3f-c27d-4b35-930f-00d806393796,0.01,false,false,near_mint,en,CAD,2026-07-14T21:32:53.826Z
Export/Import,binder,Three Tragedies,BOK,Betrayers of Kamigawa,87,normal,uncommon,1,28622,42acaa44-15d5-4760-9aa8-b44eda9ed98a,0.01,false,false,near_mint,en,CAD,2026-07-14T21:32:53.825Z
Export/Import,binder,Blossoming Sands,DFT,Aetherdrift,252,normal,common,1,103088,69949863-2510-4fe2-a815-0682beeb08a3,0.01,false,false,near_mint,en,CAD,2026-07-14T21:32:53.824Z
Export/Import,binder,Goblin Electromancer,RVR,Ravnica Remastered,367,normal,common,1,89741,6f764413-4b47-4a49-b721-fe7b3bc039fa,0.06,false,false,near_mint,en,CAD,2026-07-14T21:32:53.823Z
Export/Import,binder,Spawnbroker,RAV,Ravnica: City of Guilds,65,normal,rare,1,27945,ce1e4aa6-b06d-4b87-9912-a4c403e8d7c6,0.35,false,false,near_mint,en,CAD,2026-07-14T21:32:53.822Z
Export/Import,binder,Sarcomite Myr,TSR,Time Spiral Remastered,84,normal,common,1,57730,8636ba4f-07ef-4327-8e4a-6c2d8f90b264,0.03,false,false,near_mint,en,CAD,2026-07-14T21:36:54.939Z
Export/Import,binder,Golem's Heart,SOM,Scars of Mirrodin,161,normal,uncommon,1,20871,647ecb81-2d23-40f3-8570-0b86e2ed1c5e,0.1,false,false,near_mint,en,CAD,2026-07-14T21:36:54.938Z
Export/Import,binder,Riddlesmith,SOM,Scars of Mirrodin,40,normal,uncommon,1,20992,08e25713-05ea-4eed-aa7f-5ca4e57a8152,0.01,false,false,near_mint,en,CAD,2026-07-14T21:36:54.937Z
Export/Import,binder,Dreamtail Heron,IKO,Ikoria: Lair of Behemoths,47,normal,common,1,50030,ca777d40-736a-4cd6-85c4-5afd52f2fadd,0.01,false,false,near_mint,en,CAD,2026-07-14T21:36:54.936Z
Export/Import,binder,Skybridge Towers,SNC,Streets of New Capenna,354,normal,common,1,67966,b906bdba-534c-4f47-b00b-bb93f92774cd,0.01,false,false,near_mint,en,CAD,2026-07-14T21:36:54.935Z
Export/Import,binder,Guul Draz Mucklord,ZNR,Zendikar Rising,104,normal,common,1,54719,b996743e-7f48-49d8-948b-ceb75bddf215,0.01,false,false,near_mint,en,CAD,2026-07-14T21:36:54.934Z
Export/Import,binder,Tin Street Gossip,MKM,Murders at Karlov Manor,235,normal,uncommon,1,90819,4094b13f-28d4-48b6-8cce-3c44656745b7,0.01,false,false,near_mint,en,CAD,2026-07-14T21:36:54.933Z
Export/Import,binder,Unholy Officiant,VOW,Innistrad: Crimson Vow,286,normal,common,1,64266,722b6cc7-16f2-43cd-bac6-42f5e7962d99,0.01,false,false,near_mint,en,CAD,2026-07-14T21:36:54.932Z
Export/Import,binder,Sporeback Troll,DIS,Dissension,94,normal,common,1,27331,18bdca24-3beb-4d0d-b3bc-b98c23316fe7,0.07,false,false,near_mint,en,CAD,2026-07-14T21:36:54.931Z
Export/Import,binder,Shifty Doppelganger,ODY,Odyssey,101,normal,rare,1,32076,538ffe1e-c312-4797-99dd-9bf5f896bdc3,0.28,false,false,near_mint,en,CAD,2026-07-14T21:36:54.930Z
Export/Import,binder,Erg Raiders,A25,Masters 25,90,normal,common,1,2626,b29d88ad-5074-4f37-bb6a-2a7fe75c5771,0.01,false,false,near_mint,en,CAD,2026-07-14T21:43:05.412Z
Export/Import,binder,Azorius Arrester,RVR,Ravnica Remastered,5,normal,common,1,90004,ff6ce02a-5e1e-4c7a-8bf6-97d9d2f9db92,0.01,false,false,near_mint,en,CAD,2026-07-14T21:43:05.411Z
Export/Import,binder,Spectral Interference,DFT,Aetherdrift,63,normal,common,1,103556,860cb8af-a5f6-47e7-a34b-7b9f11ddc8c6,0.01,false,false,near_mint,en,CAD,2026-07-14T21:43:05.410Z
Export/Import,binder,Shady Informant,MKM,Murders at Karlov Manor,231,normal,common,1,90659,0de36e63-8190-415f-b65b-bae1e595845d,0.01,false,false,near_mint,en,CAD,2026-07-14T21:43:05.409Z
Export/Import,binder,Malamet War Scribe,LCI,The Lost Caverns of Ixalan,21,normal,uncommon,1,88843,b92a6ba0-cea0-4084-92f1-2bd60ea25fb0,0.01,false,false,near_mint,en,CAD,2026-07-14T21:43:05.408Z
Export/Import,binder,Undead Servant,ORI,Magic Origins,124,normal,common,1,10818,36afdfd4-8db7-45b6-9b6d-b9293fe6c26d,0.01,false,false,near_mint,en,CAD,2026-07-14T21:43:05.407Z
Export/Import,binder,Paralyzing Grasp,RTR,Return to Ravnica,46,normal,common,1,17376,3dfd97b3-d83e-406f-af45-40eec6347462,0.01,false,false,near_mint,en,CAD,2026-07-14T21:43:05.406Z
Export/Import,binder,Carrion Grub,M21,Core Set 2021,92,normal,uncommon,1,50755,31df3d95-bbdb-449d-9601-4fa844c3c640,0.01,false,false,near_mint,en,CAD,2026-07-14T21:43:05.405Z
Export/Import,binder,Expressive Firedancer,SOS,Secrets of Strixhaven,114,normal,common,1,112286,259b8c45-6241-4206-a34e-34c7f401f47b,0.01,false,false,near_mint,en,CAD,2026-07-14T21:43:05.404Z
Export/Import,binder,Sigil of the Empty Throne,CON,Conflux,18,normal,rare,1,23711,9c451f63-2827-49fe-9d1d-87c87f7f5f8d,0.71,false,false,near_mint,en,CAD,2026-07-14T21:43:05.403Z
Export/Import,binder,Eager Glyphmage,SOS,Secrets of Strixhaven,11,normal,common,1,112507,bf736de9-9bc4-49df-ae60-672ed4f83f32,0.01,false,false,near_mint,en,CAD,2026-07-14T21:51:05.901Z
Export/Import,binder,Knightly Valor,WOT,Wilds of Eldraine: Enchanting Tales,8,normal,uncommon,1,85529,844b8b36-6c45-445c-92a3-f1058669d66a,0.01,false,false,near_mint,en,CAD,2026-07-14T21:51:05.900Z
Export/Import,binder,Zoyowa Lava-Tongue,LCI,The Lost Caverns of Ixalan,312,normal,uncommon,1,88375,2cfd2cf8-95e4-4df5-a803-66e7c4eb065a,0.01,false,false,near_mint,en,CAD,2026-07-14T21:51:05.899Z
Export/Import,binder,Skulltap,SCG,Scourge,73,normal,common,1,30615,48a90779-008e-401f-9877-be0a935d2ccd,0.1,false,false,near_mint,en,CAD,2026-07-14T21:51:05.898Z
Export/Import,binder,Riot Gear,GTC,Gatecrash,236,normal,common,1,16588,d3be1289-76f9-40b3-9387-b76a8b8d8797,0.01,false,false,near_mint,en,CAD,2026-07-14T21:51:05.897Z
Export/Import,binder,Crown of Suspicion,ONS,Onslaught,134,normal,common,1,31169,8953e11b-cc3a-4c8d-9d7e-04bf90c77027,0.01,false,false,near_mint,en,CAD,2026-07-14T21:51:05.896Z
Export/Import,binder,Tormenting Voice,M19,Core Set 2019,164,normal,common,1,1148,48dbbc83-5549-480f-bf98-da90495d2a29,0.03,false,false,near_mint,en,CAD,2026-07-14T21:51:05.895Z
Export/Import,binder,Sky Tether,RNA,Ravnica Allegiance,21,normal,uncommon,1,43843,39c47be3-0228-46de-b4b5-911fb86d4596,0.01,false,false,near_mint,en,CAD,2026-07-14T21:51:05.894Z
Export/Import,binder,Outlaw Stitcher,OTJ,Outlaws of Thunder Junction,59,normal,uncommon,1,93320,ba9584f0-55b8-448d-99a7-041934053f42,0.01,false,false,near_mint,en,CAD,2026-07-14T21:51:05.893Z
Export/Import,binder,"Kaza, Roil Chaser",ZNR,Zendikar Rising,225,normal,rare,1,54697,af6bc333-79c0-4de8-9874-80f2254f9ad2,0.07,false,false,near_mint,en,CAD,2026-07-14T21:51:05.892Z
Export/Import,binder,Stampeding Rhino,M10,Magic 2010,204,normal,common,1,23149,f5a33394-d26c-4dcd-948c-e7d370059b11,0.01,false,false,near_mint,en,CAD,2026-07-14T21:58:05.454Z
Export/Import,binder,Prowling Felidar,ZNR,Zendikar Rising,294,normal,common,1,54799,e8df0aed-dd2b-4f1e-8dfe-aec07462b1e1,0.01,false,false,near_mint,en,CAD,2026-07-14T21:58:05.453Z
Export/Import,binder,Giant Crab,TMP,Tempest,66,normal,common,1,36933,11c65a35-e219-4b60-ab95-ce7eff67d646,0.06,false,false,near_mint,en,CAD,2026-07-14T21:58:05.452Z
Export/Import,binder,Viashino Pyromancer,M19,Core Set 2019,166,normal,common,1,1146,a82fdb2f-b199-44ff-9615-90fc074cb8b0,0.01,false,false,near_mint,en,CAD,2026-07-14T21:58:05.451Z
Export/Import,binder,Captured by Lagacs,MH2,Modern Horizons 2,188,normal,common,1,59633,7ce1c2a8-688b-4f63-8d58-e325efc6052a,0.01,false,false,near_mint,en,CAD,2026-07-14T21:58:05.450Z
Export/Import,binder,Team Tactics,MSH,Marvel Super Heroes,155,normal,uncommon,1,114026,db1c7a71-3d01-4f2a-9b25-2a19bb0d1a56,0.01,false,false,near_mint,en,CAD,2026-07-14T21:58:05.449Z
Export/Import,binder,Ashiok's Skulker,WAR,War of the Spark,40,normal,common,1,44364,7dd5b0a1-104d-4e0f-82de-65487fbf01ff,0.01,false,false,near_mint,en,CAD,2026-07-14T21:58:05.448Z
Export/Import,binder,Birthing Boughs,MH1,Modern Horizons,221,normal,uncommon,1,44713,1345ee24-ffa3-44d1-a983-f25f54cda3f3,0.11,false,false,near_mint,en,CAD,2026-07-14T21:58:05.447Z
Export/Import,binder,Storm Skreelix,MID,Innistrad: Midnight Hunt,243,normal,uncommon,1,63292,6c49618f-2e9e-4674-9953-153ccc76cce2,0.01,false,false,near_mint,en,CAD,2026-07-14T21:58:05.446Z
Export/Import,binder,Myr Battlesphere,DDU,Duel Decks: Elves vs. Inventors,57,normal,rare,1,2410,2b3d86bd-0686-42bc-b540-3c1e2cb75e35,0.28,false,false,near_mint,en,CAD,2026-07-14T21:58:05.445Z
Export/Import,binder,Brackish Blunder,LCI,The Lost Caverns of Ixalan,46,normal,common,1,88954,dea3d0f4-76f5-416f-93ba-8b003b967816,0.01,false,false,near_mint,en,CAD,2026-07-14T22:01:02.883Z
Export/Import,binder,"Tetsuko Umezawa, Fugitive",MUL,Multiverse Legends,12,normal,uncommon,1,81645,469beb59-1e57-474e-9dcf-9c13957cbfdd,0.04,false,false,near_mint,en,CAD,2026-07-14T22:01:02.882Z
Export/Import,binder,Wreck Remover,DFT,Aetherdrift,247,normal,common,1,103318,e3151960-cc0c-47b5-b476-295d7a17ae14,0.01,false,false,near_mint,en,CAD,2026-07-14T22:01:02.881Z
Export/Import,binder,Haazda Officer,RNA,Ravnica Allegiance,10,normal,common,1,43854,5ba5f096-c6ea-4db6-966b-617e3454813f,0.01,false,false,near_mint,en,CAD,2026-07-14T22:01:02.880Z
Export/Import,binder,Shatterskull Recruit,BFZ,Battle for Zendikar,155,normal,common,1,10196,c8add5f2-4ccf-4505-86f6-cc36aff1c3fe,0.01,false,false,near_mint,en,CAD,2026-07-14T22:01:02.879Z
Export/Import,binder,Corpse Hauler,M14,Magic 2014,90,normal,common,1,15961,ca6adc5e-9221-4a18-8d41-4675797e5d46,0.01,false,false,near_mint,en,CAD,2026-07-14T22:01:02.878Z
Export/Import,binder,Legion's Judgment,M21,Core Set 2021,24,normal,common,1,50687,032f6c5a-8d88-4a55-a54b-28df42d801e1,0.01,false,false,near_mint,en,CAD,2026-07-14T22:01:02.877Z
Export/Import,binder,Blizzard Strix,MH1,Modern Horizons,42,normal,uncommon,1,44892,217dfa26-d3ad-4fe8-9db4-ddd753a4b679,0.04,false,false,near_mint,en,CAD,2026-07-14T22:01:02.876Z
Export/Import,binder,Savage Smash,OTP,Breaking News,53,normal,uncommon,1,93149,4b05cacb-1f62-46ca-90a0-202d4adcff2c,0.01,false,false,near_mint,en,CAD,2026-07-14T22:01:02.875Z
Export/Import,binder,Primeval Bounty,FDN,Foundations,644,normal,mythic,1,100337,332c9742-dc3b-48e5-8736-7724fae1b4c4,0.03,false,false,near_mint,en,CAD,2026-07-14T22:01:02.874Z
Export/Import,binder,Rocketeer Boostbuggy,DFT,Aetherdrift,220,normal,uncommon,1,103030,4c80c91e-dd3d-4c7b-89e4-bfb253eeaee2,0.01,false,false,near_mint,en,CAD,2026-07-14T22:05:38.551Z
Export/Import,binder,Smelted Chargebug,MH3,Modern Horizons 3,139,normal,common,1,94865,7dad40bf-2cd0-47f5-a878-9a289d1d58d0,0.01,false,false,near_mint,en,CAD,2026-07-14T22:05:38.550Z
Export/Import,binder,Pigment Wrangler // Striking Palette,SOS,Secrets of Strixhaven,126,normal,uncommon,1,112683,c2faf4cf-c4b6-4721-ac06-0e045dd9704a,0.01,false,false,near_mint,en,CAD,2026-07-14T22:05:38.549Z
Export/Import,binder,Sibsig Host,FRF,Fate Reforged,82,normal,common,1,12044,2791f1a5-bf29-48ac-8a41-88b7f97ede41,0.01,false,false,near_mint,en,CAD,2026-07-14T22:05:38.548Z
Export/Import,binder,Rictus Robber,OTJ,Outlaws of Thunder Junction,102,normal,uncommon,1,93090,252def94-2d89-48f7-8ff7-9c8682ca3ec6,0.01,false,false,near_mint,en,CAD,2026-07-14T22:05:38.547Z
Export/Import,binder,Funeral Longboat,KHM,Kaldheim,238,normal,common,1,56851,45c48042-178f-432e-9eee-10bfa1e0795f,0.01,false,false,near_mint,en,CAD,2026-07-14T22:05:38.546Z
Export/Import,binder,Fear of Surveillance,DSK,Duskmourn: House of Horror,11,normal,common,1,98839,6e98559d-d9fd-4bdf-8df9-389eee756a3a,0.01,false,false,near_mint,en,CAD,2026-07-14T22:05:38.545Z
Export/Import,binder,Spitfire Lagac,ZNR,Zendikar Rising,302,normal,common,1,54712,b6008794-a7ca-4a3e-b88b-e5dbb9e0f39b,0.01,false,false,near_mint,en,CAD,2026-07-14T22:05:38.544Z
Export/Import,binder,Emerge from the Cocoon,DSK,Duskmourn: House of Horror,5,normal,common,1,98813,3ba16fbf-2d44-4337-87cb-6ff6b84a258a,0.01,false,false,near_mint,en,CAD,2026-07-14T22:05:38.543Z
Export/Import,binder,Metropolis Reformer,MAT,March of the Machine: The Aftermath,189,foil,rare,1,82455,09c43285-a8f7-4fcc-be8c-115c04d3f657,8.75,false,false,near_mint,en,CAD,2026-07-14T22:05:38.542Z
Export/Import,binder,Reef Roads,DFT,Aetherdrift,259,normal,uncommon,1,103105,73a8171a-2629-4356-ae86-b4d03aa14bd3,0.01,false,false,near_mint,en,CAD,2026-07-14T22:09:25.412Z
Export/Import,binder,Cleaving Sliver,MH1,Modern Horizons,121,normal,common,1,44813,51b657f0-6636-4d8a-9176-81027816e0ec,0.13,false,false,near_mint,en,CAD,2026-07-14T22:09:25.411Z
Export/Import,binder,Glade Gnarr,APC,Apocalypse,78,normal,common,1,32378,ee38eeae-918b-4d19-b37a-175ac5db37a4,0.01,false,false,near_mint,en,CAD,2026-07-14T22:09:25.410Z
Export/Import,binder,Ballynock Cohort,SHM,Shadowmoor,3,normal,common,1,24863,c5c54ec5-2917-4acf-b56f-8273781477f6,0.01,false,false,near_mint,en,CAD,2026-07-14T22:09:25.409Z
Export/Import,binder,Garenbrig Paladin,ELD,Throne of Eldraine,157,normal,common,1,46181,8445020a-6fab-47dd-9e57-886c28f68b3f,0.01,false,false,near_mint,en,CAD,2026-07-14T22:09:25.408Z
Export/Import,binder,Krovod Haunch,MKM,Murders at Karlov Manor,21,normal,uncommon,1,91315,f663cd86-39e6-467b-85b7-dd27536251a6,0.01,false,false,near_mint,en,CAD,2026-07-14T22:09:25.407Z
Export/Import,binder,Sabertooth Mauler,M21,Core Set 2021,202,normal,common,1,51093,fe39e38e-76e5-4883-b530-d3e30e88ccad,0.01,false,false,near_mint,en,CAD,2026-07-14T22:09:25.406Z
Export/Import,binder,Prismatic Circle,MIR,Mirage,34,normal,common,1,38556,8d4e3de4-f173-4bcc-a5fb-089eee7108d3,0.04,false,false,near_mint,en,CAD,2026-07-14T22:09:25.405Z
Export/Import,binder,Boon of Emrakul,EMN,Eldritch Moon,81,normal,common,1,8255,24bb97c6-d2ff-459f-986e-73e30534d865,0.01,false,false,near_mint,en,CAD,2026-07-14T22:09:25.404Z
Export/Import,binder,Mentor of the Meek,FDN,Foundations,578,normal,rare,1,100576,60790977-efd4-470a-823a-6929f84016e7,0.01,false,false,near_mint,en,CAD,2026-07-14T22:09:25.403Z
Export/Import,binder,Putrefy,RVR,Ravnica Remastered,212,normal,uncommon,1,89565,12277fd6-d010-4f8e-8c58-146a14c9e5b6,0.14,false,false,near_mint,en,CAD,2026-07-14T22:14:24.908Z
Export/Import,binder,Cracked Skull,DSK,Duskmourn: House of Horror,88,normal,common,1,99214,7616ad5e-ed30-4876-8743-6f0f9f143ea1,0.01,false,false,near_mint,en,CAD,2026-07-14T22:14:24.907Z
Export/Import,binder,Umara Entangler,OGW,Oath of the Gatewatch,65,normal,common,1,9317,0d4ddc45-cd67-4b2c-84d0-4604783fd8e7,0.01,false,false,near_mint,en,CAD,2026-07-14T22:14:24.906Z
Export/Import,binder,Burnished Hart,FDN,Foundations,250,normal,uncommon,2,100609,65ebbff0-fbe6-4310-a33f-e00bb2534979,0.01,false,false,near_mint,en,CAD,2026-07-14T22:14:24.905Z
Export/Import,binder,Quicksilver Fisher,ONE,Phyrexia: All Will Be One,66,normal,common,1,78807,bad0e96a-b4cc-4439-aab9-731a1036145d,0.01,false,false,near_mint,en,CAD,2026-07-14T22:14:24.904Z
Export/Import,binder,Blacksnag Buzzard,OTJ,Outlaws of Thunder Junction,79,normal,common,1,93414,ef10b2ad-9b9b-4c5d-a2c7-3ce742224b50,0.01,false,false,near_mint,en,CAD,2026-07-14T22:14:24.903Z
Export/Import,binder,Savior of the Small,DSK,Duskmourn: House of Horror,27,normal,uncommon,1,98932,e2ed31ea-c278-4e8c-afa7-6d09af399345,0.01,false,false,near_mint,en,CAD,2026-07-14T22:14:24.902Z
Export/Import,binder,Impossible Inferno,DSK,Duskmourn: House of Horror,140,normal,common,1,98885,a35248f9-9a4e-4758-a4c1-0e0c83e3fd75,0.01,false,false,near_mint,en,CAD,2026-07-14T22:14:24.901Z
Export/Import,binder,Primary Research,SOS,Secrets of Strixhaven,26,normal,uncommon,1,112190,f6fdb814-45c6-4d14-afff-7f5bd1bd10a1,0.01,false,false,near_mint,en,CAD,2026-07-14T22:14:24.900Z
Export/Import,binder,Defiler of Vigor,DMU,Dominaria United,160,foil,rare,1,71229,0896860c-d028-4193-89a5-97e05c12a1e7,3.57,false,false,near_mint,en,CAD,2026-07-14T22:14:24.899Z
Export/Import,binder,Shambling Ghoul,ORI,Magic Origins,119,normal,common,1,10823,fd8061d2-84ce-4e4a-9911-ffc9833749da,0.01,false,false,near_mint,en,CAD,2026-07-14T22:19:39.045Z
Export/Import,binder,Miasma Demon,DSK,Duskmourn: House of Horror,109,normal,uncommon,1,99196,6d167c00-75ff-4301-855a-8319b89e3689,0.01,false,false,near_mint,en,CAD,2026-07-14T22:19:39.044Z
Export/Import,binder,Prizefight,SNC,Streets of New Capenna,154,normal,common,1,67759,544c810b-5f90-4535-aa76-14f8c6b9428a,0.07,false,false,near_mint,en,CAD,2026-07-14T22:19:39.043Z
Export/Import,binder,Pit Automaton,DFT,Aetherdrift,238,normal,uncommon,1,103623,c72527ef-ac05-44c8-8c76-10532ce3da6e,0.01,false,false,near_mint,en,CAD,2026-07-14T22:19:39.042Z
Export/Import,binder,Swiftwater Cliffs,DFT,Aetherdrift,265,normal,common,1,103181,949bf6bb-1e97-48a3-8547-0a780664c275,0.01,false,false,near_mint,en,CAD,2026-07-14T22:19:39.041Z
Export/Import,binder,Silverflame Ritual,ELD,Throne of Eldraine,30,normal,common,1,46308,cad7efd1-5f53-4466-9a02-c474c265298a,0.01,false,false,near_mint,en,CAD,2026-07-14T22:19:39.040Z
Export/Import,binder,Bear Trap,DSK,Duskmourn: House of Horror,243,normal,common,1,98931,e27c27d6-dc3a-4420-bb35-d97dc216e002,0.01,false,false,near_mint,en,CAD,2026-07-14T22:19:39.039Z
Export/Import,binder,Starlight Snare,J25,Foundations Jumpstart,9,normal,common,1,100743,80ab3040-fec2-4a65-8825-e6a1132601d1,0.01,false,false,near_mint,en,CAD,2026-07-14T22:19:39.038Z
Export/Import,binder,Resistance Skywarden,ONE,Phyrexia: All Will Be One,146,normal,uncommon,1,78583,6249aabe-8f21-4257-9e04-ceffd44d42a5,0.01,false,false,near_mint,en,CAD,2026-07-14T22:19:39.037Z
Export/Import,binder,Claim Jumper,OTJ,Outlaws of Thunder Junction,8,normal,rare,1,93191,654ade6b-0369-4b90-a744-2f57a45b04f4,0.35,false,false,near_mint,en,CAD,2026-07-14T22:19:39.036Z
Export/Import,binder,Marketwatch Phantom,MKM,Murders at Karlov Manor,24,normal,common,1,91237,daf6a392-3fc4-45d1-b85d-3b1381b3ab7d,0.01,false,false,near_mint,en,CAD,2026-07-14T22:23:31.948Z
Export/Import,binder,Thrill of Possibility,FDN,Foundations,210,normal,common,1,101561,882b348c-076b-41d8-b505-063480636669,0.01,false,false,near_mint,en,CAD,2026-07-14T22:23:31.947Z
Export/Import,binder,Tempest Hart // Scan the Clouds,WOE,Wilds of Eldraine,238,normal,uncommon,1,85401,559bacc8-facc-4d93-90b5-8ac21d3246f5,0.01,false,false,near_mint,en,CAD,2026-07-14T22:23:31.946Z
Export/Import,binder,Bake into a Pie,FDN,Foundations,169,normal,common,1,101494,2ab0e660-86a3-4b92-82fa-77dcb5db947d,0.01,false,false,near_mint,en,CAD,2026-07-14T22:23:31.945Z
Export/Import,binder,Tranquil Cove,DFT,Aetherdrift,267,normal,common,1,103098,70688800-7675-4e75-bb3c-9e05b95a685c,0.01,false,false,near_mint,en,CAD,2026-07-14T22:23:31.944Z
Export/Import,binder,Anthropede,DSK,Duskmourn: House of Horror,167,normal,common,1,98824,51216ab0-9806-4faa-afbd-143e95dc255b,0.01,false,false,near_mint,en,CAD,2026-07-14T22:23:31.942Z
Export/Import,binder,Snarl Song,SOS,Secrets of Strixhaven,161,normal,uncommon,1,112723,fc4c7fa2-aebb-4636-9afd-f1010c923316,0.01,false,false,near_mint,en,CAD,2026-07-14T22:23:31.941Z
Export/Import,binder,Titanic Brawl,RVR,Ravnica Remastered,158,normal,common,1,89958,e58e5661-cfc8-4266-a0ce-38af9a698773,0.07,false,false,near_mint,en,CAD,2026-07-14T22:23:31.940Z
Export/Import,binder,Samwise Gamgee,LTR,The Lord of the Rings: Tales of Middle-earth,222,foil,rare,1,83352,a1b6f13e-63d0-46bf-aa57-23c2dbdf62dd,1.91,false,false,near_mint,en,CAD,2026-07-14T22:23:31.939Z
Export/Import,binder,Storm Entity,TSR,Time Spiral Remastered,193,normal,uncommon,1,57694,6f6e88a5-0d1f-4587-b855-42ab5452ddc8,0.01,false,false,near_mint,en,CAD,2026-07-14T22:26:52.355Z
Export/Import,binder,Mistway Spy,MKM,Murders at Karlov Manor,65,normal,uncommon,1,91273,e8578839-046f-4afd-a0e7-4737ded9e6eb,0.01,false,false,near_mint,en,CAD,2026-07-14T22:26:52.354Z
Export/Import,binder,White Auracite,FIN,Final Fantasy,41,normal,common,1,105873,2df6f515-9d21-4769-b1c4-c219611bccbb,0.01,false,false,near_mint,en,CAD,2026-07-14T22:26:52.353Z
Export/Import,binder,Bristlepack Sentry,OTJ,Outlaws of Thunder Junction,156,normal,common,1,93201,6aea6702-16a8-4073-9c83-fbea20a5fd32,0.01,false,false,near_mint,en,CAD,2026-07-14T22:26:52.351Z
Export/Import,binder,Hungry Flames,JMP,Jumpstart,336,normal,common,1,51121,07392a36-e63a-4648-b8df-1172403922eb,0.01,false,false,near_mint,en,CAD,2026-07-14T22:26:52.350Z
Export/Import,binder,Brute Force,PLC,Planar Chaos,116,normal,common,1,26418,82d43220-1e4e-4b61-9844-51c8bb5dde35,0.11,false,false,near_mint,en,CAD,2026-07-14T22:26:52.349Z
Export/Import,binder,Pompous Gadabout,MKM,Murders at Karlov Manor,171,normal,uncommon,1,90946,6d803b93-c1df-4a02-9dbb-d347c841d4d7,0.01,false,false,near_mint,en,CAD,2026-07-14T22:26:52.348Z
Export/Import,binder,Arena Trickster,THB,Theros Beyond Death,126,normal,common,1,46936,e096049d-9f02-4abb-bb5a-97b14fd17099,0.01,false,false,near_mint,en,CAD,2026-07-14T22:26:52.347Z
Export/Import,binder,"Kylox, Visionary Inventor",MKM,Murders at Karlov Manor,214,normal,rare,1,90611,00faa272-91ad-407b-9175-8fa1d02585b8,0.01,false,false,near_mint,en,CAD,2026-07-14T22:26:52.346Z
Export/Import,binder,Khenra Spellspear // Gitaxian Spellstalker,MOM,March of the Machine,151,normal,uncommon,1,81239,dc1454ce-bb49-4b4f-bbca-d77387fa4966,0.01,false,false,near_mint,en,CAD,2026-07-14T22:31:25.766Z
Export/Import,binder,Social Snub,SOS,Secrets of Strixhaven,228,normal,uncommon,1,112373,a04b6900-0436-4920-a0d4-c0186d605ae3,0.01,false,false,near_mint,en,CAD,2026-07-14T22:31:25.765Z
Export/Import,binder,Felidar Cub,BFZ,Battle for Zendikar,25,normal,common,1,10326,ea76a183-e15c-4968-b29d-91c074aa8681,0.01,false,false,near_mint,en,CAD,2026-07-14T22:31:25.764Z
Export/Import,binder,Llanowar Elves,FDN,Foundations,227,normal,common,1,95583,6a0b230b-d391-4998-a3f7-7b158a0ec2cd,0.13,false,false,near_mint,en,CAD,2026-07-14T22:31:25.763Z
Export/Import,binder,Spotcycle Scouter,DFT,Aetherdrift,30,normal,common,1,103346,f0489108-75b7-441c-888d-12987c0c1080,0.01,false,false,near_mint,en,CAD,2026-07-14T22:31:25.762Z
Export/Import,binder,Bloodhaze Wolverine,ELD,Throne of Eldraine,113,normal,common,1,46225,3d6c0bc1-cb07-4009-83b1-1122381cf9c4,0.01,false,false,near_mint,en,CAD,2026-07-14T22:31:25.761Z
Export/Import,binder,Markov Waltzer,VOW,Innistrad: Crimson Vow,313,foil,uncommon,1,64389,bd545edd-699a-4ee9-8d8e-1e875cf4f2af,0.07,false,false,near_mint,en,CAD,2026-07-14T22:31:25.760Z
Export/Import,binder,Grasping Shadows // Shadows' Lair,LCI,The Lost Caverns of Ixalan,108,normal,uncommon,1,88635,81b8b9c9-725d-476d-a3cf-55e3dc3e433d,0.01,false,false,near_mint,en,CAD,2026-07-14T22:31:25.759Z
Export/Import,binder,Town Greeter,FIN,Final Fantasy,209,normal,common,1,105610,49cd4efa-4df4-4257-9a42-60330f7781e2,0.01,false,false,near_mint,en,CAD,2026-07-14T22:31:25.758Z
Export/Import,binder,Gravewaker,M19,Core Set 2019,293,normal,rare,1,1019,ee347d62-867e-40c2-bf4a-0ac2f627e24c,0.06,false,false,near_mint,en,CAD,2026-07-14T22:31:25.757Z
Export/Import,binder,Eagle of Deliverance,LTR,The Lord of the Rings: Tales of Middle-earth,824,normal,rare,1,86659,a4631187-9a5b-43d5-92d8-de6e609d2a03,0.69,false,false,near_mint,en,CAD,2026-08-04T19:58:26.749Z
Export/Import,binder,Exquisite Archangel,AER,Aether Revolt,18,normal,mythic,1,6396,d04018c9-510c-4610-9daa-677434628805,2.94,false,false,near_mint,en,CAD,2026-08-04T19:58:26.750Z
Export/Import,binder,Resplendent Angel,LCI,The Lost Caverns of Ixalan,32,normal,mythic,1,88516,59adbd35-9959-4a0f-babf-46ea3c15f018,8.08,false,false,near_mint,en,CAD,2026-08-04T19:58:26.751Z
Export/Import,binder,Lyra Dawnbringer,DMR,Dominaria Remastered,13,foil,mythic,1,78059,a2e0c8c5-ea0e-4347-b5cb-b7b1801a523b,5.18,false,false,near_mint,en,CAD,2026-08-04T19:58:26.752Z
Export/Import,binder,Psychosis Crawler,BLC,Bloomburrow Commander,282,normal,rare,1,96379,8fa39403-6de1-4b05-bc95-e24a89b7fdf7,0.62,false,false,near_mint,en,CAD,2026-08-04T19:58:26.753Z
Murder at Karlov Manor (MKM),binder,Coerced to Kill,MKM,Murders at Karlov Manor,311,foil,uncommon,1,90905,5c9c1153-93d6-4250-bc42-2d9fd3042e55,0.01,false,false,near_mint,en,CAD,2025-10-19T01:45:42.962Z
Murder at Karlov Manor (MKM),binder,Drag the Canal,MKM,Murders at Karlov Manor,199,normal,rare,1,90860,508d7096-2be3-4d4b-a55c-d4dbd3c9019c,0.01,false,false,near_mint,en,CAD,2025-10-19T01:45:42.962Z
Murder at Karlov Manor (MKM),binder,Slice from the Shadows,MKM,Murders at Karlov Manor,301,normal,common,1,91220,d4e49c72-0fa2-4271-aabd-38a3e2b4779c,0.01,false,false,near_mint,en,CAD,2025-10-19T01:45:42.962Z
Murder at Karlov Manor (MKM),binder,Frantic Scapegoat,MKM,Murders at Karlov Manor,126,normal,uncommon,1,91283,eb81e343-7242-44b1-9ce6-1dddd104f764,0.13,false,false,near_mint,en,CAD,2024-02-13T01:52:10.029Z
Murder at Karlov Manor (MKM),binder,Murder,MKM,Murders at Karlov Manor,95,normal,common,1,90697,1ea6438b-0e6c-4d65-8bcd-34a988717c81,0.01,false,false,near_mint,en,CAD,2024-02-13T01:52:10.029Z
Murder at Karlov Manor (MKM),binder,Innocent Bystander,MKM,Murders at Karlov Manor,133,normal,common,1,90634,085f4595-4ae5-428e-a934-e918774df6fd,0.01,false,false,near_mint,en,CAD,2024-02-10T00:11:28.082Z
Murder at Karlov Manor (MKM),binder,Case of the Stashed Skeleton,MKM,Murders at Karlov Manor,80,normal,rare,1,90844,4b120cbe-f0af-46c5-863f-03ecadf0435c,2.02,false,false,near_mint,en,CAD,2024-02-10T00:11:28.082Z
Murder at Karlov Manor (MKM),binder,Suspicious Detonation,MKM,Murders at Karlov Manor,145,foil,common,1,90948,6e280482-ed7e-4011-899e-096ff7bd4c41,0.08,false,false,near_mint,en,CAD,2024-02-10T00:11:28.082Z
Murder at Karlov Manor (MKM),binder,Harried Dronesmith,MKM,Murders at Karlov Manor,131,normal,uncommon,1,90787,36cb25ee-3c84-40a8-ba45-7e44893deecf,0.07,false,false,near_mint,en,CAD,2024-02-10T00:11:28.082Z
Murder at Karlov Manor (MKM),binder,Insidious Roots,MKM,Murders at Karlov Manor,313,normal,uncommon,1,90918,61c9e0ae-38c0-4618-b664-16a9ad1661c1,1.01,false,false,near_mint,en,CAD,2024-02-13T01:52:10.029Z
Murder at Karlov Manor (MKM),binder,Mountain,MKM,Murders at Karlov Manor,275,normal,common,1,90871,5383b66e-e559-47d2-9967-9c2d5f898653,0.01,false,false,near_mint,en,CAD,2024-02-13T01:52:10.029Z
Murder at Karlov Manor (MKM),binder,Homicide Investigator,MKM,Murders at Karlov Manor,86,normal,rare,1,90714,21d6accd-167a-4b21-a488-44d54cdfa608,0.24,false,false,near_mint,en,CAD,2024-02-13T01:52:10.029Z
Murder at Karlov Manor (MKM),binder,Mountain,MKM,Murders at Karlov Manor,275,foil,common,1,90871,5383b66e-e559-47d2-9967-9c2d5f898653,0.01,false,false,near_mint,en,CAD,2024-02-13T02:39:19.392Z
Murder at Karlov Manor (MKM),binder,Repeat Offender,MKM,Murders at Karlov Manor,101,normal,common,2,90651,0c2ca1e7-e0de-4d29-a81b-62185ccd295f,0.01,false,false,near_mint,en,CAD,2024-02-13T01:52:10.029Z
Murder at Karlov Manor (MKM),binder,Agency Coroner,MKM,Murders at Karlov Manor,75,normal,common,1,91223,d63f2c23-e877-42e3-9362-5d003a173c6d,0.01,false,false,near_mint,en,CAD,2024-02-10T00:11:28.082Z
Murder at Karlov Manor (MKM),binder,Magnifying Glass,MKM,Murders at Karlov Manor,255,normal,common,1,91192,c606a71f-8fb0-486b-955f-727ebf436946,0.01,false,false,near_mint,en,CAD,2024-02-13T01:52:10.029Z
Murder at Karlov Manor (MKM),binder,Mountain,M20,Core Set 2020,273,normal,common,3,45187,399f7531-e137-463b-bec3-e86756b6ed71,0.4,false,false,near_mint,en,CAD,2024-02-11T02:16:28.390Z
Murder at Karlov Manor (MKM),binder,Commercial District,MKM,Murders at Karlov Manor,259,normal,rare,1,91168,bf220c06-3cce-4bdd-aa58-83940c223e9c,3.65,false,false,near_mint,en,CAD,2024-02-13T01:52:10.029Z
Murder at Karlov Manor (MKM),binder,Swamp,MKM,Murders at Karlov Manor,281,normal,common,1,90961,70d0ef58-c0b3-4bcd-b470-0cf41219a4e6,0.01,false,false,near_mint,en,CAD,2024-02-10T00:11:28.082Z
Murder at Karlov Manor (MKM),binder,Gravestone Strider,MKM,Murders at Karlov Manor,252,normal,common,1,90704,1f952d8d-c089-432c-822a-8ef1e605ae38,0.01,false,false,near_mint,en,CAD,2024-02-13T01:52:10.029Z
Murder at Karlov Manor (MKM),binder,Red Herring,MKM,Murders at Karlov Manor,142,foil,common,1,90942,6c137a44-9ab6-4e59-8324-34d9dca8f5a6,0.11,false,false,near_mint,en,CAD,2024-02-13T01:52:10.029Z
Murder at Karlov Manor (MKM),binder,Expose the Culprit,MKM,Murders at Karlov Manor,124,normal,uncommon,1,90771,31aadd3d-5ce1-44ba-ac6d-b192a9ea491b,0.01,false,false,near_mint,en,CAD,2024-02-13T01:52:10.029Z
Murder at Karlov Manor (MKM),binder,Forest,MKM,Murders at Karlov Manor,286,normal,common,1,90943,6cb8f264-cc26-476e-a3b7-53638dce7395,0.01,false,false,near_mint,en,CAD,2024-02-13T01:52:10.029Z
Murder at Karlov Manor (MKM),binder,Crime Novelist,MKM,Murders at Karlov Manor,121,normal,uncommon,1,90673,14a5cd7c-b0b1-4ffa-a806-bb0e73baffad,1.89,false,false,near_mint,en,CAD,2024-02-13T01:52:10.029Z
Murder at Karlov Manor (MKM),binder,Chalk Outline,MKM,Murders at Karlov Manor,157,normal,uncommon,1,91139,b3ff56c1-4153-4e15-9ac6-06d93fa2ae50,0.07,false,false,near_mint,en,CAD,2024-02-13T01:52:10.029Z
Murder at Karlov Manor (MKM),binder,Underground Mortuary,MKM,Murders at Karlov Manor,271,normal,rare,1,91316,f6ca59cd-8779-4a84-a54b-e863b79c61f0,3.51,false,false,near_mint,en,CAD,2024-02-13T01:52:10.029Z
Murder at Karlov Manor (MKM),binder,Galvanize,MKM,Murders at Karlov Manor,128,normal,common,1,90923,64ed3bfa-3294-45dd-825e-3afc2580f0d4,0.01,false,false,near_mint,en,CAD,2024-02-10T00:11:28.082Z
Murder at Karlov Manor (MKM),binder,Goblin Maskmaker,MKM,Murders at Karlov Manor,130,normal,common,1,90917,6154a991-c602-4fca-91a3-3830060da60e,0.01,false,false,near_mint,en,CAD,2024-02-10T00:11:28.082Z
Murder at Karlov Manor (MKM),binder,Alley Assailant,MKM,Murders at Karlov Manor,76,normal,common,1,91293,edf238c9-61de-4f3a-b82f-05af46e5e81b,0.01,false,false,near_mint,en,CAD,2024-02-10T00:11:28.082Z
Murder at Karlov Manor (MKM),binder,Swamp,MKM,Murders at Karlov Manor,274,normal,common,1,90874,53d0a415-26b8-4ba2-9503-b4ee2b93617c,0.19,false,false,near_mint,en,CAD,2024-02-10T00:11:28.082Z
Murder at Karlov Manor (MKM),binder,Person of Interest,MKM,Murders at Karlov Manor,139,normal,common,1,90997,7d56ebff-67c8-4bc7-a533-ddde4ce0c2af,0.01,false,false,near_mint,en,CAD,2024-02-13T01:52:10.029Z
Murder at Karlov Manor (MKM),binder,Case of the Gorgon's Kiss,MKM,Murders at Karlov Manor,79,foil,uncommon,1,90831,45e4c07a-3205-4193-8163-b0e63e6242a4,0.2,false,false,near_mint,en,CAD,2024-02-10T00:11:28.082Z
Murder at Karlov Manor (MKM),binder,Swamp,M20,Core Set 2020,272,normal,common,4,45188,6ba77dad-f157-4e31-9654-921967ea98c0,0.12,false,false,near_mint,en,CAD,2024-02-11T02:15:46.084Z
Murder at Karlov Manor (MKM),binder,Mountain,MKM,Murders at Karlov Manor,283,normal,common,1,91248,de754d20-5371-456b-9064-8f0687d2eab7,0.01,false,false,near_mint,en,CAD,2024-02-10T00:11:28.082Z
Murder at Karlov Manor (MKM),binder,Swamp,MKM,Murders at Karlov Manor,282,normal,common,1,91136,b1cbccfc-3585-4895-94d1-c3a67205e5fe,0.01,false,false,near_mint,en,CAD,2024-02-13T01:52:10.029Z
Murder at Karlov Manor (MKM),binder,Escape Tunnel,MKM,Murders at Karlov Manor,261,foil,common,1,91057,93ddde4f-d35e-4128-8f43-d0eadbd715de,0.01,false,false,near_mint,en,CAD,2024-02-13T01:52:10.029Z
Murder at Karlov Manor (MKM),binder,"Izoni, Center of the Web",MKM,Murders at Karlov Manor,209,normal,rare,1,90963,70ea66cd-587a-4ca9-9ca8-d7d2046bfbed,0.24,false,false,near_mint,en,CAD,2024-02-13T01:52:10.029Z
Basri Planeswalker Deck,deck,Conclave Mentor,M21,Core Set 2021,216,normal,uncommon,2,50926,a328a93a-e720-46d5-a190-cc65d1c90cea,0.05,false,false,near_mint,en,CAD,2024-02-03T21:24:23.337Z
Basri Planeswalker Deck,deck,Omen of the Sun,THB,Theros Beyond Death,30,normal,common,2,47032,86586fe3-1a6e-4648-b3ff-b0d9340e66ff,0.01,false,false,near_mint,en,CAD,2024-02-03T21:24:23.337Z
Basri Planeswalker Deck,deck,Victory's Envoy,MIC,Midnight Hunt Commander,96,normal,rare,2,63672,b9fd4bad-0227-484d-ba48-4e7f75bb804d,0.15,false,false,near_mint,en,CAD,2024-02-03T21:24:23.337Z
Basri Planeswalker Deck,deck,Omen of the Sun,THB,Theros Beyond Death,30,normal,common,2,47032,86586fe3-1a6e-4648-b3ff-b0d9340e66ff,0.01,false,false,near_mint,en,CAD,2024-02-03T21:24:23.337Z
Basri Planeswalker Deck,deck,Captured by Lagacs,MH2,Modern Horizons 2,188,normal,common,4,59633,7ce1c2a8-688b-4f63-8d58-e325efc6052a,0.01,false,false,near_mint,en,CAD,2024-02-03T21:24:23.337Z
Basri Planeswalker Deck,deck,Gleam of Authority,DTK,Dragons of Tarkir,19,normal,rare,1,11795,96847438-eb09-4e3f-8ebf-f064b88f70c9,0.1,false,false,near_mint,en,CAD,2024-02-03T21:24:23.337Z
Basri Planeswalker Deck,deck,Basri's Acolyte,M21,Core Set 2021,8,foil,common,4,50698,08d1dd97-2675-4953-ab95-d47d23abfe05,0.09,false,false,near_mint,en,CAD,2024-02-03T21:24:23.337Z
Basri Planeswalker Deck,deck,Basri's Lieutenant,M21,Core Set 2021,288,normal,rare,4,50738,26439775-7880-4e12-81eb-92185daca3fd,0.12,false,false,near_mint,en,CAD,2024-02-03T21:24:23.337Z
Basri Planeswalker Deck,deck,"Basri, Devoted Paladin",M21,Core Set 2021,320,foil,mythic,1,50739,2688b45d-9d74-4d9f-9a63-29c82b48d64f,0.5,false,false,near_mint,en,CAD,2024-02-03T21:24:23.337Z
Basri Planeswalker Deck,deck,Venerated Loxodon,GRN,Guilds of Ravnica,30,normal,rare,1,453,93599fba-7c53-4621-85b5-6434be077bf6,0.19,false,false,near_mint,en,CAD,2024-02-03T21:24:23.337Z
Basri Planeswalker Deck,deck,Thriving Heath,AFC,Forgotten Realms Commander,269,normal,common,4,60715,5677c5a9-e63f-4d13-91dc-beeb6875f675,0.04,false,false,near_mint,en,CAD,2024-02-03T21:24:23.337Z
Basri Planeswalker Deck,deck,Stonecoil Serpent,ELD,Throne of Eldraine,235,normal,rare,2,46103,b34bf7fd-9fe3-43e2-8cfe-7ce7cff08afe,0.25,false,false,near_mint,en,CAD,2024-02-03T21:24:23.337Z
Basri Planeswalker Deck,deck,Devouring Light,M15,Magic 2015,9,normal,uncommon,2,13843,217c8b3d-4675-49ad-8d86-8a5d6ca9cae5,0.01,false,false,near_mint,en,CAD,2024-02-03T23:41:58.677Z
Basri Planeswalker Deck,deck,Basri's Solidarity,M21,Core Set 2021,289,normal,uncommon,3,50941,aa6daf0d-d581-434e-9b5f-cea1e7fd7967,0.03,false,false,near_mint,en,CAD,2024-02-03T21:24:23.337Z
Basri Planeswalker Deck,deck,Gleam of Authority,DTK,Dragons of Tarkir,19,normal,rare,3,11795,96847438-eb09-4e3f-8ebf-f064b88f70c9,0.1,false,false,near_mint,en,CAD,2024-02-03T21:24:23.337Z
Basri Planeswalker Deck,deck,Basri's Solidarity,M21,Core Set 2021,289,normal,uncommon,1,50941,aa6daf0d-d581-434e-9b5f-cea1e7fd7967,0.03,false,false,near_mint,en,CAD,2024-02-03T21:24:23.337Z
Basri Planeswalker Deck,deck,Raise the Alarm,M20,Core Set 2020,34,normal,common,4,45427,764a7a53-314e-4b1f-aa33-0f312d06df71,0.01,false,false,near_mint,en,CAD,2024-02-03T21:24:23.337Z
Basri Planeswalker Deck,deck,Basri's Aegis,M21,Core Set 2021,322,normal,rare,3,50815,577657ed-162f-4104-b0af-ee9733e90f20,0.08,false,false,near_mint,en,CAD,2024-02-03T21:24:23.337Z
Born of the Gods (BNG),binder,Siren Song Lyre,BNG,Born of the Gods,161,normal,uncommon,1,14799,cfeca720-3163-4391-b90d-5f7aa5f5987b,0.01,false,false,near_mint,en,CAD,2024-02-03T21:13:28.130Z
Born of the Gods (BNG),binder,Noble Quarry,BNG,Born of the Gods,130,normal,uncommon,2,14830,cd8447c3-4fce-4971-a3d7-e5671fe269f5,0.09,false,false,near_mint,en,CAD,2024-02-06T03:57:49.958Z
Born of the Gods (BNG),binder,Unravel the Aether,BNG,Born of the Gods,143,normal,uncommon,2,14817,5584c26f-62ac-4d0b-9142-5159f2a05734,0.09,false,false,near_mint,en,CAD,2024-02-03T21:13:28.130Z
Born of the Gods (BNG),binder,Setessan Starbreaker,BNG,Born of the Gods,139,normal,common,9,14821,03af8b3b-a897-43e2-a87d-833da93edc41,0.01,false,false,near_mint,en,CAD,2024-02-06T03:57:49.958Z
Born of the Gods (BNG),binder,Kragma Butcher,BNG,Born of the Gods,100,normal,common,4,14860,56d1dcab-7e46-4ff1-91f6-77352ef0cd90,0.01,false,false,near_mint,en,CAD,2024-02-03T21:13:28.130Z
Born of the Gods (BNG),binder,Archetype of Finality,BNG,Born of the Gods,58,normal,uncommon,4,14902,f326b9c5-063b-4c53-a696-11cd89fc88d8,0.65,false,false,near_mint,en,CAD,2024-02-03T23:41:58.677Z
Born of the Gods (BNG),binder,Aspect of Hydra,BNG,Born of the Gods,117,normal,common,5,14843,19353629-07be-47e2-a7d5-3a5e5e1120c8,0.01,false,false,near_mint,en,CAD,2024-02-03T21:13:28.130Z
Born of the Gods (BNG),binder,Mortal's Resolve,BNG,Born of the Gods,127,normal,common,6,14833,131a96b4-393d-4e8e-9b6a-f15f3804febb,0.01,false,false,near_mint,en,CAD,2024-02-03T21:13:28.130Z
Born of the Gods (BNG),binder,Mortal's Ardor,BNG,Born of the Gods,20,normal,common,2,14940,9e29f95c-aeed-4cb6-a43b-2748a5dd6138,0.01,false,false,near_mint,en,CAD,2024-02-03T21:13:28.130Z
Born of the Gods (BNG),binder,Ephara's Enlightenment,BNG,Born of the Gods,146,normal,uncommon,1,14814,6e480d04-9a35-463e-928e-8da3556629e6,0.01,false,false,near_mint,en,CAD,2024-02-05T20:07:19.823Z
Born of the Gods (BNG),binder,Pheres-Band Raiders,BNG,Born of the Gods,133,normal,uncommon,1,14827,80856020-f569-4d73-8c44-7b48535a69e8,0.02,false,false,near_mint,en,CAD,2024-02-03T21:13:28.130Z
Born of the Gods (BNG),binder,Archetype of Imagination,BNG,Born of the Gods,32,normal,uncommon,1,14928,3de0f770-b62b-4a9d-bea7-6bb7bc2020ad,0.8,false,false,near_mint,en,CAD,2024-02-03T21:13:28.130Z
Born of the Gods (BNG),binder,Karametra's Favor,BNG,Born of the Gods,125,normal,common,2,14835,bc036932-38c2-42df-9922-2d901028f2b8,0.01,false,false,near_mint,en,CAD,2024-02-05T20:07:19.823Z
Born of the Gods (BNG),binder,Necrobite,BNG,Born of the Gods,77,normal,common,4,14883,a0955932-8ca9-4896-882c-2969fe7c7818,0.01,false,false,near_mint,en,CAD,2024-02-03T23:41:58.677Z
Born of the Gods (BNG),binder,Kiora's Follower,BNG,Born of the Gods,150,normal,uncommon,1,14810,ec9ce307-8ec3-4db6-a4a3-49f92ebcc783,0.1,false,false,near_mint,en,CAD,2024-02-03T21:13:28.130Z
Born of the Gods (BNG),binder,Stormcaller of Keranos,BNG,Born of the Gods,112,normal,uncommon,4,14848,d397bdc3-a866-45be-8740-185d9ccf29c4,0.01,false,false,near_mint,en,CAD,2024-02-03T21:13:28.130Z
Born of the Gods (BNG),binder,Akroan Conscriptor,BNG,Born of the Gods,87,normal,uncommon,1,14873,decb529f-44fd-409d-932f-be9c403f12f6,0.04,false,false,near_mint,en,CAD,2024-02-03T21:13:28.130Z
Born of the Gods (BNG),binder,Skyreaping,BNG,Born of the Gods,140,normal,uncommon,3,14820,40eb76b3-b527-4ed8-8ce3-d3de48562b6e,0.07,false,false,near_mint,en,CAD,2024-02-05T20:07:19.823Z
Born of the Gods (BNG),binder,Scouring Sands,BNG,Born of the Gods,110,normal,common,3,14850,273f25fc-9c9f-4b73-a28b-1461d8fcd443,0.04,false,false,near_mint,en,CAD,2024-02-03T21:13:28.130Z
Born of the Gods (BNG),binder,Hold at Bay,BNG,Born of the Gods,18,normal,common,4,14942,ffeb407d-6a42-488a-9869-83da3047e45d,0.01,false,false,near_mint,en,CAD,2024-02-03T21:13:28.130Z
Born of the Gods (BNG),binder,Pheres-Band Tromper,BNG,Born of the Gods,134,normal,common,6,14826,a2d7e7d1-70ee-450b-8018-ff373cc91c68,0.01,false,false,near_mint,en,CAD,2024-02-03T21:13:28.130Z
Born of the Gods (BNG),binder,Pharagax Giant,BNG,Born of the Gods,104,normal,common,4,14856,9eef1b9b-58f1-40af-a7c2-06cdaf1ec974,0.01,false,false,near_mint,en,CAD,2024-02-03T21:13:28.130Z
Born of the Gods (BNG),binder,Snake of the Golden Grove,BNG,Born of the Gods,141,normal,common,6,14819,08b10bd7-3f8b-426f-acdf-5a9559b9bc7d,0.01,false,false,near_mint,en,CAD,2024-02-03T21:13:28.130Z
Born of the Gods (BNG),binder,Reckless Reveler,BNG,Born of the Gods,106,normal,common,4,14854,188adefd-a808-4991-80be-53249c24df8f,0.01,false,false,near_mint,en,CAD,2024-02-03T21:13:28.130Z
Born of the Gods (BNG),binder,Nyxborn Wolf,BNG,Born of the Gods,131,normal,common,3,14829,91a78895-5e09-46a5-8a74-a07f0befc4e5,0.01,false,false,near_mint,en,CAD,2024-02-06T03:57:49.958Z
Born of the Gods (BNG),binder,Swordwise Centaur,BNG,Born of the Gods,142,normal,common,5,14818,1776ebd7-91fc-49e1-a978-f2012162d1cf,0.01,false,false,near_mint,en,CAD,2024-02-03T21:13:28.130Z
Born of the Gods (BNG),binder,Peregrination,BNG,Born of the Gods,132,normal,uncommon,4,14828,03835e3e-9fd1-47c7-86a5-a5481420f2d3,0.05,false,false,near_mint,en,CAD,2024-02-05T20:07:19.823Z
Born of the Gods (BNG),binder,Glimpse the Sun God,BNG,Born of the Gods,13,normal,uncommon,1,14947,f241e5f7-3168-4bd2-b586-185aad3ae9d9,0.06,false,false,near_mint,en,CAD,2024-02-03T21:13:28.130Z
Born of the Gods (BNG),binder,Charging Badger,BNG,Born of the Gods,118,normal,common,3,14842,5d88ad54-43fc-45e0-8e00-db6be0c021ea,0.01,false,false,near_mint,en,CAD,2024-02-06T03:57:49.958Z
Born of the Gods (BNG),binder,Mischief and Mayhem,BNG,Born of the Gods,126,normal,uncommon,1,14834,9daa44b4-5c30-41d8-b4d6-6219c5729a5f,0.01,false,false,near_mint,en,CAD,2024-02-05T20:07:19.823Z
Born of the Gods (BNG),binder,Raised by Wolves,BNG,Born of the Gods,135,normal,uncommon,1,14825,bcfaace7-86e2-427e-97b1-b09dfdd30fee,0.09,false,false,near_mint,en,CAD,2024-02-05T20:46:30.069Z
Born of the Gods (BNG),binder,Archetype of Aggression,BNG,Born of the Gods,88,normal,uncommon,1,14872,13946413-c76d-41a8-a699-404fd56b2067,0.39,false,false,near_mint,en,CAD,2024-02-03T21:13:28.130Z
Born of the Gods (BNG),binder,Culling Mark,BNG,Born of the Gods,120,normal,common,4,14840,d4c45eda-9f00-4b40-b91d-0ed00151923c,0.01,false,false,near_mint,en,CAD,2024-02-05T20:07:19.823Z
Born of the Gods (BNG),binder,Siren of the Silent Song,BNG,Born of the Gods,155,normal,uncommon,3,14805,990f4438-aa74-4460-8bac-93480d0bb0dc,0.08,false,false,near_mint,en,CAD,2024-02-03T21:13:28.130Z
Born of the Gods (BNG),binder,Setessan Oathsworn,BNG,Born of the Gods,138,normal,common,6,14822,e5579755-4718-406a-bba6-27f1f2811e59,0.01,false,false,near_mint,en,CAD,2024-02-06T03:57:49.958Z
Born of the Gods (BNG),binder,Nullify,BNG,Born of the Gods,45,normal,common,1,14915,a940d859-3fb1-4946-8277-b7c503605b1e,0.01,false,false,near_mint,en,CAD,2024-02-03T21:13:28.130Z
Born of the Gods (BNG),binder,Bolt of Keranos,BNG,Born of the Gods,89,normal,common,3,14871,4df70b14-5d67-4a92-aaba-72480c621d10,0.01,false,false,near_mint,en,CAD,2024-02-03T21:13:28.130Z
Born of the Gods (BNG),binder,Excoriate,BNG,Born of the Gods,10,normal,common,4,14950,7d5023a5-b77c-48c6-9e84-ef525300ecdf,0.01,false,false,near_mint,en,CAD,2024-02-03T21:13:28.130Z
Journey into Nyx (JOU),binder,Goldenhide Ox,JOU,Journey into Nyx,125,normal,uncommon,1,14524,d107c72f-483a-4af9-b86f-681669d99c46,0.01,false,false,near_mint,en,CAD,2024-02-06T17:53:00.867Z
Journey into Nyx (JOU),binder,Ajani's Presence,JOU,Journey into Nyx,2,normal,common,4,14647,e77e2fd5-5c46-4f6b-ac43-ec23fab57a1a,0.03,false,false,near_mint,en,CAD,2024-02-03T21:13:28.130Z
Journey into Nyx (JOU),binder,Flurry of Horns,JOU,Journey into Nyx,96,normal,common,4,14553,333ff270-4bc7-48ee-9738-f8c70b8a7e40,0.01,false,false,near_mint,en,CAD,2024-02-03T21:13:28.130Z
Journey into Nyx (JOU),binder,Sigiled Skink,JOU,Journey into Nyx,111,normal,common,3,14538,37f84b4d-82db-4e3a-a099-2e438c0a6418,0.01,false,false,near_mint,en,CAD,2024-02-03T21:13:28.130Z
Journey into Nyx (JOU),binder,Ravenous Leucrocota,JOU,Journey into Nyx,136,normal,common,10,14513,1e91524b-4885-45fc-b22d-f9e5ee55845d,0.01,false,false,near_mint,en,CAD,2024-02-06T03:57:49.958Z
Journey into Nyx (JOU),binder,Pheres-Band Thunderhoof,JOU,Journey into Nyx,134,normal,common,9,14515,a19a2e8e-9d8f-4537-838c-ac60e09d78bf,0.01,false,false,near_mint,en,CAD,2024-02-03T21:13:28.130Z
Journey into Nyx (JOU),binder,Swarmborn Giant,JOU,Journey into Nyx,144,normal,uncommon,2,14505,84a3ddf9-b682-4691-bb1d-abd1d3486f59,0.01,false,false,near_mint,en,CAD,2024-02-06T17:53:00.867Z
Journey into Nyx (JOU),binder,Solidarity of Heroes,JOU,Journey into Nyx,141,normal,uncommon,1,14508,9ba88e10-d306-44df-bdbf-f5ba85887fe8,0.55,false,false,near_mint,en,CAD,2024-02-03T21:13:28.130Z
Journey into Nyx (JOU),binder,Spite of Mogis,JOU,Journey into Nyx,113,normal,uncommon,4,14536,5676d255-707e-4621-a0df-3305f999f124,0.05,false,false,near_mint,en,CAD,2024-02-03T21:13:28.130Z
Journey into Nyx (JOU),binder,Golden Hind,JOU,Journey into Nyx,124,normal,common,13,14525,1ae883ea-191e-4571-be3d-1e3149e6965e,0.01,false,false,near_mint,en,CAD,2024-02-06T03:57:49.958Z
Journey into Nyx (JOU),binder,Cruel Feeding,JOU,Journey into Nyx,64,normal,common,4,14585,a53624ee-2925-4a56-8706-e278db5d963d,0.01,false,false,near_mint,en,CAD,2024-02-03T23:41:58.677Z
Journey into Nyx (JOU),binder,Nightmarish End,JOU,Journey into Nyx,76,normal,uncommon,2,14573,4bab0e0a-7eb9-4422-a1d4-82cc05b4374d,0.01,false,false,near_mint,en,CAD,2024-02-03T23:41:58.677Z
Journey into Nyx (JOU),binder,Colossal Heroics,JOU,Journey into Nyx,118,normal,uncommon,3,14531,c6139443-e31c-4eea-a99e-df9498fe18a8,0.01,false,false,near_mint,en,CAD,2024-02-05T20:07:19.823Z
Journey into Nyx (JOU),binder,Consign to Dust,JOU,Journey into Nyx,119,normal,uncommon,4,14530,ee28c0ba-7305-4b64-8cb8-3ecd9c284c4a,0.03,false,false,near_mint,en,CAD,2024-02-05T20:07:19.823Z
Journey into Nyx (JOU),binder,Pharika's Chosen,JOU,Journey into Nyx,78,normal,common,3,14571,8119ce0c-d709-463c-9abc-f7025673ea72,0.01,false,false,near_mint,en,CAD,2024-02-03T23:41:58.677Z
Journey into Nyx (JOU),binder,Kruphix's Insight,JOU,Journey into Nyx,129,normal,common,10,14520,94e14f09-9629-443a-bc55-03152eabb2e7,0.07,false,false,near_mint,en,CAD,2024-02-05T20:07:19.823Z
Journey into Nyx (JOU),binder,Desperate Stand,JOU,Journey into Nyx,147,normal,uncommon,1,14502,e8a4fb8d-8ddd-4d1d-92c7-2bf6b0e6c488,0.04,false,false,near_mint,en,CAD,2024-02-04T00:12:26.640Z
Journey into Nyx (JOU),binder,Feast of Dreams,JOU,Journey into Nyx,69,normal,common,4,14580,de07e21e-c12a-47a6-ad2c-ef6fed343407,0.01,false,false,near_mint,en,CAD,2024-02-03T23:41:58.677Z
Journey into Nyx (JOU),binder,Nessian Game Warden,JOU,Journey into Nyx,132,normal,uncommon,15,14517,5099d18d-c8b5-4706-bc93-40d1bb12988d,0.01,false,false,near_mint,en,CAD,2024-02-03T21:13:28.130Z
Journey into Nyx (JOU),binder,Rouse the Mob,JOU,Journey into Nyx,109,normal,common,4,14540,64a07e7d-e203-4ecd-98bf-f8ef08c38d78,0.01,false,false,near_mint,en,CAD,2024-02-03T21:13:28.130Z
Journey into Nyx (JOU),binder,Armament of Nyx,JOU,Journey into Nyx,4,normal,common,4,14645,4203df15-dd44-496b-889a-d7a8fe320330,0.01,false,false,near_mint,en,CAD,2024-02-03T21:13:28.130Z
Journey into Nyx (JOU),binder,Wildfire Cerberus,JOU,Journey into Nyx,116,normal,uncommon,4,14533,d7a26c23-abb9-41c3-aea1-bb241093119d,0.01,false,false,near_mint,en,CAD,2024-02-03T21:13:28.130Z
Journey into Nyx (JOU),binder,Bladetusk Boar,JOU,Journey into Nyx,90,normal,common,4,14559,5f157fb0-81ac-4108-aafc-7ee81df965a9,0.01,false,false,near_mint,en,CAD,2024-02-03T21:13:28.130Z
Journey into Nyx (JOU),binder,Oppressive Rays,JOU,Journey into Nyx,19,normal,common,4,14630,1eac995f-514d-4c65-8135-417f2b1a6fba,0.01,false,false,near_mint,en,CAD,2024-02-03T21:13:28.130Z
Journey into Nyx (JOU),binder,Satyr Hoplite,JOU,Journey into Nyx,110,normal,common,4,14539,b8754d66-facb-432e-a6c2-91430a6dec94,0.01,false,false,near_mint,en,CAD,2024-02-03T21:13:28.130Z
Journey into Nyx (JOU),binder,Spirespine,JOU,Journey into Nyx,142,normal,uncommon,3,14507,ac71491f-3027-4257-a18f-ba4de6041feb,0.01,false,false,near_mint,en,CAD,2024-02-06T17:53:00.867Z
Journey into Nyx (JOU),binder,Oakheart Dryads,JOU,Journey into Nyx,133,normal,common,3,14516,d8ef63b9-c021-40fe-910e-93c06d660c20,0.01,false,false,near_mint,en,CAD,2024-02-06T03:57:49.958Z
Journey into Nyx (JOU),binder,Disciple of Deceit,JOU,Journey into Nyx,148,normal,uncommon,2,14501,fbfe88fd-9bb9-42af-8134-96fd264b8405,0.14,false,false,near_mint,en,CAD,2024-02-03T21:13:28.130Z
Journey into Nyx (JOU),binder,Renowned Weaver,JOU,Journey into Nyx,137,normal,common,10,14512,240830be-53f8-4f46-a0fb-6ecc439d1349,0.01,false,false,near_mint,en,CAD,2024-02-06T03:57:49.958Z
Journey into Nyx (JOU),binder,Grim Guardian,JOU,Journey into Nyx,73,normal,common,4,14576,732b5444-0410-430b-87ca-cf2d9f165bd7,0.34,false,false,near_mint,en,CAD,2024-02-03T23:41:58.677Z
Journey into Nyx (JOU),binder,Stormchaser Chimera,JOU,Journey into Nyx,156,normal,uncommon,1,14493,db6621dd-7220-4b53-a30f-7dd05b2e0134,0.01,false,false,near_mint,en,CAD,2024-02-03T21:13:28.130Z
Journey into Nyx (JOU),binder,Humbler of Mortals,JOU,Journey into Nyx,127,normal,common,9,14522,f12149b9-b450-4ad6-ab5d-9a0eeb36997e,0.01,false,false,near_mint,en,CAD,2024-02-06T03:57:49.958Z
Journey into Nyx (JOU),binder,Market Festival,JOU,Journey into Nyx,130,normal,common,7,14519,c3a70329-ecae-4647-b912-75d936a6c8c5,0.04,false,false,near_mint,en,CAD,2024-02-05T20:07:19.823Z
Journey into Nyx (JOU),binder,Forgeborn Oreads,JOU,Journey into Nyx,98,normal,uncommon,4,14551,b80038ed-4206-4e44-943e-f332e4ce2f14,0.1,false,false,near_mint,en,CAD,2024-02-03T21:13:28.130Z
Journey into Nyx (JOU),binder,Phalanx Formation,JOU,Journey into Nyx,21,normal,uncommon,3,14628,7e9aaba1-e480-4667-b3c9-d5665a3b4806,0.01,false,false,near_mint,en,CAD,2024-02-03T21:13:28.130Z
Journey into Nyx (JOU),binder,Nature's Panoply,JOU,Journey into Nyx,131,normal,common,18,14518,32177b9c-eef3-4eea-b623-74bfea1afad6,0.01,false,false,near_mint,en,CAD,2024-02-03T21:13:28.130Z
Journey into Nyx (JOU),binder,Oreskos Swiftclaw,JOU,Journey into Nyx,20,normal,common,1,14629,03c67b91-7f05-44b1-9e99-3e2094434f6a,0.01,false,false,near_mint,en,CAD,2024-02-03T21:13:28.130Z
Journey into Nyx (JOU),binder,Underworld Coinsmith,JOU,Journey into Nyx,157,normal,uncommon,4,14492,ea5346e3-3fe4-47ea-a184-e237091cc4a1,0.19,false,false,near_mint,en,CAD,2024-02-03T21:13:28.130Z
Journey into Nyx (JOU),binder,Reviving Melody,JOU,Journey into Nyx,138,normal,uncommon,2,14511,49b152cc-d39f-470e-8b62-e4a833db7b88,0.01,false,false,near_mint,en,CAD,2024-02-05T20:07:19.823Z
Journey into Nyx (JOU),binder,Satyr Grovedancer,JOU,Journey into Nyx,139,normal,common,6,14510,d46febca-f3c0-4467-aef4-4dfcdf3009fe,0.01,false,false,near_mint,en,CAD,2024-02-03T21:13:28.130Z
Journey into Nyx (JOU),binder,Armory of Iroas,JOU,Journey into Nyx,158,normal,uncommon,1,14491,7ac44e4b-25ba-4b32-ad56-c87c202c310a,0.03,false,false,near_mint,en,CAD,2024-02-03T21:13:28.130Z
Journey into Nyx (JOU),binder,Strength from the Fallen,JOU,Journey into Nyx,143,normal,uncommon,3,14506,c76b3a8e-3cbb-47c4-9535-dfdeece7ee02,0.01,false,false,near_mint,en,CAD,2024-02-05T20:07:19.823Z
Journey into Nyx (JOU),binder,Desecration Plague,JOU,Journey into Nyx,120,normal,common,8,14529,42dbc5e5-5d46-47f7-a700-b65781a13c7a,0.01,false,false,near_mint,en,CAD,2024-02-03T21:13:28.130Z
Journey into Nyx (JOU),binder,Nyx Infusion,JOU,Journey into Nyx,77,normal,common,4,14572,1910d072-1660-4918-a338-d9f87926541d,0.01,false,false,near_mint,en,CAD,2024-02-03T23:41:58.677Z
Journey into Nyx (JOU),binder,Font of Fertility,JOU,Journey into Nyx,123,normal,common,10,14526,ac8d1ecb-de7c-4641-81da-13117820195c,0.06,false,false,near_mint,en,CAD,2024-02-03T21:13:28.130Z
Theros (THS),binder,Commune with the Gods,THS,Theros,155,normal,common,1,15509,e101ae5f-c3ea-4788-b27f-d9452234eaef,0.08,false,false,near_mint,en,CAD,2024-02-04T00:12:26.640Z
Theros (THS),binder,Staunch-Hearted Warrior,THS,Theros,179,normal,common,4,15485,3485eb83-f83c-4776-b164-abd72f3c9547,0.01,false,false,near_mint,en,CAD,2024-02-06T03:57:49.958Z
Theros (THS),binder,Voyaging Satyr,THS,Theros,182,normal,common,4,15482,155ae6c0-5085-45f1-ba9f-508d501fee2c,0.07,false,false,near_mint,en,CAD,2024-02-05T20:46:30.069Z
Theros (THS),binder,Chronicler of Heroes,THS,Theros,190,normal,uncommon,2,15474,de1cbee6-61f4-40f0-86fe-93831a0b87d8,0.01,false,false,near_mint,en,CAD,2024-02-03T21:13:28.130Z
Theros (THS),binder,Feral Invocation,THS,Theros,158,normal,common,11,15506,5c1f15a2-0058-4188-9696-385fa6974bd4,0.01,false,false,near_mint,en,CAD,2024-02-04T00:12:26.640Z
Theros (THS),binder,Fleetfeather Sandals,THS,Theros,216,normal,common,1,15448,2222f499-09f9-45a6-8255-9de79df76f1c,0.01,false,false,near_mint,en,CAD,2024-02-04T00:12:26.640Z
Theros (THS),binder,Nessian Courser,THS,Theros,165,normal,common,5,15499,4697f3aa-abde-4379-af82-f30115f59be0,0.01,false,false,near_mint,en,CAD,2024-02-05T20:46:30.069Z
Theros (THS),binder,Ill-Tempered Cyclops,THS,Theros,125,normal,common,1,15539,d1f7f757-31ac-43e6-8be0-c5948d478d2f,0.01,false,false,near_mint,en,CAD,2024-02-04T00:12:26.640Z
Theros (THS),binder,Burnished Hart,THS,Theros,213,normal,uncommon,1,15451,772cbcba-9efa-4894-9b57-e73fd296333d,0.13,false,false,near_mint,en,CAD,2024-02-04T00:12:26.640Z
Theros (THS),binder,Leafcrown Dryad,THS,Theros,161,normal,common,10,15503,8202e426-ad91-4d2e-9373-7a829b58fff5,0.01,false,false,near_mint,en,CAD,2024-02-04T00:12:26.640Z
Theros (THS),binder,Wingsteed Rider,THS,Theros,36,normal,common,4,15628,e04751f2-b571-49fa-94b6-ec589d314ee6,0.01,false,false,near_mint,en,CAD,2024-02-03T21:13:28.130Z
Theros (THS),binder,Lost in a Labyrinth,THS,Theros,52,normal,common,2,15612,09aa7744-680f-4c2a-8fa0-9cb0c176ae8f,0.01,false,false,near_mint,en,CAD,2024-02-03T21:13:28.130Z
Theros (THS),binder,Portent of Betrayal,THS,Theros,133,normal,common,1,15531,9fcdf4df-1900-427b-998f-957754ce1b75,0.01,false,false,near_mint,en,CAD,2024-02-04T00:12:26.640Z
Theros (THS),binder,Time to Feed,THS,Theros,181,normal,common,4,15483,799d08a6-d978-4731-98ad-38acd57f3196,0.01,false,false,near_mint,en,CAD,2024-02-05T20:07:19.823Z
Theros (THS),binder,Ephara's Warden,THS,Theros,10,normal,common,1,15654,71f7f788-2795-46a7-82ae-270f1e9415ca,0.01,false,false,near_mint,en,CAD,2024-02-04T00:12:26.640Z
Theros (THS),binder,Boulderfall,THS,Theros,115,normal,common,1,15549,66470bac-cce0-4e79-82f9-9fb77aa950eb,0.01,false,false,near_mint,en,CAD,2024-02-04T00:12:26.640Z
Theros (THS),binder,Sedge Scorpion,THS,Theros,177,normal,common,9,15487,66733fcb-fddc-4c15-bc51-c2cd42ac5a70,0.01,false,false,near_mint,en,CAD,2024-02-03T21:13:28.130Z
Theros (THS),binder,Returned Centaur,THS,Theros,103,normal,common,1,15561,1067cf71-a270-4b1b-aa06-0ec0e732ed16,0.01,false,false,near_mint,en,CAD,2024-02-04T00:12:26.640Z
Theros (THS),binder,Satyr Piper,THS,Theros,175,normal,uncommon,3,15489,e244c4d0-2c30-4a56-94bb-0fff9ffe4a6a,0.01,false,false,near_mint,en,CAD,2024-02-04T00:12:26.640Z
Theros (THS),binder,Battlewise Valor,THS,Theros,1,normal,common,4,15663,7d967a4c-2323-4361-a907-5ca9140d8793,0.01,false,false,near_mint,en,CAD,2024-02-03T23:41:58.677Z
Theros (THS),binder,Lagonna-Band Elder,THS,Theros,21,normal,common,1,15643,68b9df54-e78e-4a86-a8b1-b735ec08a812,0.01,false,false,near_mint,en,CAD,2024-02-04T00:12:26.640Z
Theros (THS),binder,Shipwreck Singer,THS,Theros,203,normal,uncommon,1,15461,13ad0c03-66d9-4fe3-bc0d-ca67d959c285,0.01,false,false,near_mint,en,CAD,2024-02-04T00:12:26.640Z
Theros (THS),binder,Nessian Asp,THS,Theros,164,normal,common,6,15500,2d922596-4c2d-47fd-8c28-0e62972effbf,0.01,false,false,near_mint,en,CAD,2024-02-06T03:57:49.958Z
Theros (THS),binder,Hunt the Hunter,THS,Theros,159,normal,uncommon,3,15505,61d4899f-11a4-4a2c-a499-3a447b792f86,0.02,false,false,near_mint,en,CAD,2024-02-03T21:13:28.130Z
Theros (THS),binder,Dark Betrayal,THS,Theros,83,normal,uncommon,1,15581,56adf4ea-1b1c-4737-8574-1848ca47d4f3,0.01,false,false,near_mint,en,CAD,2024-02-03T23:41:58.677Z
Theros (THS),binder,Voyage's End,THS,Theros,73,normal,common,1,15591,3992ae67-ad0b-40be-a97d-d7fb36754918,0.01,false,false,near_mint,en,CAD,2024-02-03T21:13:28.130Z
Theros (THS),binder,Nylea's Emissary,THS,Theros,168,normal,uncommon,3,15496,2f133775-09b3-4df4-a97f-0df75809b724,0.03,false,false,near_mint,en,CAD,2024-02-06T17:33:56.683Z
Theros (THS),binder,Karametra's Acolyte,THS,Theros,160,normal,uncommon,6,15504,374a1b7c-ce11-4734-aff2-b0bd00857fad,0.31,false,false,near_mint,en,CAD,2024-02-05T20:46:30.069Z
Theros (THS),binder,Minotaur Skullcleaver,THS,Theros,130,normal,common,2,15534,6854c913-d4bd-42f7-901c-f3c25be5c4b2,0.01,false,false,near_mint,en,CAD,2024-02-03T21:13:28.130Z
Theros (THS),binder,Scholar of Athreos,THS,Theros,28,normal,common,1,15636,95a36e06-39f3-47d0-b6a9-43728afceb4a,0.01,false,false,near_mint,en,CAD,2024-02-03T21:13:28.130Z
Theros (THS),binder,Akroan Hoplite,THS,Theros,185,normal,uncommon,5,15479,695ccac5-c87e-49af-9131-8f1730e84bc0,0.01,false,false,near_mint,en,CAD,2024-02-03T21:13:28.130Z
Theros (THS),binder,Flamespeaker Adept,THS,Theros,123,normal,uncommon,4,15541,b84b90b6-71e2-429e-9853-50bcbd6538db,0.01,false,false,near_mint,en,CAD,2024-02-03T21:13:28.130Z
Theros (THS),binder,Divine Verdict,THS,Theros,8,normal,common,4,15656,79f46ac0-9e2f-4f9f-beee-0a7914475ac1,0.01,false,false,near_mint,en,CAD,2024-02-03T23:41:58.677Z
Theros (THS),binder,Baleful Eidolon,THS,Theros,78,normal,common,2,15586,853a89c6-63f9-4b12-8a5b-2c382e22b226,0.01,false,false,near_mint,en,CAD,2024-02-03T23:41:58.677Z
Theros (THS),binder,Ordeal of Purphoros,THS,Theros,131,normal,uncommon,2,15533,efb74ccc-5ae5-4437-a0b4-c621ab4c2257,0.03,false,false,near_mint,en,CAD,2024-02-03T21:13:28.130Z
Theros (THS),binder,Last Breath,THS,Theros,22,normal,common,4,15642,1857fc37-1e7e-4b93-9fa9-ec139f16b7fa,0.01,false,false,near_mint,en,CAD,2024-02-03T23:41:58.677Z
Theros (THS),binder,Demolish,THS,Theros,118,normal,common,1,15546,4a2446dd-d70f-4fdd-87d0-d402ba35d044,0.01,false,false,near_mint,en,CAD,2024-02-04T00:12:26.640Z
Theros (THS),binder,Horizon Chimera,THS,Theros,194,normal,uncommon,5,15470,73b0e296-d556-4e76-bb2e-5a640e070bb5,0.03,false,false,near_mint,en,CAD,2024-02-03T21:13:28.130Z
Theros (THS),binder,Nemesis of Mortals,THS,Theros,163,normal,uncommon,6,15501,c4010889-1d7a-4db3-a27c-c39baa024765,0.01,false,false,near_mint,en,CAD,2024-02-05T20:46:30.069Z
Theros (THS),binder,Centaur Battlemaster,THS,Theros,154,normal,uncommon,3,15510,2975a0b4-7436-4588-8f79-c001a291c459,0.01,false,false,near_mint,en,CAD,2024-02-03T21:13:28.130Z
Theros (THS),binder,Shredding Winds,THS,Theros,178,normal,common,2,15486,33f36143-85b6-412c-8c79-053728b45c25,0.01,false,false,near_mint,en,CAD,2024-02-05T20:46:30.069Z
Theros (THS),binder,Crackling Triton,THS,Theros,45,normal,common,1,15619,8d6bb19c-3610-4609-b23c-21d4d80e4582,0.01,false,false,near_mint,en,CAD,2024-02-03T21:13:28.130Z
Theros (THS),binder,Pharika's Mender,THS,Theros,197,normal,uncommon,7,15467,f3dcd1ce-717c-431a-9895-f7701d276743,0.01,false,false,near_mint,en,CAD,2024-02-03T21:13:28.130Z
Theros (THS),binder,Guardians of Meletis,THS,Theros,217,normal,common,4,15447,85284586-7a9d-4344-aebd-f0e072c1f266,0.01,false,false,near_mint,en,CAD,2024-02-03T21:13:28.130Z
Theros (THS),binder,Artisan's Sorrow,THS,Theros,151,normal,uncommon,2,15513,b4f38f7e-2369-48c9-9121-4b13c29ea869,0.01,false,false,near_mint,en,CAD,2024-02-05T20:07:19.823Z
Theros (THS),binder,Agent of Horizons,THS,Theros,148,normal,common,5,15516,cc08576f-1d48-4db4-9bb9-e039f75c98b8,0.01,false,false,near_mint,en,CAD,2024-02-06T17:33:56.683Z
Theros (THS),binder,Ordeal of Nylea,THS,Theros,170,normal,uncommon,1,15494,e5c48950-c246-47ad-94e1-bf42a62c2fe7,0.07,false,false,near_mint,en,CAD,2024-02-05T20:46:30.069Z
Theros (THS),binder,Returned Phalanx,THS,Theros,104,normal,common,5,15560,93613e23-b363-4bcb-8f63-8f1d25f7f174,0.01,false,false,near_mint,en,CAD,2024-02-03T23:41:58.677Z
Theros (THS),binder,Evangel of Heliod,THS,Theros,11,normal,uncommon,3,15653,bb914a85-3755-4663-8309-6f6d0319262e,0.1,false,false,near_mint,en,CAD,2024-02-03T21:13:28.130Z
Theros (THS),binder,Dauntless Onslaught,THS,Theros,6,normal,uncommon,2,15658,e652229d-81fe-4261-bebc-9e405bb2d991,0.01,false,false,near_mint,en,CAD,2024-02-03T23:41:58.677Z
Theros (THS),binder,Thassa's Emissary,THS,Theros,68,normal,uncommon,2,15596,f52b325b-3ea9-4a99-ae99-9d158560e45b,0.02,false,false,near_mint,en,CAD,2024-02-03T21:13:28.130Z
Theros (THS),binder,Defend the Hearth,THS,Theros,156,normal,common,7,15508,c3e4c4c3-db3c-49d4-8080-1c93470f8b4d,0.01,false,false,near_mint,en,CAD,2024-02-05T20:07:19.823Z
Theros (THS),binder,Pharika's Cure,THS,Theros,100,normal,common,1,15564,c0efc963-5848-44eb-a654-c08b5bd4501d,0.01,false,false,near_mint,en,CAD,2024-02-04T00:12:26.640Z
Theros (THS),binder,Purphoros's Emissary,THS,Theros,136,normal,uncommon,1,15528,4d4ddc30-844c-4860-b394-d3c807c31162,0.01,false,false,near_mint,en,CAD,2024-02-03T21:13:28.130Z
Theros (THS),binder,Vulpine Goliath,THS,Theros,183,normal,common,3,15481,cdacb147-35ce-4751-961e-576b5f958048,0.01,false,false,near_mint,en,CAD,2024-02-06T17:33:56.683Z
Theros (THS),binder,Mogis's Marauder,THS,Theros,97,normal,uncommon,4,15567,9dfd36c5-a484-4973-873c-b6a433da8e7a,0.01,false,false,near_mint,en,CAD,2024-02-03T23:41:58.677Z
Theros (THS),binder,Satyr Hedonist,THS,Theros,174,normal,common,7,15490,88c67e15-833c-406a-b75f-8de97fbacf5a,0.01,false,false,near_mint,en,CAD,2024-02-06T17:33:56.683Z
Theros (THS),binder,Rage of Purphoros,THS,Theros,137,normal,common,5,15527,1e249f31-cc67-4d0c-9db5-962d10cf74ca,0.01,false,false,near_mint,en,CAD,2024-02-03T21:13:28.130Z
Theros (THS),binder,Nylea's Disciple,THS,Theros,167,normal,common,7,15497,365d716a-1435-48ac-b85f-2cceca1056dd,0.01,false,false,near_mint,en,CAD,2024-02-05T20:46:30.069Z
Theros (THS),binder,Nylea's Presence,THS,Theros,169,normal,common,5,15495,e68f1fd4-1a2f-405b-a592-6c4af6214eae,0.04,false,false,near_mint,en,CAD,2024-02-05T20:07:19.823Z
Theros (THS),binder,Pheres-Band Centaurs,THS,Theros,171,normal,common,10,15493,2168fcf4-cf87-4ab8-9710-6ec672750a9a,0.01,false,false,near_mint,en,CAD,2024-02-06T17:33:56.683Z
Theros (THS),binder,Sentry of the Underworld,THS,Theros,202,normal,uncommon,5,15462,018a9c98-1cb4-4c53-a765-c15808c4ab44,0.01,false,false,near_mint,en,CAD,2024-02-03T21:13:28.130Z
Theros (THS),binder,Savage Surge,THS,Theros,176,normal,common,6,15488,5916d5e7-0825-4d72-82e4-1e4c86d1fafe,0.01,false,false,near_mint,en,CAD,2024-02-05T20:07:19.823Z
Theros (THS),binder,Triton Shorethief,THS,Theros,70,normal,common,1,15594,d8f0fe22-dc89-4ad8-b5f6-6d91b61f1385,0.01,false,false,near_mint,en,CAD,2024-02-03T21:13:28.130Z
Theros (THS),binder,Fade into Antiquity,THS,Theros,157,normal,common,6,15507,e43e46a6-f7de-482a-a386-73932d1d9002,0.01,false,false,near_mint,en,CAD,2024-02-06T03:57:49.958Z
Theros (THS),binder,Warriors' Lesson,THS,Theros,184,normal,uncommon,5,15480,63f7e81a-6f9e-4cad-a911-fba7a431cd55,0.02,false,false,near_mint,en,CAD,2024-02-03T21:13:28.130Z
Khans of Tarkir (KTK) - need to remove cube cards,binder,Bear's Companion,KTK,Khans of Tarkir,167,normal,uncommon,5,13231,d6912c5b-6aff-4506-96ca-acb5ce660322,0.01,false,false,near_mint,en,CAD,2024-02-03T21:13:28.130Z
Khans of Tarkir (KTK) - need to remove cube cards,binder,Glacial Stalker,KTK,Khans of Tarkir,41,normal,common,10,13357,8821c7b9-702b-416f-b006-941ad57f9e11,0.01,false,false,near_mint,en,CAD,2024-02-03T21:13:28.130Z
Khans of Tarkir (KTK) - need to remove cube cards,binder,Watcher of the Roost,KTK,Khans of Tarkir,30,normal,uncommon,5,13368,a8684039-e4d9-4e48-9a41-7ccf4a795507,0.01,false,false,near_mint,en,CAD,2024-02-03T21:13:28.130Z
Khans of Tarkir (KTK) - need to remove cube cards,binder,Ainok Tracker,KTK,Khans of Tarkir,96,normal,common,10,13302,0ff9400d-4842-471f-bf7e-3b21df352e0a,0.01,false,false,near_mint,en,CAD,2024-02-03T21:13:28.130Z
Khans of Tarkir (KTK) - need to remove cube cards,binder,Highspire Mantis,KTK,Khans of Tarkir,177,normal,uncommon,3,13221,60d3708b-dd40-4515-bf8f-36cbc5de6b67,0.01,false,false,near_mint,en,CAD,2024-02-03T21:13:28.130Z
Khans of Tarkir (KTK) - need to remove cube cards,binder,Unyielding Krumar,KTK,Khans of Tarkir,94,normal,common,10,13304,a232d196-490d-4712-b2a2-466751b28d11,0.01,false,false,near_mint,en,CAD,2024-02-03T21:13:28.130Z
Khans of Tarkir (KTK) - need to remove cube cards,binder,Debilitating Injury,KTK,Khans of Tarkir,68,normal,common,12,13330,09b2b263-34db-4961-bf41-1eaaba3701da,0.01,false,false,near_mint,en,CAD,2024-02-03T21:13:28.130Z
Khans of Tarkir (KTK) - need to remove cube cards,binder,Savage Punch,KTK,Khans of Tarkir,147,normal,common,2,13251,6c6b50dc-244a-4df5-a9a9-5a2b8f30d40c,0.01,false,false,near_mint,en,CAD,2024-02-03T21:13:28.130Z
Khans of Tarkir (KTK) - need to remove cube cards,binder,Siegecraft,KTK,Khans of Tarkir,23,normal,common,3,13375,fbd17ef9-9f1b-4937-a60a-d7175f04eef2,0.01,false,false,near_mint,en,CAD,2024-02-03T21:13:28.130Z
Khans of Tarkir (KTK) - need to remove cube cards,binder,Mistfire Weaver,KTK,Khans of Tarkir,46,normal,uncommon,3,13352,8003a31f-7662-4e9e-8165-1ceea04fdf20,0.01,false,false,near_mint,en,CAD,2024-02-03T21:13:28.130Z
Khans of Tarkir (KTK) - need to remove cube cards,binder,Abzan Guide,KTK,Khans of Tarkir,162,normal,common,7,13236,1b7f7158-4a31-4a1c-bf3b-574c0b09276a,0.01,false,false,near_mint,en,CAD,2024-02-03T21:13:28.130Z
Khans of Tarkir (KTK) - need to remove cube cards,binder,Krumar Bond-Kin,KTK,Khans of Tarkir,77,normal,common,16,13321,57f38391-ffb7-4420-9a38-f791627b12b3,0.01,false,false,near_mint,en,CAD,2024-02-03T21:13:28.130Z
Khans of Tarkir (KTK) - need to remove cube cards,binder,Secret Plans,KTK,Khans of Tarkir,198,normal,uncommon,4,13200,01589046-a969-400f-b4ac-90cbbb814504,0.02,false,false,near_mint,en,CAD,2024-02-03T21:13:28.130Z
Khans of Tarkir (KTK) - need to remove cube cards,binder,Mer-Ek Nightblade,KTK,Khans of Tarkir,79,normal,uncommon,1,13319,fe8589b2-9527-46ba-bf9e-0dec7d84d5d2,0.04,false,false,near_mint,en,CAD,2024-02-03T21:13:28.130Z
Khans of Tarkir (KTK) - need to remove cube cards,binder,Barrage of Boulders,KTK,Khans of Tarkir,100,normal,common,12,13298,2eb1a9f7-32ba-48fd-a7f7-788b0ec052c6,0.01,false,false,near_mint,en,CAD,2024-02-03T21:13:28.130Z
Khans of Tarkir (KTK) - need to remove cube cards,binder,Summit Prowler,KTK,Khans of Tarkir,121,normal,common,12,13277,f7f998fb-4518-4a0c-8b1e-55393b6ff9c4,0.01,false,false,near_mint,en,CAD,2024-02-03T21:13:28.130Z
Khans of Tarkir (KTK) - need to remove cube cards,binder,Brave the Sands,KTK,Khans of Tarkir,5,normal,uncommon,1,13393,ef9c2b8a-148c-4393-b691-e333ad11c44e,0.99,false,false,near_mint,en,CAD,2024-02-03T21:13:28.130Z
Khans of Tarkir (KTK) - need to remove cube cards,binder,Weave Fate,KTK,Khans of Tarkir,61,normal,common,4,13337,a4a1f9c1-25a3-465f-b3d8-98f0867c9bb6,0.01,false,false,near_mint,en,CAD,2024-02-03T21:13:28.130Z
Khans of Tarkir (KTK) - need to remove cube cards,binder,Kill Shot,KTK,Khans of Tarkir,15,normal,common,7,13383,f30d4136-78a3-4760-83af-d365cc97d118,0.01,false,false,near_mint,en,CAD,2024-02-03T21:13:28.130Z
Khans of Tarkir (KTK) - need to remove cube cards,binder,Jeskai Banner,KTK,Khans of Tarkir,222,normal,common,10,13176,684dc050-a66b-4364-9880-56f383db6c0a,0.02,false,false,near_mint,en,CAD,2024-02-03T21:13:28.130Z
Khans of Tarkir (KTK) - need to remove cube cards,binder,Swamp,KTK,Khans of Tarkir,261,normal,common,1,13137,1f7cac8b-6609-42ac-a594-002068e02de4,0.05,false,false,near_mint,en,CAD,2024-02-03T21:13:28.130Z
Khans of Tarkir (KTK) - need to remove cube cards,binder,Rush of Battle,KTK,Khans of Tarkir,19,normal,common,2,13379,0d47d8aa-59c8-4e2c-bb48-328ae924dbb3,0.01,false,false,near_mint,en,CAD,2024-02-03T21:13:28.130Z
Khans of Tarkir (KTK) - need to remove cube cards,binder,Awaken the Bear,KTK,Khans of Tarkir,129,normal,common,6,13269,803a6ac7-9327-4c2f-b023-93f5f65f83b8,0.01,false,false,near_mint,en,CAD,2024-02-03T21:13:28.130Z
Khans of Tarkir (KTK) - need to remove cube cards,binder,Scout the Borders,KTK,Khans of Tarkir,148,normal,common,17,13250,eb15c6c7-8fe6-496c-9977-3e7942b920c4,0.01,false,false,near_mint,en,CAD,2024-02-03T21:13:28.130Z
Khans of Tarkir (KTK) - need to remove cube cards,binder,Mardu Roughrider,KTK,Khans of Tarkir,187,normal,uncommon,3,13211,d6341345-55a6-43f3-915a-c03afea92ec3,0.02,false,false,near_mint,en,CAD,2024-02-03T21:13:28.130Z
Khans of Tarkir (KTK) - need to remove cube cards,binder,Snowhorn Rider,KTK,Khans of Tarkir,201,normal,common,6,13197,f5d9aa9b-1ed4-46db-89d1-6c9593c29f55,0.01,false,false,near_mint,en,CAD,2024-02-03T21:13:28.130Z
Khans of Tarkir (KTK) - need to remove cube cards,binder,Sultai Flayer,KTK,Khans of Tarkir,152,normal,uncommon,2,13246,7f3b2ef3-551d-4782-8dce-a923c0e2965e,0.01,false,false,near_mint,en,CAD,2024-02-03T21:13:28.130Z
Khans of Tarkir (KTK) - need to remove cube cards,binder,Master the Way,KTK,Khans of Tarkir,188,normal,uncommon,4,13210,704743a8-27d6-4db9-8fe1-f65f5f3a955f,0.01,false,false,near_mint,en,CAD,2024-02-03T21:13:28.130Z
Khans of Tarkir (KTK) - need to remove cube cards,binder,Tuskguard Captain,KTK,Khans of Tarkir,156,normal,uncommon,1,13242,b341cc65-d316-41bb-95b8-294afa019a71,0.05,false,false,near_mint,en,CAD,2024-02-03T21:13:28.130Z
Khans of Tarkir (KTK) - need to remove cube cards,binder,Feat of Resistance,KTK,Khans of Tarkir,10,normal,common,5,13388,b6173466-30db-4b95-a556-dd69e03b731e,0.01,false,false,near_mint,en,CAD,2024-02-03T21:13:28.130Z
Khans of Tarkir (KTK) - need to remove cube cards,binder,Mardu Blazebringer,KTK,Khans of Tarkir,115,normal,uncommon,2,13283,cbf7a797-f32a-4ed2-b835-a356120f5817,0.01,false,false,near_mint,en,CAD,2024-02-03T21:13:28.130Z
Khans of Tarkir (KTK) - need to remove cube cards,binder,Mardu Warshrieker,KTK,Khans of Tarkir,117,normal,common,12,13281,1381ae25-0d44-4d06-beae-48e4bbb4bb45,0.01,false,false,near_mint,en,CAD,2024-02-03T21:13:28.130Z
Khans of Tarkir (KTK) - need to remove cube cards,binder,Take Up Arms,KTK,Khans of Tarkir,26,normal,uncommon,1,13372,fc783f49-f58a-4783-87b4-4dbc7e896f2e,0.03,false,false,near_mint,en,CAD,2024-02-03T21:13:28.130Z
Khans of Tarkir (KTK) - need to remove cube cards,binder,Abzan Banner,KTK,Khans of Tarkir,215,normal,common,3,13183,7855528a-ede9-49a9-8749-795a004fd927,0.01,false,false,near_mint,en,CAD,2024-02-03T21:13:28.130Z
Khans of Tarkir (KTK) - need to remove cube cards,binder,Monastery Flock,KTK,Khans of Tarkir,47,normal,common,14,13351,e53c0e50-4b0b-43d8-80c0-2c216722c87a,0.01,false,false,near_mint,en,CAD,2024-02-03T21:13:28.130Z
Khans of Tarkir (KTK) - need to remove cube cards,binder,Highland Game,KTK,Khans of Tarkir,135,normal,common,7,13263,7fbb10a9-486a-4b9a-b3f5-c17f661af2b2,0.01,false,false,near_mint,en,CAD,2024-02-03T21:13:28.130Z
Khans of Tarkir (KTK) - need to remove cube cards,binder,Rite of the Serpent,KTK,Khans of Tarkir,86,normal,common,8,13312,005b9fec-66de-4079-88e0-c7de7e22d18e,0.01,false,false,near_mint,en,CAD,2024-02-03T21:13:28.130Z
Khans of Tarkir (KTK) - need to remove cube cards,binder,Swift Kick,KTK,Khans of Tarkir,122,normal,common,12,13276,2dc3120c-7e04-4c4a-af16-da264593a1d1,0.01,false,false,near_mint,en,CAD,2024-02-03T21:13:28.130Z
Khans of Tarkir (KTK) - need to remove cube cards,binder,Trumpet Blast,KTK,Khans of Tarkir,124,normal,common,8,13274,eb6deef5-876f-4c81-8af5-6e91e0c4656a,0.01,false,false,near_mint,en,CAD,2024-02-03T21:13:28.130Z
Khans of Tarkir (KTK) - need to remove cube cards,binder,Sagu Archer,KTK,Khans of Tarkir,146,normal,common,9,13252,3a26baca-467e-4d94-873e-f266bebd5fd8,0.01,false,false,near_mint,en,CAD,2024-02-03T21:13:28.130Z
Khans of Tarkir (KTK) - need to remove cube cards,binder,Mardu Hordechief,KTK,Khans of Tarkir,17,normal,common,11,13381,23426221-30a8-4be2-9c70-f0eb022edad7,0.01,false,false,near_mint,en,CAD,2024-02-03T21:13:28.130Z
Khans of Tarkir (KTK) - need to remove cube cards,binder,Windstorm,KTK,Khans of Tarkir,157,normal,uncommon,2,13241,154dc31c-ac9d-4b78-b92b-e7bacc532915,0.01,false,false,near_mint,en,CAD,2024-02-03T21:13:28.130Z
Khans of Tarkir (KTK) - need to remove cube cards,binder,Alabaster Kirin,KTK,Khans of Tarkir,4,normal,common,12,13394,ad1ce529-06ed-4e85-9988-8c8b58401ed5,0.01,false,false,near_mint,en,CAD,2024-02-03T21:13:28.130Z
Khans of Tarkir (KTK) - need to remove cube cards,binder,Dazzling Ramparts,KTK,Khans of Tarkir,6,normal,uncommon,2,13392,ce43a2df-4305-4ab1-ae45-96cca597650e,0.01,false,false,near_mint,en,CAD,2024-02-03T21:13:28.130Z
Khans of Tarkir (KTK) - need to remove cube cards,binder,Dutiful Return,KTK,Khans of Tarkir,71,normal,common,5,13327,d5f83b3a-ce34-4179-8745-059181dd79b8,0.01,false,false,near_mint,en,CAD,2024-02-03T21:13:28.130Z
Khans of Tarkir (KTK) - need to remove cube cards,binder,Mardu Skullhunter,KTK,Khans of Tarkir,78,normal,common,4,13320,dd3ca5e7-96f3-4326-9315-34bb396a054c,0.01,false,false,near_mint,en,CAD,2024-02-03T21:13:28.130Z
Khans of Tarkir (KTK) - need to remove cube cards,binder,Pine Walker,KTK,Khans of Tarkir,143,normal,uncommon,3,13255,93a49d9c-8fe7-494b-9a26-cf4bde71e420,0.01,false,false,near_mint,en,CAD,2024-02-03T21:13:28.130Z
Khans of Tarkir (KTK) - need to remove cube cards,binder,Ponyback Brigade,KTK,Khans of Tarkir,191,normal,common,12,13207,192d77ef-e8b5-44e2-842b-2c1f342c1e69,0.01,false,false,near_mint,en,CAD,2024-02-03T21:13:28.130Z
Khans of Tarkir (KTK) - need to remove cube cards,binder,Jeskai Windscout,KTK,Khans of Tarkir,44,normal,common,9,13354,66356e38-38e1-4b09-80c2-be26007ff99c,0.01,false,false,near_mint,en,CAD,2024-02-03T21:13:28.130Z
Khans of Tarkir (KTK) - need to remove cube cards,binder,Shambling Attendants,KTK,Khans of Tarkir,89,normal,common,11,13309,459ca25c-775f-4110-8d70-59720692ab27,0.01,false,false,near_mint,en,CAD,2024-02-03T21:13:28.130Z
Khans of Tarkir (KTK) - need to remove cube cards,binder,Warden of the Eye,KTK,Khans of Tarkir,212,normal,uncommon,1,13186,04135bf7-2bcf-4a92-80f0-6d5eefca551b,0.01,false,false,near_mint,en,CAD,2024-02-08T06:11:31.233Z
Khans of Tarkir (KTK) - need to remove cube cards,binder,Firehoof Cavalry,KTK,Khans of Tarkir,11,normal,common,11,13387,edb2b284-f79c-41eb-a25f-4710d4a5228f,0.01,false,false,near_mint,en,CAD,2024-02-03T21:13:28.130Z
Khans of Tarkir (KTK) - need to remove cube cards,binder,Quiet Contemplation,KTK,Khans of Tarkir,50,normal,uncommon,1,13348,5dc7c9d5-904e-4ab6-9773-5c4f1c6d34c4,0.04,false,false,near_mint,en,CAD,2024-02-03T21:13:28.130Z
Khans of Tarkir (KTK) - need to remove cube cards,binder,Timely Hordemate,KTK,Khans of Tarkir,27,normal,uncommon,4,13371,dcb3c08e-b591-421a-898a-533021cbabd2,0.01,false,false,near_mint,en,CAD,2024-02-03T21:13:28.130Z
Khans of Tarkir (KTK) - need to remove cube cards,binder,Witness of the Ages,KTK,Khans of Tarkir,228,normal,uncommon,1,13170,763ac4c4-af2d-4b71-9fb3-244c96f93860,0.01,false,false,near_mint,en,CAD,2024-02-03T21:13:28.130Z
Khans of Tarkir (KTK) - need to remove cube cards,binder,Seek the Horizon,KTK,Khans of Tarkir,150,normal,uncommon,4,13248,d5269292-11be-4647-9074-7ce8115bf36f,0.01,false,false,near_mint,en,CAD,2024-02-03T21:13:28.130Z
Khans of Tarkir (KTK) - need to remove cube cards,binder,Chief of the Scale,KTK,Khans of Tarkir,170,normal,uncommon,2,13228,a227b8cc-cbe5-4955-ad1b-a354704a82e8,0.01,false,false,near_mint,en,CAD,2024-02-03T21:13:28.130Z
Khans of Tarkir (KTK) - need to remove cube cards,binder,Wetland Sambar,KTK,Khans of Tarkir,62,normal,common,8,13336,f71a86e0-d15a-4fba-94f6-bfbaade8d837,0.01,false,false,near_mint,en,CAD,2024-02-03T21:13:28.130Z
Khans of Tarkir (KTK) - need to remove cube cards,binder,Whirlwind Adept,KTK,Khans of Tarkir,63,normal,common,9,13335,51c9bd9c-900a-48a1-9cfe-2f8d031af6b8,0.01,false,false,near_mint,en,CAD,2024-02-03T21:13:28.130Z
Khans of Tarkir (KTK) - need to remove cube cards,binder,War Behemoth,KTK,Khans of Tarkir,29,normal,common,11,13369,652109b9-d607-42b6-945d-0c0dd5bba89c,0.01,false,false,near_mint,en,CAD,2024-02-03T21:13:28.130Z
Khans of Tarkir (KTK) - need to remove cube cards,binder,Ruthless Ripper,KTK,Khans of Tarkir,88,normal,uncommon,2,13310,c9c67b11-a82e-4a25-88a4-5771ab5c4f00,0.05,false,false,near_mint,en,CAD,2024-02-03T21:13:28.130Z
Khans of Tarkir (KTK) - need to remove cube cards,binder,Hooting Mandrills,KTK,Khans of Tarkir,137,normal,common,4,13261,090d678c-f0e4-4757-8900-93dfe67aefe9,0.05,false,false,near_mint,en,CAD,2024-02-03T21:13:28.130Z
Khans of Tarkir (KTK) - need to remove cube cards,binder,Island,KTK,Khans of Tarkir,256,normal,common,1,13142,a45827e8-d4b9-4a42-8516-22560568e678,0.05,false,false,near_mint,en,CAD,2024-02-03T21:13:28.130Z
Khans of Tarkir (KTK) - need to remove cube cards,binder,Scaldkin,KTK,Khans of Tarkir,52,normal,common,13,13346,8110eb0a-63dc-43df-b55a-9241f45b1cc6,0.01,false,false,near_mint,en,CAD,2024-02-03T21:13:28.130Z
Khans of Tarkir (KTK) - need to remove cube cards,binder,Valley Dasher,KTK,Khans of Tarkir,125,normal,common,10,13273,8543adbd-0dd1-47d3-ac41-2ec72d6a5d35,0.01,false,false,near_mint,en,CAD,2024-02-03T21:13:28.130Z
Khans of Tarkir (KTK) - need to remove cube cards,binder,Scion of Glaciers,KTK,Khans of Tarkir,53,normal,uncommon,1,13345,5e370939-831b-4c42-8291-8ffb0b6c1af7,0.01,false,false,near_mint,en,CAD,2024-02-03T21:13:28.130Z
Khans of Tarkir (KTK) - need to remove cube cards,binder,Abzan Battle Priest,KTK,Khans of Tarkir,1,normal,uncommon,1,13397,8f5427b1-f1c2-4bb3-8736-701667ac2256,0.12,false,false,near_mint,en,CAD,2024-02-08T06:11:31.233Z
Khans of Tarkir (KTK) - need to remove cube cards,binder,Disowned Ancestor,KTK,Khans of Tarkir,70,normal,common,14,13328,2d8bd496-632d-4d6d-a529-f35cf3222de7,0.01,false,false,near_mint,en,CAD,2024-02-03T21:13:28.130Z
Khans of Tarkir (KTK) - need to remove cube cards,binder,Dead Drop,KTK,Khans of Tarkir,67,normal,uncommon,2,13331,ff25a19a-8f98-47ef-847c-ba526c82b290,0.06,false,false,near_mint,en,CAD,2024-02-03T21:13:28.130Z
Khans of Tarkir (KTK) - need to remove cube cards,binder,Singing Bell Strike,KTK,Khans of Tarkir,55,normal,common,2,13343,670f24e1-dec9-42e6-b762-c447366ed16c,0.01,false,false,near_mint,en,CAD,2024-02-03T21:13:28.130Z
Khans of Tarkir (KTK) - need to remove cube cards,binder,Abzan Falconer,KTK,Khans of Tarkir,2,normal,uncommon,2,13396,21ee4f3c-dc94-4156-b0ed-60fe6310451a,0.08,false,false,near_mint,en,CAD,2024-02-03T21:13:28.130Z
Khans of Tarkir (KTK) - need to remove cube cards,binder,Death Frenzy,KTK,Khans of Tarkir,172,normal,uncommon,1,13226,92096311-a3fa-41fc-b7a9-71ac2310f7fe,0.01,false,false,near_mint,en,CAD,2024-02-03T21:13:28.130Z
Khans of Tarkir (KTK) - need to remove cube cards,binder,Disdainful Stroke,KTK,Khans of Tarkir,37,normal,common,1,13361,180425c9-1898-48d4-9932-ddfb1a28e6b0,0.03,false,false,near_mint,en,CAD,2024-02-06T18:31:53.712Z
Khans of Tarkir (KTK) - need to remove cube cards,binder,Mardu Heart-Piercer,KTK,Khans of Tarkir,116,normal,uncommon,5,13282,d17b6eee-da22-48aa-ba8a-cbd1a3389bcb,0.01,false,false,near_mint,en,CAD,2024-02-03T21:13:28.130Z
Khans of Tarkir (KTK) - need to remove cube cards,binder,Rotting Mastodon,KTK,Khans of Tarkir,87,normal,common,19,13311,1564a20a-0e57-4ced-9eda-7acff74274e7,0.01,false,false,near_mint,en,CAD,2024-02-03T21:13:28.130Z
Khans of Tarkir (KTK) - need to remove cube cards,binder,Archers' Parapet,KTK,Khans of Tarkir,128,normal,common,10,13270,64ac0667-8ecc-4034-89bb-dce0af531014,0.01,false,false,near_mint,en,CAD,2024-02-03T21:13:28.130Z
Khans of Tarkir (KTK) - need to remove cube cards,binder,Kin-Tree Warden,KTK,Khans of Tarkir,139,normal,common,7,13259,dfddafbc-590b-4610-894a-b91335a60528,0.01,false,false,near_mint,en,CAD,2024-02-03T21:13:28.130Z
Khans of Tarkir (KTK) - need to remove cube cards,binder,Kheru Bloodsucker,KTK,Khans of Tarkir,75,normal,uncommon,5,13323,baf15cd4-13be-48e7-b3f5-a5106eb02c45,0.03,false,false,near_mint,en,CAD,2024-02-03T21:13:28.130Z
Khans of Tarkir (KTK) - need to remove cube cards,binder,Longshot Squad,KTK,Khans of Tarkir,140,normal,common,11,13258,dd9edd62-dc18-4887-a020-4464e31b79c2,0.01,false,false,near_mint,en,CAD,2024-02-03T21:13:28.130Z
Khans of Tarkir (KTK) - need to remove cube cards,binder,Sidisi's Pet,KTK,Khans of Tarkir,90,normal,common,8,13308,e6e02a99-da37-4cea-9182-39ccb1e35ee9,0.01,false,false,near_mint,en,CAD,2024-02-03T21:13:28.130Z
Khans of Tarkir (KTK) - need to remove cube cards,binder,Winterflame,KTK,Khans of Tarkir,213,normal,uncommon,1,13185,b8924ab9-fa55-4348-b67d-b2b9e48a357a,0.01,false,false,near_mint,en,CAD,2024-02-03T21:13:28.130Z
Khans of Tarkir (KTK) - need to remove cube cards,binder,Waterwhirl,KTK,Khans of Tarkir,60,normal,uncommon,2,13338,9dd58503-d269-4756-a71c-a6a2bfb1658d,0.01,false,false,near_mint,en,CAD,2024-02-06T18:12:23.263Z
Khans of Tarkir (KTK) - need to remove cube cards,binder,Jeskai Elder,KTK,Khans of Tarkir,43,normal,uncommon,4,13355,bff9907c-4090-4dcc-aaf5-bc2a8dacce8b,0.01,false,false,near_mint,en,CAD,2024-02-03T21:13:28.130Z
Khans of Tarkir (KTK) - need to remove cube cards,binder,Tormenting Voice,KTK,Khans of Tarkir,123,normal,common,11,13275,25af9ac1-a03b-4be7-b726-fb66427b1caa,0.05,false,false,near_mint,en,CAD,2024-02-03T21:13:28.130Z
Khans of Tarkir (KTK) - need to remove cube cards,binder,Tomb of the Spirit Dragon,KTK,Khans of Tarkir,245,normal,uncommon,1,13153,eb6be7ab-8fad-4606-b623-f2188219d60b,0.11,false,false,near_mint,en,CAD,2024-02-03T21:13:28.130Z
Khans of Tarkir (KTK) - need to remove cube cards,binder,Dragon's Eye Savants,KTK,Khans of Tarkir,38,normal,uncommon,2,13360,9ff29b2c-2156-45fd-a2dd-655b8d208197,0.01,false,false,near_mint,en,CAD,2024-02-03T21:13:28.130Z
Khans of Tarkir (KTK) - need to remove cube cards,binder,Kheru Dreadmaw,KTK,Khans of Tarkir,76,normal,common,14,13322,e8b10468-18b8-4321-a791-0cbd18ea9c4d,0.01,false,false,near_mint,en,CAD,2024-02-03T21:13:28.130Z
Khans of Tarkir (KTK) - need to remove cube cards,binder,Force Away,KTK,Khans of Tarkir,40,normal,common,7,13358,dda70b3e-4b70-404e-a579-41dd126be084,0.01,false,false,near_mint,en,CAD,2024-02-03T21:13:28.130Z
Khans of Tarkir (KTK) - need to remove cube cards,binder,Rakshasa's Secret,KTK,Khans of Tarkir,84,normal,common,12,13314,ae62a43e-36ce-471e-93f1-21fe674858b5,0.01,false,false,near_mint,en,CAD,2024-02-03T21:13:28.130Z
Khans of Tarkir (KTK) - need to remove cube cards,binder,Riverwheel Aerialists,KTK,Khans of Tarkir,51,normal,uncommon,4,13347,c210b102-8a94-4b5e-858a-777fa8ad18b9,0.01,false,false,near_mint,en,CAD,2024-02-03T21:13:28.130Z
Khans of Tarkir (KTK) - need to remove cube cards,binder,Crippling Chill,KTK,Khans of Tarkir,35,normal,common,5,13363,acf53a79-7573-43c2-bd3a-93abea58ba80,0.01,false,false,near_mint,en,CAD,2024-02-03T21:13:28.130Z
Khans of Tarkir (KTK) - need to remove cube cards,binder,Alpine Grizzly,KTK,Khans of Tarkir,127,normal,common,11,13271,38bbf983-df71-4403-86f3-2e86aa8765b8,0.06,false,false,near_mint,en,CAD,2024-02-03T21:13:28.130Z
Khans of Tarkir (KTK) - need to remove cube cards,binder,Temur Banner,KTK,Khans of Tarkir,226,normal,common,6,13172,9990bdff-c27a-447f-b530-d8b7614fe9a0,0.01,false,false,near_mint,en,CAD,2024-02-03T21:13:28.130Z
Khans of Tarkir (KTK) - need to remove cube cards,binder,Horde Ambusher,KTK,Khans of Tarkir,110,normal,uncommon,6,13288,53926b92-adf0-4bb2-873f-103d9a1bdda8,0.02,false,false,near_mint,en,CAD,2024-02-03T21:13:28.130Z
Khans of Tarkir (KTK) - need to remove cube cards,binder,Temur Charger,KTK,Khans of Tarkir,153,normal,uncommon,2,13245,f77258fc-8683-4656-84a3-4df4ea2a8435,0.05,false,false,near_mint,en,CAD,2024-02-03T21:13:28.130Z
Khans of Tarkir (KTK) - need to remove cube cards,binder,Bloodfire Expert,KTK,Khans of Tarkir,101,normal,common,18,13297,0742564e-f7a7-4107-b9ed-63703ca4702c,0.01,false,false,near_mint,en,CAD,2024-02-03T21:13:28.130Z
Khans of Tarkir (KTK) - need to remove cube cards,binder,Lens of Clarity,KTK,Khans of Tarkir,223,normal,common,4,13175,3c82e2b8-f0f6-44da-83ee-8a671344ac62,0.01,false,false,near_mint,en,CAD,2024-02-03T21:13:28.130Z
Khans of Tarkir (KTK) - need to remove cube cards,binder,War-Name Aspirant,KTK,Khans of Tarkir,126,normal,uncommon,1,13272,e8d1714b-ff65-4c5c-ad21-b469f2c72286,0.02,false,false,near_mint,en,CAD,2024-02-03T21:13:28.130Z
Khans of Tarkir (KTK) - need to remove cube cards,binder,Throttle,KTK,Khans of Tarkir,93,normal,common,10,13305,b6b71c00-3f38-47dc-90bc-6464d346c098,0.01,false,false,near_mint,en,CAD,2024-02-03T21:13:28.130Z
Khans of Tarkir (KTK) - need to remove cube cards,binder,Cranial Archive,KTK,Khans of Tarkir,218,normal,uncommon,3,13180,1284b15f-2a70-48d6-89d3-e787af3f07eb,0.01,false,false,near_mint,en,CAD,2024-02-03T21:13:28.130Z
Khans of Tarkir (KTK) - need to remove cube cards,binder,Smoke Teller,KTK,Khans of Tarkir,151,normal,common,13,13247,1916a2d9-4747-4118-b1b2-7a5ce492e3fc,0.01,false,false,near_mint,en,CAD,2024-02-03T21:13:28.130Z
Khans of Tarkir (KTK) - need to remove cube cards,binder,Sultai Banner,KTK,Khans of Tarkir,225,normal,common,6,13173,1695cf35-8f7c-4674-bfd3-43520b13d084,0.01,false,false,near_mint,en,CAD,2024-02-03T21:13:28.130Z
Khans of Tarkir (KTK) - need to remove cube cards,binder,Set Adrift,KTK,Khans of Tarkir,54,normal,uncommon,1,13344,cdad122d-a872-449f-9a7c-0f054b711d11,0.01,false,false,near_mint,en,CAD,2024-02-03T21:13:28.130Z
Khans of Tarkir (KTK) - need to remove cube cards,binder,Feed the Clan,KTK,Khans of Tarkir,132,normal,common,12,13266,52f7c53d-0b53-400f-aa67-967547f3e394,0.01,false,false,near_mint,en,CAD,2024-02-03T21:13:28.130Z
Khans of Tarkir (KTK) - need to remove cube cards,binder,Erase,KTK,Khans of Tarkir,9,normal,common,4,13389,d1dd0e10-2ad7-467f-8d4b-c70b95bf2e9c,0.01,false,false,near_mint,en,CAD,2024-02-03T21:13:28.130Z
Khans of Tarkir (KTK) - need to remove cube cards,binder,Abomination of Gudul,KTK,Khans of Tarkir,159,normal,common,11,13239,7df9759e-1072-4a6a-be57-f73b15bf3847,0.01,false,false,near_mint,en,CAD,2024-02-03T21:13:28.130Z
Khans of Tarkir (KTK) - need to remove cube cards,binder,Mystic of the Hidden Way,KTK,Khans of Tarkir,48,normal,common,12,13350,7b5de843-e05d-43b5-a5d0-a737484fbd71,0.01,false,false,near_mint,en,CAD,2024-02-03T21:13:28.130Z
Khans of Tarkir (KTK) - need to remove cube cards,binder,Venerable Lammasu,KTK,Khans of Tarkir,28,normal,uncommon,4,13370,229919ef-e39f-4bdc-bcc5-46224a3eb7b4,0.01,false,false,near_mint,en,CAD,2024-02-03T21:13:28.130Z
Khans of Tarkir (KTK) - need to remove cube cards,binder,Burn Away,KTK,Khans of Tarkir,104,normal,uncommon,5,13294,f4b24e40-c0f0-4472-973e-d3b0e88fc93e,0.03,false,false,near_mint,en,CAD,2024-02-03T21:13:28.130Z
Khans of Tarkir (KTK) - need to remove cube cards,binder,Cancel,KTK,Khans of Tarkir,33,normal,common,5,13365,9f540dcb-8d0b-4d33-8c0d-893fa5db54eb,0.01,false,false,near_mint,en,CAD,2024-02-03T21:13:28.130Z
Khans of Tarkir (KTK) - need to remove cube cards,binder,Leaping Master,KTK,Khans of Tarkir,114,normal,common,19,13284,0f786a1d-4703-4bac-abba-632506d2726c,0.01,false,false,near_mint,en,CAD,2024-02-03T21:13:28.130Z
Khans of Tarkir (KTK) - need to remove cube cards,binder,Goblinslide,KTK,Khans of Tarkir,109,normal,uncommon,2,13289,a9d80e96-3956-4408-84fb-5f94a364eb41,0.04,false,false,near_mint,en,CAD,2024-02-03T21:13:28.130Z
Khans of Tarkir (KTK) - need to remove cube cards,binder,Bloodfire Mentor,KTK,Khans of Tarkir,102,normal,common,14,13296,4836fb70-a8f3-44ed-bae4-890ef7d07f88,0.01,false,false,near_mint,en,CAD,2024-02-03T21:13:28.130Z
Khans of Tarkir (KTK) - need to remove cube cards,binder,Briber's Purse,KTK,Khans of Tarkir,217,normal,uncommon,4,13181,7f9951f1-ca51-44a2-8480-602df466f0ab,0.04,false,false,near_mint,en,CAD,2024-02-03T21:13:28.130Z
Khans of Tarkir (KTK) - need to remove cube cards,binder,Dragon Grip,KTK,Khans of Tarkir,107,normal,uncommon,5,13291,0269d5bd-d8aa-465b-bfe9-6703937f933c,0.01,false,false,near_mint,en,CAD,2024-02-03T21:13:28.130Z
Khans of Tarkir (KTK) - need to remove cube cards,binder,Arc Lightning,KTK,Khans of Tarkir,97,normal,uncommon,2,13301,35c7c392-6782-40c8-bb24-6aad24f14660,0.01,false,false,near_mint,en,CAD,2024-02-03T21:13:28.130Z
Khans of Tarkir (KTK) - need to remove cube cards,binder,Woolly Loxodon,KTK,Khans of Tarkir,158,normal,common,15,13240,a890c55a-8746-4233-b75a-19cc760c1e8e,0.01,false,false,near_mint,en,CAD,2024-02-03T21:13:28.130Z
Khans of Tarkir (KTK) - need to remove cube cards,binder,Heart-Piercer Bow,KTK,Khans of Tarkir,221,normal,uncommon,2,13177,48168005-65cc-43dc-9d45-17ea5dd4848f,0.01,false,false,near_mint,en,CAD,2024-02-03T21:13:28.130Z
Khans of Tarkir (KTK) - need to remove cube cards,binder,Naturalize,KTK,Khans of Tarkir,142,normal,common,7,13256,b129b44e-a1ce-41f2-a0cf-b6c879c7cbbd,0.01,false,false,near_mint,en,CAD,2024-02-03T21:13:28.130Z
Khans of Tarkir (KTK) - need to remove cube cards,binder,Bellowing Saddlebrute,KTK,Khans of Tarkir,64,normal,uncommon,6,13334,a1939b5d-e24f-4e4b-b4c5-8bdb232d8926,0.01,false,false,near_mint,en,CAD,2024-02-06T18:12:23.263Z
Khans of Tarkir (KTK) - need to remove cube cards,binder,Dragonscale Boon,KTK,Khans of Tarkir,131,normal,common,11,13267,5aadb382-f912-4ccb-98bc-1abdef733126,0.01,false,false,near_mint,en,CAD,2024-02-03T21:13:28.130Z
Khans of Tarkir (KTK) - need to remove cube cards,binder,Canyon Lurkers,KTK,Khans of Tarkir,105,normal,common,15,13293,ef6c56d1-6eca-43be-9834-0478bea67b48,0.01,false,false,near_mint,en,CAD,2024-02-03T21:13:28.130Z
Khans of Tarkir (KTK) - need to remove cube cards,binder,Murderous Cut,PLST,The List,KTK-81,normal,uncommon,1,54953,52569fa7-26f0-4558-80ef-7f17326a219a,0.35,false,false,near_mint,en,CAD,2024-11-09T16:00:16.376Z
Khans of Tarkir (KTK) - need to remove cube cards,binder,Sultai Scavenger,KTK,Khans of Tarkir,91,normal,common,13,13307,2cb8e423-f7e7-4ac3-acc2-2a3722e409e7,0.01,false,false,near_mint,en,CAD,2024-02-03T21:13:28.130Z
Khans of Tarkir (KTK) - need to remove cube cards,binder,Incremental Growth,KTK,Khans of Tarkir,138,normal,uncommon,4,13260,bcc7d833-f71b-4ec4-aad1-07b7583bad64,0.01,false,false,near_mint,en,CAD,2024-02-03T21:13:28.130Z
Khans of Tarkir (KTK) - need to remove cube cards,binder,Defiant Strike,KTK,Khans of Tarkir,7,normal,common,3,13391,39ec83fa-5cb4-4633-8827-36d874a2d2e7,0.01,false,false,near_mint,en,CAD,2024-02-03T21:13:28.130Z
Khans of Tarkir (KTK) - need to remove cube cards,binder,Mardu Banner,KTK,Khans of Tarkir,224,normal,common,4,13174,fe10c56d-a8e1-495d-a03a-0b920b44182f,0.05,false,false,near_mint,en,CAD,2024-02-03T21:13:28.130Z
Khans of Tarkir (KTK) - need to remove cube cards,binder,Mardu Hateblade,KTK,Khans of Tarkir,16,normal,common,10,13382,f1d1cdfa-834c-4028-8036-c4bfb7da071b,0.01,false,false,near_mint,en,CAD,2024-02-03T21:13:28.130Z
Khans of Tarkir (KTK) - need to remove cube cards,binder,Smite the Monstrous,KTK,Khans of Tarkir,24,normal,common,7,13374,1405bb2e-2204-43ab-82a3-5d0c8537325a,0.01,false,false,near_mint,en,CAD,2024-02-03T21:13:28.130Z
Khans of Tarkir (KTK) - need to remove cube cards,binder,Shatter,KTK,Khans of Tarkir,120,normal,common,6,13278,2c4ecaa0-a85f-4771-a829-1ab440b29165,0.01,false,false,near_mint,en,CAD,2024-02-03T21:13:28.130Z
Khans of Tarkir (KTK) - need to remove cube cards,binder,Roar of Challenge,KTK,Khans of Tarkir,145,normal,uncommon,2,13253,83456f8f-8a1a-403c-816b-25e454ba1edf,0.14,false,false,near_mint,en,CAD,2024-02-03T21:13:28.130Z
Khans of Tarkir (KTK) - need to remove cube cards,binder,Tusked Colossodon,KTK,Khans of Tarkir,155,normal,common,11,13243,2d511407-0c1e-4342-a578-ca557c6886fd,0.01,false,false,near_mint,en,CAD,2024-02-03T21:13:28.130Z
Khans of Tarkir (KTK) - need to remove cube cards,binder,Bring Low,KTK,Khans of Tarkir,103,normal,common,11,13295,9ba5e7bf-2ad8-4061-937a-ef1e9b63da3d,0.01,false,false,near_mint,en,CAD,2024-02-03T21:13:28.130Z
Khans of Tarkir (KTK) - need to remove cube cards,binder,Jeskai Student,KTK,Khans of Tarkir,14,normal,common,8,13384,9007c528-0107-40fd-a97e-e5576f297eb2,0.01,false,false,near_mint,en,CAD,2024-02-03T21:13:28.130Z
Khans of Tarkir (KTK) - need to remove cube cards,binder,Armament Corps,KTK,Khans of Tarkir,165,normal,uncommon,3,13233,a5c69876-809d-4af3-9fd6-3bac41541dad,0.01,false,false,near_mint,en,CAD,2024-02-03T21:13:28.130Z
Khans of Tarkir (KTK) - need to remove cube cards,binder,Arrow Storm,KTK,Khans of Tarkir,98,normal,common,11,13300,c57534fb-2591-4003-aeec-6452faa4a759,0.01,false,false,near_mint,en,CAD,2024-02-03T21:13:28.130Z
Khans of Tarkir (KTK) - need to remove cube cards,binder,Mountain,KTK,Khans of Tarkir,265,normal,common,1,13133,76ad8df0-20f3-4372-8b2b-7c4ccfc2e9c0,0.1,false,false,near_mint,en,CAD,2024-02-03T21:13:28.130Z
Khans of Tarkir (KTK) - need to remove cube cards,binder,Molting Snakeskin,KTK,Khans of Tarkir,80,normal,common,7,13318,b781cbcf-dbba-41c1-be02-2396b824a217,0.01,false,false,near_mint,en,CAD,2024-02-03T21:13:28.130Z
Khans of Tarkir (KTK) - need to remove cube cards,binder,Sultai Soothsayer,KTK,Khans of Tarkir,205,normal,uncommon,6,13193,ae0de2c9-957e-41ee-8899-b93e6f1091dc,0.01,false,false,near_mint,en,CAD,2024-02-03T21:13:28.130Z
Khans of Tarkir (KTK) - need to remove cube cards,binder,Efreet Weaponmaster,KTK,Khans of Tarkir,175,normal,common,5,13223,8986cb2e-76e0-41f3-8810-3d11c39a527a,0.01,false,false,near_mint,en,CAD,2024-02-03T21:13:28.130Z
Khans of Tarkir (KTK) - need to remove cube cards,binder,Salt Road Patrol,KTK,Khans of Tarkir,21,normal,common,11,13377,2c5ee84d-e5b9-4103-8ba7-ccd79a272c0f,0.01,false,false,near_mint,en,CAD,2024-02-03T21:13:28.130Z
Khans of Tarkir (KTK) - need to remove cube cards,binder,Blinding Spray,KTK,Khans of Tarkir,32,normal,uncommon,2,13366,9b588355-c349-458d-aeb7-0e2780caa3f9,0.01,false,false,near_mint,en,CAD,2024-02-03T21:13:28.130Z
Khans of Tarkir (KTK) - need to remove cube cards,binder,Swarm of Bloodflies,KTK,Khans of Tarkir,92,normal,uncommon,3,13306,cbd36319-e05d-4a9e-a6d4-48fba9111648,0.01,false,false,near_mint,en,CAD,2024-02-03T21:13:28.130Z
Khans of Tarkir (KTK) - need to remove cube cards,binder,Bitter Revelation,KTK,Khans of Tarkir,65,normal,common,12,13333,e42f5aa9-2a47-47c3-ab87-dc25735b0e54,0.01,false,false,near_mint,en,CAD,2024-02-03T21:13:28.130Z
Khans of Tarkir (KTK) - need to remove cube cards,binder,Sage-Eye Harrier,KTK,Khans of Tarkir,20,normal,common,9,13378,3cc7b4c3-647e-48da-86f8-f55e3e990ac1,0.01,false,false,near_mint,en,CAD,2024-02-03T21:13:28.130Z
Khans of Tarkir (KTK) - need to remove cube cards,binder,Taigam's Scheming,KTK,Khans of Tarkir,57,normal,common,5,13341,87f4b533-7113-4b36-9c7a-e4cf798c88a9,0.01,false,false,near_mint,en,CAD,2024-02-03T21:13:28.130Z
Khans of Tarkir (KTK) - need to remove cube cards,binder,Act of Treason,KTK,Khans of Tarkir,95,normal,common,10,13303,e20d6dfd-5f7b-4c71-89e6-8f996d85801d,0.01,false,false,near_mint,en,CAD,2024-02-03T21:13:28.130Z
Khans of Tarkir (KTK) - need to remove cube cards,binder,Ainok Bond-Kin,KTK,Khans of Tarkir,3,foil,common,3,13395,22d2a844-17fc-4628-9591-684555e98f7b,0.24,false,false,near_mint,en,CAD,2024-02-03T21:24:23.337Z
Khans of Tarkir (KTK) - need to remove cube cards,binder,Ainok Bond-Kin,KTK,Khans of Tarkir,3,normal,common,11,13395,22d2a844-17fc-4628-9591-684555e98f7b,0.01,false,false,near_mint,en,CAD,2024-02-03T21:13:28.130Z
Khans of Tarkir (KTK) - need to remove cube cards,binder,Embodiment of Spring,KTK,Khans of Tarkir,39,normal,common,10,13359,88e07226-f180-4972-b7f8-90c743d45fb8,0.01,false,false,near_mint,en,CAD,2024-02-03T21:13:28.130Z
Lost Caverns of Ixalan (LCI),binder,Another Chance,LCI,The Lost Caverns of Ixalan,90,normal,common,1,88330,20d9eb9f-2fcc-49f0-99c1-bad748239466,0.01,false,false,near_mint,en,CAD,2025-10-19T01:46:33.693Z
Lost Caverns of Ixalan (LCI),binder,Fanatical Offering,LCI,The Lost Caverns of Ixalan,105,normal,common,1,88940,d896dd52-b134-4b55-ab91-ccb05ecc50f4,1.02,false,false,near_mint,en,CAD,2026-04-28T01:31:16.533Z
Edge of Eternities (EOE),binder,Meltstrider's Resolve,EOE,Edge of Eternities,199,normal,uncommon,1,107596,53c08af4-b975-4d9d-baba-73e6727f2778,0.03,false,false,near_mint,en,CAD,2025-10-16T21:40:51.544Z
Edge of Eternities (EOE),binder,Full Bore,EOE,Edge of Eternities,135,normal,uncommon,1,107549,cfee64ef-d22d-4024-bc65-59cbd1731d1c,0.01,false,false,near_mint,en,CAD,2025-10-16T21:40:51.544Z
Edge of Eternities (EOE),binder,Forest,EOE,Edge of Eternities,275,normal,common,1,107213,fb62605c-a58e-4e53-8336-b2bee316b5a6,0.01,false,false,near_mint,en,CAD,2025-10-16T21:35:39.168Z
Edge of Eternities (EOE),binder,Robot,TEOE,Edge of Eternities Tokens,10,normal,common,1,107769,c46f9a07-005c-44b7-8057-b2f00b274dd6,,false,false,near_mint,en,CAD,2025-10-16T21:44:37.764Z
Edge of Eternities (EOE),binder,Mechan Navigator,EOE,Edge of Eternities,64,normal,uncommon,1,107507,a1fe1d39-42c8-41d0-8bf0-46973e4b07d4,0.01,false,false,near_mint,en,CAD,2025-10-16T21:40:51.544Z
Edge of Eternities (EOE),binder,"Ragost, Deft Gastronaut",EOE,Edge of Eternities,224,normal,rare,1,106939,011374c3-f69d-4573-8c32-5bd0fe083d6a,0.27,false,false,near_mint,en,CAD,2025-10-16T21:40:51.544Z
Edge of Eternities (EOE),binder,Drill Too Deep,EOE,Edge of Eternities,133,normal,common,1,107760,b9d3b6e8-47c8-49e3-b204-8b659e127bde,0.01,false,false,near_mint,en,CAD,2025-10-16T21:35:39.168Z
Edge of Eternities (EOE),binder,Luxknight Breacher,EOE,Edge of Eternities,26,normal,common,1,107537,c1236731-0d33-4705-8077-3cf58acf9a39,0.01,false,false,near_mint,en,CAD,2025-10-16T21:40:51.544Z
Edge of Eternities (EOE),binder,Drone,TEOE,Edge of Eternities Tokens,3,normal,common,1,107712,3fcf8950-117a-4587-8522-79001dffa500,,false,false,near_mint,en,CAD,2025-10-16T21:35:39.168Z
Edge of Eternities (EOE),binder,Intrepid Tenderfoot,EOE,Edge of Eternities,193,normal,common,2,107740,809df0ea-deff-47b9-83df-cc1f360d377e,0.01,false,false,near_mint,en,CAD,2025-10-16T21:35:39.168Z
Edge of Eternities (EOE),binder,Skystinger,EOE,Edge of Eternities,207,foil,common,1,107777,dfea9941-3675-4c0f-bc4d-981c28deed36,0.01,false,false,near_mint,en,CAD,2025-10-16T21:35:39.168Z
Edge of Eternities (EOE),binder,Mental Modulation,EOE,Edge of Eternities,67,normal,common,1,107693,0f2d12fc-38a0-42e6-9caa-7c18bfcf0011,0.01,false,false,near_mint,en,CAD,2025-10-16T21:40:51.544Z
Edge of Eternities (EOE),binder,Plains,EOE,Edge of Eternities,268,normal,common,1,107115,a26fd28e-d053-48b3-ab4c-2dc6fd33fa64,0.01,false,false,near_mint,en,CAD,2025-10-16T21:40:51.544Z
Edge of Eternities (EOE),binder,Virus Beetle,EOE,Edge of Eternities,124,normal,common,1,107570,e96c986c-684c-4546-a9c9-b6b903bda101,0.01,false,false,near_mint,en,CAD,2025-10-16T21:35:39.168Z
Edge of Eternities (EOE),binder,Plasma Bolt,EOE,Edge of Eternities,152,normal,common,1,107307,a1a1834b-76c2-4496-b8c5-18b69ab34c4c,0.01,false,false,near_mint,en,CAD,2025-10-16T21:40:51.544Z
Edge of Eternities (EOE),binder,Lander,TEOE,Edge of Eternities Tokens,8,normal,common,1,107081,85ef1950-219f-401b-8ff5-914f9aaec122,,false,false,near_mint,en,CAD,2025-10-16T21:44:37.764Z
Edge of Eternities (EOE),binder,Hullcarver,EOE,Edge of Eternities,105,normal,common,1,107075,817b5b18-beb5-48c8-aa45-0515ff9ca5da,0.01,false,false,near_mint,en,CAD,2025-10-16T21:40:51.544Z
Edge of Eternities (EOE),binder,Biosynthic Burst,EOE,Edge of Eternities,173,normal,common,1,107732,6d73a4a8-5d52-4c12-a96a-45cd202bcc62,0.01,false,false,near_mint,en,CAD,2025-10-16T21:40:51.544Z
Edge of Eternities (EOE),binder,Flight-Deck Coordinator,EOE,Edge of Eternities,17,normal,common,1,107743,88cc6328-a035-4f74-b786-390e5c7c324c,0.01,false,false,near_mint,en,CAD,2025-10-16T21:35:39.168Z
Edge of Eternities (EOE),binder,Bygone Colossus,EOE,Edge of Eternities,235,normal,uncommon,1,107016,4bb8f2ef-4398-4a07-9130-5005356a3b4a,0.06,false,false,near_mint,en,CAD,2025-10-16T21:40:51.544Z
Edge of Eternities (EOE),binder,Rig for War,EOE,Edge of Eternities,156,normal,common,1,107710,3edd0515-dcc4-4cb5-8b54-9c00173d8a6d,0.01,false,false,near_mint,en,CAD,2025-10-16T21:35:39.168Z
Edge of Eternities (EOE),binder,Entropic Battlecruiser,EOE,Edge of Eternities,99,normal,rare,1,107545,cc59796b-9025-44b6-a188-cf6684ebffb9,0.13,false,false,near_mint,en,CAD,2025-10-16T21:35:39.168Z
Edge of Eternities (EOE),binder,Drill Too Deep,EOE,Edge of Eternities,133,foil,common,1,107760,b9d3b6e8-47c8-49e3-b204-8b659e127bde,0.01,false,false,near_mint,en,CAD,2025-10-16T21:40:51.544Z
Edge of Eternities (EOE),binder,Lander,TEOE,Edge of Eternities Tokens,6,normal,common,1,107715,49164e15-252a-46e2-8c5a-66e41e071072,,false,false,near_mint,en,CAD,2025-10-16T21:35:39.168Z
Edge of Eternities (EOE),binder,Mechan Shieldmate,EOE,Edge of Eternities,65,normal,common,1,107736,745b2119-4d9f-431f-89b9-10ad48b6dc47,0.01,false,false,near_mint,en,CAD,2025-10-16T21:35:39.168Z
Edge of Eternities (EOE),binder,Mental Modulation,EOE,Edge of Eternities,67,foil,common,1,107693,0f2d12fc-38a0-42e6-9caa-7c18bfcf0011,0.01,false,false,near_mint,en,CAD,2026-04-28T01:34:18.837Z
Edge of Eternities (EOE),binder,Germinating Wurm,EOE,Edge of Eternities,187,normal,common,1,107792,fcde173a-6314-4904-bddd-68b2ab1e4867,0.01,false,false,near_mint,en,CAD,2026-04-28T01:34:18.841Z
Edge of Eternities (EOE),binder,Infinite Guideline Station,EOE,Edge of Eternities,219,normal,rare,1,107023,5688894a-bbec-476b-ae2e-94000be258d0,,false,false,near_mint,en,CAD,2026-04-28T01:34:18.850Z
Edge of Eternities (EOE),binder,Radiant Strike,EOE,Edge of Eternities,29,normal,common,1,107484,8c38e4cb-918b-4493-872b-66c90dcfd339,0.01,false,false,near_mint,en,CAD,2026-04-28T01:34:18.845Z
Edge of Eternities (EOE),binder,Embrace Oblivion,EOE,Edge of Eternities,98,normal,common,1,106927,3754fc20-7aaa-437d-97df-d6cf1c29586c,0.01,false,false,near_mint,en,CAD,2026-04-28T01:34:18.843Z
Edge of Eternities (EOE),binder,Illvoi Infiltrator,EOE,Edge of Eternities,59,normal,uncommon,1,107702,2db4ed41-0426-4d7f-bb43-e43392bed83b,0.01,false,false,near_mint,en,CAD,2026-04-28T01:34:18.846Z
Edge of Eternities (EOE),binder,Lander,TEOE,Edge of Eternities Tokens,5,normal,common,1,107761,ba3b3b34-0ffa-41a4-8529-7b9d2946a1ac,,false,false,near_mint,en,CAD,2026-04-28T01:34:18.838Z
Edge of Eternities (EOE),binder,Kav Landseeker,EOE,Edge of Eternities,138,normal,common,1,107065,7a5a7e89-50e3-43cb-af93-d7d80a630c11,0.01,false,false,near_mint,en,CAD,2026-04-28T01:34:18.842Z
Edge of Eternities (EOE),binder,Starport Security,EOE,Edge of Eternities,39,normal,common,1,107244,238cb1db-6c41-4fe1-bc34-340048dfde18,0.01,false,false,near_mint,en,CAD,2026-04-28T01:34:18.840Z
Edge of Eternities (EOE),binder,Seedship Broodtender,EOE,Edge of Eternities,227,normal,uncommon,1,107379,1abc176f-2ccf-4371-b4b5-030dd99ff7fc,0.01,false,false,near_mint,en,CAD,2026-04-28T01:34:18.849Z
Edge of Eternities (EOE),binder,Rescue Skiff,EOE,Edge of Eternities,32,normal,uncommon,1,107459,6fe86bfb-c67d-4df9-88c9-f083091f4cda,0.01,false,false,near_mint,en,CAD,2026-04-28T01:34:18.848Z
Edge of Eternities (EOE),binder,Starbreach Whale,EOE,Edge of Eternities,77,normal,common,1,107085,8a1a0476-7145-4493-97e5-4fc05c85e476,0.01,false,false,near_mint,en,CAD,2026-04-28T01:34:18.839Z
Edge of Eternities (EOE),binder,Susurian Voidborn,EOE,Edge of Eternities,118,normal,uncommon,1,107765,beb97e7b-0ae7-4b08-9ceb-6a7f825bcd49,0.05,false,false,near_mint,en,CAD,2026-04-28T01:34:18.847Z
Edge of Eternities (EOE),binder,Thaumaton Torpedo,EOE,Edge of Eternities,246,normal,common,1,107695,1817f1b5-960a-435c-bdec-8cc8cbcb3358,0.01,false,false,near_mint,en,CAD,2026-04-28T01:34:18.844Z
Edge of Eternities (EOE),binder,Dubious Delicacy,EOE,Edge of Eternities,96,normal,uncommon,2,107377,153265b4-0ca4-4245-9226-dd1a083ec91c,0.01,false,false,near_mint,en,CAD,2025-10-16T21:35:39.168Z
Edge of Eternities (EOE),binder,Codecracker Hound,EOE,Edge of Eternities,50,normal,uncommon,2,107598,6723b891-6013-4ec6-b439-2233d270dc48,0.01,false,false,near_mint,en,CAD,2025-10-16T21:35:39.168Z
Edge of Eternities (EOE),binder,High Market,EOS,Edge of Eternities: Stellar Sights,18,normal,rare,2,106974,229c383b-305b-44b1-ba0f-fbe95bbd633f,0.86,false,false,near_mint,en,CAD,2025-10-16T21:35:39.168Z
Edge of Eternities (EOE),binder,"Syr Vondam, the Lucent",EOE,Edge of Eternities,232,normal,uncommon,2,107198,ea954205-5ff5-493b-bf30-6212042c2bc9,0.01,false,false,near_mint,en,CAD,2025-10-16T21:35:39.168Z
Edge of Eternities (EOE),binder,Dockworker Drone,EOE,Edge of Eternities,11,normal,common,3,107784,eeff069f-427b-42ad-afb1-36f0e547fb74,0.01,false,false,near_mint,en,CAD,2025-10-16T21:35:39.168Z
Bloomburrow (BLB),binder,Island,BLB,Bloomburrow,267,normal,common,1,95856,f7b92adb-a384-4e03-8ba7-1e41b9fb2516,0.18,false,false,near_mint,en,CAD,2024-08-05T04:59:02.093Z
Bloomburrow (BLB),binder,Steampath Charger,TBLB,Bloomburrow Tokens,19,normal,common,1,96321,65a41850-49d2-4c1f-84df-cc7f7fb951f8,,false,false,near_mint,en,CAD,2024-08-02T03:33:56.855Z
Bloomburrow (BLB),binder,Tender Wildguide,BLB,Bloomburrow,196,foil,rare,2,95792,6b8bfa91-adb0-4596-8c16-d8bb64fdb26d,0.35,false,false,near_mint,en,CAD,2024-08-05T04:27:26.467Z
Bloomburrow (BLB),binder,Kindlespark Duo,BLB,Bloomburrow,142,normal,common,4,96096,a839fba3-1b66-4dd1-bf43-9b015b44fc81,0.01,false,false,near_mint,en,CAD,2024-08-05T04:59:02.093Z
Bloomburrow (BLB),binder,Pearl of Wisdom,BLB,Bloomburrow,64,normal,common,1,95625,13cb9575-1138-4f99-8e90-0eaf00bdf4a1,0.11,false,false,near_mint,en,CAD,2024-08-02T03:44:42.419Z
Bloomburrow (BLB),binder,Cache Grab,BLB,Bloomburrow,167,normal,common,1,95842,dfd977dc-a7c3-4d0a-aca7-b25bd154e963,0.12,false,false,near_mint,en,CAD,2024-08-02T03:33:56.855Z
Bloomburrow (BLB),binder,Quaketusk Boar,BLB,Bloomburrow,146,normal,uncommon,1,95869,2f2b7fd3-a139-49ea-8a89-b64261e868ef,0.01,false,false,near_mint,en,CAD,2025-09-23T00:30:59.473Z
Bloomburrow (BLB),binder,Might of the Meek,BLB,Bloomburrow,144,normal,common,1,95627,509bf254-8a2b-4dfa-9ae5-386321b35e8b,0.01,false,false,near_mint,en,CAD,2024-08-05T04:59:02.093Z
Bloomburrow (BLB),binder,Hop to It,BLB,Bloomburrow,16,normal,uncommon,1,95851,ee7207f8-5daa-42af-aeea-7a489047110b,0.01,false,false,near_mint,en,CAD,2024-08-05T04:59:02.093Z
Bloomburrow (BLB),binder,Flowerfoot Swordmaster,BLB,Bloomburrow,14,normal,uncommon,1,95812,97ff118f-9c3c-43a2-8085-980c7fe7d227,0.24,false,false,near_mint,en,CAD,2024-08-02T03:44:42.419Z
Bloomburrow (BLB),binder,Treetop Sentries,BLB,Bloomburrow,201,normal,common,3,95974,e16d4d6e-1fe5-4ff6-9877-8c849a24f5e0,0.01,false,false,near_mint,en,CAD,2024-08-05T04:27:26.467Z
Bloomburrow (BLB),binder,Ruthless Negotiation,BLB,Bloomburrow,108,normal,uncommon,1,95828,c7f4360c-8d68-4058-b9ec-da9948cb060d,0.01,false,false,near_mint,en,CAD,2024-08-05T04:59:02.093Z
Bloomburrow (BLB),binder,Bonecache Overseer,BLB,Bloomburrow,85,normal,uncommon,1,95944,82defb87-237f-4b77-9673-5bf00607148f,0.19,false,false,near_mint,en,CAD,2024-08-02T03:33:56.855Z
Bloomburrow (BLB),binder,Skyskipper Duo,BLB,Bloomburrow,71,normal,common,3,96476,d6844bad-ffbe-4c6e-b438-08562eccea52,0.03,false,false,near_mint,en,CAD,2024-08-02T03:24:15.518Z
Bloomburrow (BLB),binder,Iridescent Vinelasher,BLB,Bloomburrow,99,normal,rare,2,95877,b2bc854c-4e72-48e0-a098-e3451d6e511d,2.85,false,false,near_mint,en,CAD,2024-08-05T04:27:26.467Z
Bloomburrow (BLB),binder,Heirloom Epic,BLB,Bloomburrow,246,normal,uncommon,1,96061,7839ce48-0175-494a-ab89-9bdfb7a50cb1,0.01,false,false,near_mint,en,CAD,2024-10-01T03:20:39.453Z
Bloomburrow (BLB),binder,Prosperous Bandit,TBLC,Bloomburrow Commander Tokens,23,normal,common,1,96397,9b338247-1f5c-43b7-a66d-ddee01426917,0.07,false,false,near_mint,en,CAD,2025-10-19T01:16:50.450Z
Bloomburrow (BLB),binder,Dire Downdraft,BLB,Bloomburrow,46,normal,common,1,96526,f1931f22-974c-43ad-911e-684bf3f9995d,0.06,false,false,near_mint,en,CAD,2024-08-02T03:33:56.855Z
Bloomburrow (BLB),binder,Playful Shove,BLB,Bloomburrow,145,normal,uncommon,3,95993,07956edf-34c1-4218-9784-ddbca13e380c,0.01,false,false,near_mint,en,CAD,2024-08-05T04:59:02.093Z
Bloomburrow (BLB),binder,Nocturnal Hunger,BLB,Bloomburrow,102,normal,common,2,96060,742c0409-9abd-4559-b52e-932cc90c531a,0.01,false,false,near_mint,en,CAD,2024-08-05T04:27:26.467Z
Bloomburrow (BLB),binder,Alania's Pathmaker,BLB,Bloomburrow,123,normal,common,1,96123,d3871fe6-e26e-4ab4-bd81-7e3c7b8135c1,0.06,false,false,near_mint,en,CAD,2024-08-02T03:24:15.518Z
Bloomburrow (BLB),binder,Pawpatch Recruit,TBLB,Bloomburrow Tokens,21,normal,common,1,96354,7cdd8679-93a7-4e58-a6f3-b48897697e89,0.2,false,false,near_mint,en,CAD,2024-10-01T03:25:03.484Z
Bloomburrow (BLB),binder,Fish,TBLB,Bloomburrow Tokens,7,normal,common,1,95841,de0d6700-49f0-4233-97ba-cef7821c30ed,,false,false,near_mint,en,CAD,2024-08-05T04:59:02.093Z
Bloomburrow (BLB),binder,Bellowing Crier,BLB,Bloomburrow,42,normal,common,2,96119,ca2215dd-6300-49cf-b9b2-3a840b786c31,0.01,false,false,near_mint,en,CAD,2024-10-01T03:15:38.875Z
Bloomburrow (BLB),binder,Brave-Kin Duo,BLB,Bloomburrow,3,foil,common,1,95824,b8dd4693-424d-4d6e-86cf-24401a23d6b1,0.01,false,false,near_mint,en,CAD,2024-10-01T03:15:38.875Z
Bloomburrow (BLB),binder,Three Tree Mascot,BLB,Bloomburrow,251,normal,common,2,96100,aaced75b-6e07-457c-8ea2-f74d99710d15,0.04,false,false,near_mint,en,CAD,2024-08-02T03:44:42.419Z
Bloomburrow (BLB),binder,Bonebind Orator,BLB,Bloomburrow,84,normal,common,2,96535,faf226fa-ca09-4468-8804-87b2a7de2c66,0.04,false,false,near_mint,en,CAD,2024-08-02T03:33:56.855Z
Bloomburrow (BLB),binder,Three Tree Rootweaver,BLB,Bloomburrow,198,normal,common,1,96469,d1ab6e14-26e0-4174-b5c6-bc0f5c26b177,0.01,false,false,near_mint,en,CAD,2025-10-16T21:38:39.851Z
Bloomburrow (BLB),binder,Sunshower Druid,BLB,Bloomburrow,195,normal,common,1,95630,7740abc5-54e1-478d-966e-0fa64e727995,0.12,false,false,near_mint,en,CAD,2024-08-02T03:44:42.419Z
Bloomburrow (BLB),binder,Mind Spiral,BLB,Bloomburrow,59,normal,common,1,96068,7e24fe6a-607b-49b8-9fca-cecb1e40de7f,0.01,false,false,near_mint,en,CAD,2024-08-05T04:59:02.093Z
Bloomburrow (BLB),binder,War Squeak,BLB,Bloomburrow,160,normal,common,1,95999,105964a7-88b7-4340-aa66-e908189a3638,0.01,false,false,near_mint,en,CAD,2025-10-16T21:38:39.851Z
Bloomburrow (BLB),binder,Cindering Cutthroat,BLB,Bloomburrow,208,normal,common,2,95820,b2ea10dd-21ea-4622-be27-79d03a802b85,0.03,false,false,near_mint,en,CAD,2024-08-02T03:24:15.518Z
Bloomburrow (BLB),binder,Early Winter,BLB,Bloomburrow,93,foil,common,1,95626,5030e6ac-211d-4145-8c87-998a8351a467,0.11,false,false,near_mint,en,CAD,2024-08-02T03:24:15.518Z
Bloomburrow (BLB),binder,Bakersbane Duo,BLB,Bloomburrow,163,normal,common,3,96035,5309354f-1ff4-4fa9-9141-01ea2f7588ab,0.01,false,false,near_mint,en,CAD,2024-08-05T04:27:26.467Z
Bloomburrow (BLB),binder,Steampath Charger,BLB,Bloomburrow,153,normal,common,1,95890,03bf1296-e347-4070-8c6f-5c362c2f9364,0.01,false,false,near_mint,en,CAD,2024-10-01T03:15:38.875Z
Bloomburrow (BLB),binder,Waterspout Warden,BLB,Bloomburrow,80,normal,common,2,95909,35898b39-98e2-405b-8f18-0e054bd2c29e,0.01,false,false,near_mint,en,CAD,2024-08-05T04:59:02.093Z
Bloomburrow (BLB),binder,Hazardroot Herbalist,BLB,Bloomburrow,174,normal,uncommon,1,96130,e2882982-b3a3-4762-a550-6b82db1038e8,0.01,false,false,near_mint,en,CAD,2024-08-05T04:59:02.093Z
Bloomburrow (BLB),binder,Valley Floodcaller,BLB,Bloomburrow,79,normal,rare,1,95876,90b12da0-f666-471d-95f5-15d8c9b31c92,1.44,false,false,near_mint,en,CAD,2024-08-02T03:44:42.419Z
Bloomburrow (BLB),binder,Dawn's Truce,BLB,Bloomburrow,9,normal,rare,1,95951,8f72bfa0-efef-48ce-aff8-d5818ed71ba6,4.16,false,false,near_mint,en,CAD,2024-08-05T04:59:02.093Z
Bloomburrow (BLB),binder,Nightwhorl Hermit,BLB,Bloomburrow,62,normal,common,3,95994,0928e04f-2568-41e8-b603-7a25cf5f94d0,0.03,false,false,near_mint,en,CAD,2024-08-02T03:33:56.855Z
Bloomburrow (BLB),binder,Season of the Burrow,BLB,Bloomburrow,29,normal,mythic,1,95907,33bf9c60-4e58-48a4-8e53-abef7ab3b671,2.78,false,false,near_mint,en,CAD,2024-08-02T03:33:56.855Z
Bloomburrow (BLB),binder,Scales of Shale,BLB,Bloomburrow,110,normal,common,1,95955,9ae14276-dbbd-4257-80e9-accd6c19f5b2,0.01,false,false,near_mint,en,CAD,2024-10-01T03:15:38.875Z
Bloomburrow (BLB),binder,Wear Down,BLB,Bloomburrow,203,normal,uncommon,1,95863,fded2b83-3b7d-4c8c-83c4-0624a1069628,0.07,false,false,near_mint,en,CAD,2025-09-23T00:30:59.473Z
Bloomburrow (BLB),binder,Festival of Embers,BLB,Bloomburrow,134,normal,rare,1,96023,4433ee12-2013-4fdc-979f-ae065f63a527,0.06,false,false,near_mint,en,CAD,2025-09-23T00:30:59.473Z
Bloomburrow (BLB),binder,Daggerfang Duo,BLB,Bloomburrow,89,normal,common,3,96468,cea2bb34-e328-44fb-918a-72208c9457e4,0.01,false,false,near_mint,en,CAD,2024-08-05T04:27:26.467Z
Bloomburrow (BLB),binder,Sazacap's Brew,BLB,Bloomburrow,151,normal,common,1,96330,6d963080-b3ec-467d-82f7-39db6ecd6bbc,0.01,false,false,near_mint,en,CAD,2024-08-05T04:59:02.093Z
Bloomburrow (BLB),binder,Beast,TBLC,Bloomburrow Commander Tokens,24,normal,common,2,96481,d93d0098-2147-4e84-af15-91dec8b98d21,0.06,false,false,near_mint,en,CAD,2025-10-19T01:16:50.450Z
Bloomburrow (BLB),binder,Longstalk Brawl,BLB,Bloomburrow,182,foil,common,1,95966,c7ef748c-b5e5-4e7d-bf2e-d3e6c08edb42,0.01,false,false,near_mint,en,CAD,2024-08-05T04:59:02.093Z
Bloomburrow (BLB),binder,Saproling,TBLC,Bloomburrow Commander Tokens,30,normal,common,4,96295,590abe94-9c71-4429-b1b5-8b5de877de03,0.04,false,false,near_mint,en,CAD,2025-10-19T01:16:50.450Z
Bloomburrow (BLB),binder,Brazen Collector,BLB,Bloomburrow,128,foil,uncommon,1,95873,78b55a58-c669-4dc6-aa63-5d9dff52e613,0.01,false,false,near_mint,en,CAD,2024-08-05T04:59:02.093Z
Bloomburrow (BLB),binder,Pond Prophet,BLB,Bloomburrow,229,normal,common,1,95861,fb959e74-61ea-453d-bb9f-ad0183c0e1b1,0.01,false,false,near_mint,en,CAD,2025-10-19T01:16:50.450Z
Bloomburrow (BLB),binder,Ms. Bumbleflower,BLC,Bloomburrow Commander,3,normal,mythic,1,95775,42bbedc1-6b83-46b4-8b3b-a4e05ce77d87,1.08,false,false,near_mint,en,CAD,2025-10-19T01:16:50.450Z
Bloomburrow (BLB),binder,Fountainport,BLB,Bloomburrow,253,normal,rare,1,96052,658cfcb7-81b7-48c6-9dd2-1663d06108cf,1.53,false,false,near_mint,en,CAD,2024-10-01T03:25:03.484Z
Bloomburrow (BLB),binder,Bat,TBLB,Bloomburrow Tokens,10,normal,common,1,96170,100c0127-49dd-4a78-9c88-1881e7923674,,false,false,near_mint,en,CAD,2024-08-05T04:59:02.093Z
Bloomburrow (BLB),binder,Valley Mightcaller,BLB,Bloomburrow,202,foil,rare,1,96057,7256451f-0122-452a-88e8-0fb0f6bea3f3,0.46,false,false,near_mint,en,CAD,2024-08-02T03:44:42.419Z
Bloomburrow (BLB),binder,"Alania, Divergent Storm",BLB,Bloomburrow,204,normal,rare,1,95776,436d6a84-4cea-4ca7-94aa-9d08280652af,0.01,false,false,near_mint,en,CAD,2024-08-05T04:59:02.093Z
Bloomburrow (BLB),binder,Vinereap Mentor,BLB,Bloomburrow,238,normal,uncommon,1,95902,29b615ba-45c4-42a1-8525-1535f0b55300,0.01,false,false,near_mint,en,CAD,2024-10-01T03:20:39.453Z
Bloomburrow (BLB),binder,Lilysplash Mentor,BLB,Bloomburrow,222,normal,uncommon,1,95789,64de7b1f-a03e-4407-91f1-e108a2f26735,0.03,false,false,near_mint,en,CAD,2024-08-05T04:59:02.093Z
Bloomburrow (BLB),binder,Starscape Cleric,BLB,Bloomburrow,116,normal,uncommon,2,96037,53a938a7-0154-4350-87cb-00da24ec3824,0.42,false,false,near_mint,en,CAD,2025-10-19T01:16:50.450Z
Bloomburrow (BLB),binder,"Glarb, Calamity's Augur",BLB,Bloomburrow,215,normal,mythic,1,95864,ffc70b2d-5a3a-49ea-97db-175a62248302,3.51,false,false,near_mint,en,CAD,2025-10-19T01:16:50.450Z
Bloomburrow (BLB),binder,Carrot Cake,BLB,Bloomburrow,7,normal,common,1,95636,eb03bb4f-8b4b-417e-bfc6-294cd2186b2e,0.01,false,false,near_mint,en,CAD,2025-10-16T21:38:39.851Z
Bloomburrow (BLB),binder,"Ral, Crackling Wit",BLB,Bloomburrow,341,normal,mythic,1,95805,8a74dbdd-5baa-4896-80d4-1a9743410d4c,8.32,false,false,near_mint,en,CAD,2024-08-05T04:59:02.093Z
Bloomburrow (BLB),binder,Patchwork Banner,BLB,Bloomburrow,247,normal,uncommon,1,96097,a8a982c8-bc08-44ba-b3ed-9e4b124615d6,3.76,false,false,near_mint,en,CAD,2024-10-01T03:20:39.453Z
Bloomburrow (BLB),binder,"Beza, the Bounding Spring",BLB,Bloomburrow,2,normal,mythic,2,95862,fc310a26-b6a0-4e42-98ab-bdfd7b06cb63,5.19,false,false,near_mint,en,CAD,2024-08-05T04:59:02.093Z
Bloomburrow (BLB),binder,Warren Elder,BLB,Bloomburrow,37,normal,common,3,96030,4bf20069-5a20-4f95-976b-6af2b69f3ad0,0.03,false,false,near_mint,en,CAD,2024-08-02T03:24:15.518Z
Bloomburrow (BLB),binder,Lifecreed Duo,BLB,Bloomburrow,20,normal,common,3,95968,ca543405-5e12-48a0-9a77-082ac9bcb2f2,0.01,false,false,near_mint,en,CAD,2024-08-05T04:59:02.093Z
Bloomburrow (BLB),binder,Uncharted Haven,BLB,Bloomburrow,261,normal,common,2,96053,68b90f54-d629-4126-82cc-13b51d6c1c3e,0.01,false,false,near_mint,en,CAD,2024-08-05T04:59:02.093Z
Bloomburrow (BLB),binder,Forest,BLB,Bloomburrow,278,foil,common,2,95855,f791876a-f3fb-45b8-90a9-af846d8b8f74,0.2,false,false,near_mint,en,CAD,2024-08-02T03:44:42.419Z
Bloomburrow (BLB),binder,Short Bow,BLB,Bloomburrow,248,normal,uncommon,1,96281,51d8b72b-fa8f-48d3-bddc-d3ce9b8ba2ea,0.01,false,false,near_mint,en,CAD,2024-10-01T03:20:39.453Z
Bloomburrow (BLB),binder,Druid of the Spade,BLB,Bloomburrow,170,normal,common,2,96054,6b485cf7-bad0-4824-9ba7-cb112ce4769f,0.01,false,false,near_mint,en,CAD,2024-08-05T04:59:02.093Z
Bloomburrow (BLB),binder,Finch Formation,BLB,Bloomburrow,50,normal,common,4,95899,1c671eab-d1ef-4d79-94eb-8b85f0d18699,0.01,false,false,near_mint,en,CAD,2024-08-05T04:59:02.093Z
Bloomburrow (BLB),binder,Intrepid Rabbit,TBLB,Bloomburrow Tokens,2,normal,common,1,96254,3b1cd58d-c0bc-48e5-b6fa-fb222fba77ab,,false,false,near_mint,en,CAD,2024-08-05T04:59:02.093Z
Bloomburrow (BLB),binder,Thought Shucker,BLB,Bloomburrow,77,normal,common,2,95916,44b0d83b-cc41-4f82-892c-ef6d3293228a,0.01,false,false,near_mint,en,CAD,2024-08-05T04:59:02.093Z
Bloomburrow (BLB),binder,Plains,BLB,Bloomburrow,265,foil,common,1,95745,11a94c04-b6d3-4118-b252-5146eedae4e8,0.95,false,false,near_mint,en,CAD,2025-09-23T00:30:59.473Z
Bloomburrow (BLB),binder,Tempest Angler,BLB,Bloomburrow,235,normal,common,1,95803,850daae4-f0b7-4604-95e7-ad044ec165c3,0.01,false,false,near_mint,en,CAD,2024-10-01T03:15:38.875Z
Bloomburrow (BLB),binder,"Kastral, the Windcrested",BLB,Bloomburrow,335,foil,rare,1,95796,75a84790-665b-4a23-a00f-84d1009e3d28,0.7,false,false,near_mint,en,CAD,2025-09-21T15:47:57.216Z
Bloomburrow (BLB),binder,Island,BLB,Bloomburrow,268,foil,common,1,95772,408eb23f-13fa-4f98-b316-18e3057f9136,0.2,false,false,near_mint,en,CAD,2024-10-01T03:22:27.745Z
Bloomburrow (BLB),binder,Treasure,TBLB,Bloomburrow Tokens,29,normal,common,5,96541,ff0357fb-d90c-49c7-b16a-8b52ac686c3b,0.14,false,false,near_mint,en,CAD,2025-10-19T01:16:50.450Z
Bloomburrow (BLB),binder,Bandit's Talent,BLB,Bloomburrow,83,normal,uncommon,1,95917,485dc8d8-9e44-4a0f-9ff6-fa448e232290,0.21,false,false,near_mint,en,CAD,2024-08-02T03:33:56.855Z
Bloomburrow (BLB),binder,Sonar Strike,BLB,Bloomburrow,32,normal,common,3,96093,a50da179-751f-47a8-a547-8c4a291ed381,0.03,false,false,near_mint,en,CAD,2024-08-02T03:44:42.419Z
Bloomburrow (BLB),binder,Rust-Shield Rampager,TBLB,Bloomburrow Tokens,22,normal,common,1,96500,e2dd6325-e3d8-4816-ac52-8838c12b4922,0.01,false,false,near_mint,en,CAD,2024-10-01T03:25:03.484Z
Bloomburrow (BLB),binder,Whiskerquill Scribe,BLB,Bloomburrow,161,normal,common,1,96124,da653996-9bd4-40bd-afb4-48c7e070a269,0.01,false,false,near_mint,en,CAD,2025-10-16T21:38:39.851Z
Bloomburrow (BLB),binder,Knightfisher,BLB,Bloomburrow,55,foil,uncommon,1,95967,c7fb7f4f-2153-4527-8f11-adbf508d3533,0.01,false,false,near_mint,en,CAD,2024-10-01T03:20:39.453Z
Bloomburrow (BLB),binder,Treeguard Duo,BLB,Bloomburrow,200,normal,common,1,96077,89c8456e-c971-42b7-abf3-ff5ae1320abe,0.01,false,false,near_mint,en,CAD,2024-10-01T03:15:38.875Z
Bloomburrow (BLB),binder,Intrepid Rabbit,BLB,Bloomburrow,17,normal,common,2,96276,4d70b99d-c8bf-4a56-8957-cf587fe60b81,0.01,false,false,near_mint,en,CAD,2024-08-05T04:59:02.093Z
Bloomburrow (BLB),binder,Cruelclaw's Heist,BLB,Bloomburrow,88,normal,rare,2,96121,cab4539a-0157-4cbe-b50f-6e2575df74e9,0.36,false,false,near_mint,en,CAD,2024-08-05T04:27:26.467Z
Bloomburrow (BLB),binder,Jolly Gerbils,BLB,Bloomburrow,19,normal,uncommon,2,96167,0eab51d6-ba17-4a8c-8834-25db363f2b6b,0.01,false,false,near_mint,en,CAD,2025-10-16T21:38:39.851Z
Bloomburrow (BLB),binder,Stocking the Pantry,BLB,Bloomburrow,194,normal,uncommon,1,96033,50e95c7b-f0b2-4276-8c5e-4191b7ba35d1,0.01,false,false,near_mint,en,CAD,2024-10-01T03:20:39.453Z
Bloomburrow (BLB),binder,Blooming Blast,BLB,Bloomburrow,126,normal,uncommon,2,95996,0cd92a83-cec3-4085-a929-3f204e3e0140,0.01,false,false,near_mint,en,CAD,2024-10-01T03:20:39.453Z
Bloomburrow (BLB),binder,Conduct Electricity,BLB,Bloomburrow,130,normal,common,2,95906,2f373dd6-2412-453c-85ba-10230dfe473a,0.04,false,false,near_mint,en,CAD,2024-08-02T03:33:56.855Z
Bloomburrow (BLB),binder,Star Charter,BLB,Bloomburrow,33,normal,uncommon,1,95894,0e209237-00f7-4bf0-8287-ccde02ce8e8d,0.01,false,false,near_mint,en,CAD,2024-08-05T04:59:02.093Z
Bloomburrow (BLB),binder,"Clement, the Worrywort",BLB,Bloomburrow,209,normal,rare,1,95794,7028130c-c91d-4bf7-b0b0-450f71107d7a,0.07,false,false,near_mint,en,CAD,2025-10-16T21:38:39.851Z
Bloomburrow (BLB),binder,Mind Spiral,BLB,Bloomburrow,59,foil,common,1,96068,7e24fe6a-607b-49b8-9fca-cecb1e40de7f,0.01,false,false,near_mint,en,CAD,2024-10-01T03:15:38.875Z
Bloomburrow (BLB),binder,Shore Up,BLB,Bloomburrow,69,normal,common,2,96277,4dc3b49e-3674-494c-bdea-4374cefd10f4,0.01,false,false,near_mint,en,CAD,2024-08-05T04:59:02.093Z
Bloomburrow (BLB),binder,Veteran Guardmouse,BLB,Bloomburrow,237,normal,common,1,95771,3db43c46-b616-4ef8-80ed-0fab345ab3d0,0.01,false,false,near_mint,en,CAD,2024-10-01T03:15:38.875Z
Bloomburrow (BLB),binder,Wick's Patrol,BLB,Bloomburrow,121,normal,uncommon,2,95926,5fa0c53d-fe7b-4b8b-ad81-7967ca318ff7,0.01,false,false,near_mint,en,CAD,2024-08-05T04:27:26.467Z
Bloomburrow (BLB),binder,Fountainport Bell,BLB,Bloomburrow,245,normal,common,2,96094,a5c94bc0-a49d-451b-8e8d-64d46b8b8603,0.01,false,false,near_mint,en,CAD,2024-08-05T04:59:02.093Z
Bloomburrow (BLB),binder,Mind Drill Assailant,BLB,Bloomburrow,225,foil,common,1,95783,507ba708-ca9b-453e-b4c2-23b6650eb5a8,0.01,false,false,near_mint,en,CAD,2025-09-23T00:30:59.473Z
Bloomburrow (BLB),binder,Galewind Moose,BLB,Bloomburrow,173,normal,uncommon,1,95871,58706bd8-558a-43b9-9f1e-c1ff0044203b,0.12,false,false,near_mint,en,CAD,2024-08-02T03:24:15.518Z
Bloomburrow (BLB),binder,Beast,TBLC,Bloomburrow Commander Tokens,25,normal,common,2,96493,df60cd9d-44f3-41d3-8ed3-b511bdee3fc6,0.13,false,false,near_mint,en,CAD,2025-10-19T01:16:50.450Z
Bloomburrow (BLB),binder,Brambleguard Captain,BLB,Bloomburrow,127,normal,uncommon,1,95883,e200b8bf-f2f3-4157-8e04-02baf07a963e,0.01,false,false,near_mint,en,CAD,2024-10-01T03:20:39.453Z
Bloomburrow (BLB),binder,Splash Portal,BLB,Bloomburrow,74,normal,uncommon,1,95958,adbaa356-28ba-487f-930a-a957d9960ab0,0.14,false,false,near_mint,en,CAD,2025-10-19T01:16:50.450Z
Bloomburrow (BLB),binder,Plains,BLB,Bloomburrow,262,normal,common,3,95768,3663ff0c-d02f-49ac-bb88-6f0dbd684337,0.07,false,false,near_mint,en,CAD,2024-08-02T03:33:56.855Z
Bloomburrow (BLB),binder,Peerless Recycling,BLB,Bloomburrow,188,normal,uncommon,3,95925,5f72466c-505b-4371-9366-0fde525a37e6,0.06,false,false,near_mint,en,CAD,2024-08-02T03:24:15.518Z
Bloomburrow (BLB),binder,Heaped Harvest,BLB,Bloomburrow,175,normal,common,3,96255,3b5349db-0e0a-4b15-886e-0db403ef49cb,0.01,false,false,near_mint,en,CAD,2024-08-05T04:27:26.467Z
Bloomburrow (BLB),binder,Forest,BLB,Bloomburrow,278,normal,common,1,95855,f791876a-f3fb-45b8-90a9-af846d8b8f74,0.06,false,false,near_mint,en,CAD,2024-08-05T04:27:26.467Z
Bloomburrow (BLB),binder,Tangle Tumbler,BLB,Bloomburrow,250,normal,uncommon,1,96010,258ef349-5042-4992-bae9-9f8f54b55db0,0.01,false,false,near_mint,en,CAD,2024-10-01T03:20:39.453Z
Bloomburrow (BLB),binder,Rottenmouth Viper,BLB,Bloomburrow,107,normal,mythic,1,96058,735e79b1-a3a9-4ddf-8bbc-f756c8a0452b,8.1,false,false,near_mint,en,CAD,2024-10-01T03:25:03.484Z
Bloomburrow (BLB),binder,Long River Lurker,BLB,Bloomburrow,57,normal,uncommon,1,95941,7c267719-cd03-4003-b281-e732d5e42a1e,0.12,false,false,near_mint,en,CAD,2024-08-02T03:24:15.518Z
Bloomburrow (BLB),binder,Island,BLB,Bloomburrow,268,normal,common,1,95772,408eb23f-13fa-4f98-b316-18e3057f9136,0.25,false,false,near_mint,en,CAD,2024-08-02T03:24:15.518Z
Bloomburrow (BLB),binder,Stormcatch Mentor,BLB,Bloomburrow,234,normal,uncommon,1,95813,99754055-6d67-4fde-aff3-41f6af6ea764,0.28,false,false,near_mint,en,CAD,2024-08-02T03:33:56.855Z
Bloomburrow (BLB),binder,Parting Gust,BLB,Bloomburrow,24,normal,uncommon,2,95744,1086e826-94b8-4398-8a38-d8eacca56a43,0.31,false,false,near_mint,en,CAD,2024-08-05T04:59:02.093Z
Bloomburrow (BLB),binder,Consumed by Greed,BLB,Bloomburrow,87,normal,uncommon,1,95884,e50acc41-3517-42db-b1d3-1bdfd7294d84,0.01,false,false,near_mint,en,CAD,2025-10-16T21:38:39.851Z
Bloomburrow (BLB),binder,Huskburster Swarm,BLB,Bloomburrow,98,foil,uncommon,1,95978,ed2f61d7-4eb0-41c5-8a34-a0793c2abc51,0.01,false,false,near_mint,en,CAD,2024-10-01T03:20:39.453Z
Bloomburrow (BLB),binder,Nettle Guard,BLB,Bloomburrow,23,foil,common,1,95949,8c9c3cc3-2aa2-453e-a17c-2baeeaabe0a9,0.01,false,false,near_mint,en,CAD,2024-08-05T04:59:02.093Z
Bloomburrow (BLB),binder,Wandertale Mentor,BLB,Bloomburrow,240,normal,uncommon,2,95808,8c399a55-d02e-41ed-b827-8784b738c118,0.01,false,false,near_mint,en,CAD,2024-08-05T04:59:02.093Z
Bloomburrow (BLB),binder,Season of Gathering,BLB,Bloomburrow,192,normal,mythic,1,95936,71dd3c27-e0d5-434e-a0f3-4a95245e21c2,4.04,false,false,near_mint,en,CAD,2024-09-30T03:19:45.043Z
Bloomburrow (BLB),binder,Scavenger's Talent,BLB,Bloomburrow,111,normal,rare,1,96084,9a52b7fe-87ae-425b-85fd-b24e6e0395f1,0.86,false,false,near_mint,en,CAD,2024-08-02T03:44:42.419Z
Bloomburrow (BLB),binder,Bark-Knuckle Boxer,BLB,Bloomburrow,164,normal,uncommon,2,95921,582637a9-6aa0-4824-bed7-d5fc91bda35e,0.04,false,false,near_mint,en,CAD,2024-08-05T04:27:26.467Z
Bloomburrow (BLB),binder,Brave-Kin Duo,BLB,Bloomburrow,3,normal,common,1,95824,b8dd4693-424d-4d6e-86cf-24401a23d6b1,0.01,false,false,near_mint,en,CAD,2024-08-05T04:59:02.093Z
Bloomburrow (BLB),binder,Manifold Mouse,BLB,Bloomburrow,143,normal,rare,1,95881,db3832b5-e83f-4569-bd49-fb7b86fa2d47,0.12,false,false,near_mint,en,CAD,2024-08-05T04:59:02.093Z
Bloomburrow (BLB),binder,Blooming Blast,BLB,Bloomburrow,126,foil,uncommon,1,95996,0cd92a83-cec3-4085-a929-3f204e3e0140,0.04,false,false,near_mint,en,CAD,2025-09-21T15:47:57.216Z
Bloomburrow (BLB),binder,"Ygra, Eater of All",BLB,Bloomburrow,241,normal,mythic,1,95825,b9ac7673-eae8-4c4b-889e-5025213a6151,18.87,false,false,near_mint,en,CAD,2024-10-01T03:25:03.484Z
Bloomburrow (BLB),binder,Finch Formation,BLB,Bloomburrow,50,foil,common,1,95899,1c671eab-d1ef-4d79-94eb-8b85f0d18699,0.01,false,false,near_mint,en,CAD,2024-08-05T04:59:02.093Z
Bloomburrow (BLB),binder,Lupinflower Village,BLB,Bloomburrow,256,normal,uncommon,2,95634,8ab9d56f-9178-4ec9-a5f6-b934f50d8d9d,0.03,false,false,near_mint,en,CAD,2024-10-01T03:20:39.453Z
Bloomburrow (BLB),binder,"Finneas, Ace Archer",BLB,Bloomburrow,212,normal,rare,1,95741,0dee197d-c313-4364-b52c-f83d5f579bc3,0.04,false,false,near_mint,en,CAD,2024-10-01T03:25:03.484Z
Bloomburrow (BLB),binder,Tender Wildguide,TBLB,Bloomburrow Tokens,24,normal,common,1,95804,88fb4e41-7ce4-45ca-b365-fcde289ffe8c,0.14,false,false,near_mint,en,CAD,2025-10-19T01:16:50.450Z
Bloomburrow (BLB),binder,Brambleguard Veteran,BLB,Bloomburrow,165,normal,uncommon,1,95880,bac9f6f8-6797-4580-9fc4-9a825872e017,0.01,false,false,near_mint,en,CAD,2024-10-01T03:20:39.453Z
Bloomburrow (BLB),binder,For the Common Good,BLB,Bloomburrow,321,normal,rare,1,96046,60d1e35e-f5c8-422d-83d2-839ab7766f25,1.04,false,false,near_mint,en,CAD,2024-08-02T03:24:15.518Z
Bloomburrow (BLB),binder,Agate Assault,BLB,Bloomburrow,122,normal,common,2,96066,7dd9946b-515e-4e0d-9da2-711e126e9fa6,0.04,false,false,near_mint,en,CAD,2024-08-02T03:44:42.419Z
Bloomburrow (BLB),binder,Ravine Raider,BLB,Bloomburrow,106,normal,common,6,96370,874510be-7ecd-4eff-abad-b9594eb4821a,0.02,false,false,near_mint,en,CAD,2024-08-02T03:33:56.855Z
Bloomburrow (BLB),binder,Frilled Sparkshooter,BLB,Bloomburrow,136,normal,common,2,95934,674bbd6d-e329-42cf-963d-88d1ce8fe51e,0.01,false,false,near_mint,en,CAD,2024-10-01T03:15:38.875Z
Bloomburrow (BLB),binder,Eddymurk Crab,BLB,Bloomburrow,48,foil,uncommon,1,96132,e6d45abe-4962-47d9-a54e-7e623ea8647c,0.01,false,false,near_mint,en,CAD,2024-10-01T03:20:39.453Z
Bloomburrow (BLB),binder,Crumb and Get It,BLB,Bloomburrow,8,normal,common,3,96259,3c7b3b25-d4b3-4451-9f5c-6eb369541175,0.01,false,false,near_mint,en,CAD,2024-08-05T04:59:02.093Z
Bloomburrow (BLB),binder,Lightshell Duo,BLB,Bloomburrow,56,normal,common,1,95905,2f00c834-b4a9-45b8-bb3f-22c2a42314a0,0.01,false,false,near_mint,en,CAD,2024-10-01T03:15:38.875Z
Bloomburrow (BLB),binder,High Stride,BLB,Bloomburrow,176,normal,common,4,96153,09c8cf4b-8e65-4a1c-b458-28b5ab56b390,0.02,false,false,near_mint,en,CAD,2024-08-02T03:44:42.419Z
Bloomburrow (BLB),binder,Swamp,BLB,Bloomburrow,270,foil,common,1,95860,faa54bef-c90e-4e9b-b94b-942ea829e0d2,0.14,false,false,near_mint,en,CAD,2024-10-01T03:22:27.745Z
Bloomburrow (BLB),binder,Tidecaller Mentor,BLB,Bloomburrow,236,normal,uncommon,1,95859,fa10ffac-7cc2-41ef-b8a0-9431923c0542,0.01,false,false,near_mint,en,CAD,2024-10-01T03:20:39.453Z
Bloomburrow (BLB),binder,Mind Drill Assailant,BLB,Bloomburrow,225,normal,common,4,95783,507ba708-ca9b-453e-b4c2-23b6650eb5a8,0.01,false,false,near_mint,en,CAD,2024-08-05T04:59:02.093Z
Bloomburrow (BLB),binder,Thornplate Intimidator,BLB,Bloomburrow,117,normal,common,3,96019,42f66c4a-feaa-4ba6-aa56-955b43329a9e,0.03,false,false,near_mint,en,CAD,2024-08-02T03:44:42.419Z
Bloomburrow (BLB),binder,Bushy Bodyguard,BLB,Bloomburrow,166,normal,uncommon,1,95997,0de60cf7-fa82-4b6f-9f88-6590fba5c863,0.12,false,false,near_mint,en,CAD,2024-08-02T03:44:42.419Z
Bloomburrow (BLB),binder,Moonrise Cleric,BLB,Bloomburrow,226,normal,common,2,95767,35f2a71f-31e8-4b51-9dd4-51a5336b3b86,0.04,false,false,near_mint,en,CAD,2024-08-02T03:33:56.855Z
Bloomburrow (BLB),binder,Polliwallop,BLB,Bloomburrow,189,normal,common,2,95935,6bc4963c-d90b-4588-bdb7-85956e42a623,0.01,false,false,near_mint,en,CAD,2024-10-01T03:15:38.875Z
Bloomburrow (BLB),binder,Corpseberry Cultivator,BLB,Bloomburrow,210,normal,common,2,95829,c911a759-ed7b-452b-88a3-663478357610,0.01,false,false,near_mint,en,CAD,2024-08-05T04:27:26.467Z
Bloomburrow (BLB),binder,Run Away Together,BLB,Bloomburrow,67,normal,common,2,95799,7cb7ec70-a5a4-4188-ba1a-e88b81bdbad0,0.04,false,false,near_mint,en,CAD,2024-08-02T03:24:15.518Z
Bloomburrow (BLB),binder,City's Blessing,TBLC,Bloomburrow Commander Tokens,40,normal,common,1,96236,30758c2e-fc01-4037-838c-bdabe8a4e5a3,0.11,false,false,near_mint,en,CAD,2025-10-19T01:16:50.450Z
Bloomburrow (BLB),binder,Tender Wildguide,BLB,Bloomburrow,196,normal,rare,1,95792,6b8bfa91-adb0-4596-8c16-d8bb64fdb26d,0.15,false,false,near_mint,en,CAD,2024-10-03T03:45:59.802Z
Bloomburrow (BLB),binder,Dewdrop Cure,BLB,Bloomburrow,10,normal,uncommon,2,95932,666aefc2-44e0-4c27-88d5-7906f245a71f,0.07,false,false,near_mint,en,CAD,2024-08-05T04:59:02.093Z
Bloomburrow (BLB),binder,Clifftop Lookout,BLB,Bloomburrow,168,foil,uncommon,3,95931,662d3bcc-65f3-4c69-8ea1-446870a1193d,0.12,false,false,near_mint,en,CAD,2024-08-05T04:27:26.467Z
Bloomburrow (BLB),binder,Hivespine Wolverine,BLB,Bloomburrow,177,normal,uncommon,1,95943,821970a3-a291-4fe9-bb13-dfc54f9c3caf,0.01,false,false,near_mint,en,CAD,2024-10-01T03:20:39.453Z
Bloomburrow (BLB),binder,Driftgloom Coyote,BLB,Bloomburrow,11,normal,uncommon,1,95969,d7ab2de3-3aea-461a-a74f-fb742cf8a198,0.12,false,false,near_mint,en,CAD,2024-08-02T03:24:15.518Z
Bloomburrow (BLB),binder,Mountain,BLB,Bloomburrow,274,normal,common,2,91708,c1bba8fb-d763-4efa-8db1-e5e81994b5f9,0.09,false,false,near_mint,en,CAD,2024-08-05T04:59:02.093Z
Bloomburrow (BLB),binder,Longstalk Brawl,BLB,Bloomburrow,182,normal,common,4,95966,c7ef748c-b5e5-4e7d-bf2e-d3e6c08edb42,0.01,false,false,near_mint,en,CAD,2024-08-05T04:27:26.467Z
Bloomburrow (BLB),binder,Coruscation Mage,BLB,Bloomburrow,131,normal,uncommon,1,95972,dc2c1de0-6233-469a-be72-a050b97d2c8f,0.4,false,false,near_mint,en,CAD,2025-09-23T00:30:59.473Z
Bloomburrow (BLB),binder,Clifftop Lookout,BLB,Bloomburrow,168,normal,uncommon,2,95931,662d3bcc-65f3-4c69-8ea1-446870a1193d,0.07,false,false,near_mint,en,CAD,2024-08-05T04:27:26.467Z
Bloomburrow (BLB),binder,Festival of Embers,BLB,Bloomburrow,316,normal,rare,1,95990,02134775-9c86-4f1a-af2e-5c1f531038fe,0.14,false,false,near_mint,en,CAD,2024-10-01T03:25:03.484Z
Bloomburrow (BLB),binder,Moonstone Harbinger,BLB,Bloomburrow,101,normal,uncommon,1,95922,59e4aa8d-1d06-48db-b205-aa2f1392bbcb,0.12,false,false,near_mint,en,CAD,2024-08-02T03:44:42.419Z
Bloomburrow (BLB),binder,Diresight,BLB,Bloomburrow,91,normal,common,4,95985,fada29c0-5293-40a4-b36d-d073ee99e650,0.04,false,false,near_mint,en,CAD,2024-08-02T03:24:15.518Z
Bloomburrow (BLB),binder,Early Winter,BLB,Bloomburrow,93,normal,common,1,95626,5030e6ac-211d-4145-8c87-998a8351a467,0.01,false,false,near_mint,en,CAD,2024-10-01T03:20:39.453Z
Bloomburrow (BLB),binder,Scavenger's Talent,BLB,Bloomburrow,111,foil,rare,1,96084,9a52b7fe-87ae-425b-85fd-b24e6e0395f1,0.7,false,false,near_mint,en,CAD,2025-10-16T21:38:39.851Z
Bloomburrow (BLB),binder,Fireglass Mentor,BLB,Bloomburrow,213,foil,uncommon,1,95823,b78fbaa3-c580-4290-9c28-b74169aab2fc,0.08,false,false,near_mint,en,CAD,2025-10-19T01:16:50.450Z
Bloomburrow (BLB),binder,Swamp,BLB,Bloomburrow,270,normal,common,1,95860,faa54bef-c90e-4e9b-b94b-942ea829e0d2,0.07,false,false,near_mint,en,CAD,2024-10-01T03:22:27.745Z
Bloomburrow (BLB),binder,Rust-Shield Rampager,BLB,Bloomburrow,190,normal,common,1,96117,c96b01f5-83de-4237-a68d-f946c53e31a6,0.07,false,false,near_mint,en,CAD,2024-08-02T03:24:15.518Z
Bloomburrow (BLB),binder,Huskburster Swarm,BLB,Bloomburrow,98,normal,uncommon,4,95978,ed2f61d7-4eb0-41c5-8a34-a0793c2abc51,0.02,false,false,near_mint,en,CAD,2024-08-05T04:27:26.467Z
Bloomburrow (BLB),binder,Spellgyre,BLB,Bloomburrow,72,normal,uncommon,3,96139,f6f6620a-1d40-429d-9a0c-aaeb62adaa71,0.07,false,false,near_mint,en,CAD,2024-08-02T03:33:56.855Z
Bloomburrow (BLB),binder,Junkblade Bruiser,BLB,Bloomburrow,220,normal,common,3,95810,918fd89b-5ab7-4ae2-920c-faca5e9da7b9,0.01,false,false,near_mint,en,CAD,2024-08-05T04:59:02.093Z
Bloomburrow (BLB),binder,Hop to It,BLB,Bloomburrow,16,foil,uncommon,1,95851,ee7207f8-5daa-42af-aeea-7a489047110b,0.12,false,false,near_mint,en,CAD,2024-08-02T03:33:56.855Z
Bloomburrow (BLB),binder,Savor,BLB,Bloomburrow,109,normal,common,3,96178,1397f689-dca1-4d35-864b-92c5606afb9a,0.01,false,false,near_mint,en,CAD,2024-08-05T04:27:26.467Z
Bloomburrow (BLB),binder,Stickytongue Sentinel,BLB,Bloomburrow,193,normal,common,3,96105,b5fa9651-b217-4f93-9c46-9bdb11feedcb,0.01,false,false,near_mint,en,CAD,2024-08-05T04:27:26.467Z
Bloomburrow (BLB),binder,Take Out the Trash,BLB,Bloomburrow,156,normal,common,4,95940,7a1c6f00-af4c-4d35-b682-6c0e759df9a5,0.01,false,false,near_mint,en,CAD,2024-08-05T04:59:02.093Z
Bloomburrow (BLB),binder,Glidedive Duo,BLB,Bloomburrow,96,normal,common,3,96026,4831e7ae-54e3-4bd9-b5af-52dc29f81715,0.01,false,false,near_mint,en,CAD,2024-08-05T04:27:26.467Z
Bloomburrow (BLB),binder,Fell,BLB,Bloomburrow,95,normal,uncommon,1,95830,c96ac326-de44-470b-a592-a4c2a052c091,0.18,false,false,near_mint,en,CAD,2024-10-01T03:20:39.453Z
Bloomburrow (BLB),binder,Hamster,TBLC,Bloomburrow Commander Tokens,22,normal,common,3,96337,711274ae-1a4e-491c-aa71-b2d29c890578,0.11,false,false,near_mint,en,CAD,2025-10-19T01:16:50.450Z
Bloomburrow (BLB),binder,Calamitous Tide,BLB,Bloomburrow,43,normal,uncommon,2,96003,178bc8b2-ffa0-4549-aead-aacb3db3cf19,0.01,false,false,near_mint,en,CAD,2024-08-05T04:59:02.093Z
Bloomburrow (BLB),binder,Daring Waverider,BLB,Bloomburrow,44,normal,uncommon,2,95896,19422406-0c1a-497e-bed1-708bc556491a,0.01,false,false,near_mint,en,CAD,2024-08-05T04:59:02.093Z
Bloomburrow (BLB),binder,Nettle Guard,BLB,Bloomburrow,23,normal,common,2,95949,8c9c3cc3-2aa2-453e-a17c-2baeeaabe0a9,0.01,false,false,near_mint,en,CAD,2024-08-05T04:59:02.093Z
Bloomburrow (BLB),binder,Valley Flamecaller,BLB,Bloomburrow,158,normal,rare,1,96091,a0812db4-b7d1-4cf7-aaa5-9c0e784079a1,0.12,false,false,near_mint,en,CAD,2024-10-01T03:25:03.484Z
Bloomburrow (BLB),binder,Island,BLB,Bloomburrow,266,normal,common,2,95743,106a5332-0104-4ec9-9e1f-806381ae4cad,0.06,false,false,near_mint,en,CAD,2024-08-05T04:59:02.093Z
Bloomburrow (BLB),binder,Blacksmith's Talent,BLB,Bloomburrow,125,normal,uncommon,1,96029,4bb318fa-481d-40a7-978e-f01b49101ae0,0.01,false,false,near_mint,en,CAD,2024-08-05T04:59:02.093Z
Bloomburrow (BLB),binder,Mountain,BLB,Bloomburrow,275,foil,common,1,91698,02244055-cbeb-4074-9482-42ec20721312,0.12,false,false,near_mint,en,CAD,2024-08-05T04:59:02.093Z
Bloomburrow (BLB),binder,"Kastral, the Windcrested",BLB,Bloomburrow,221,normal,rare,1,95850,ebf68793-22a2-4a59-9d37-6791584edca1,0.11,false,false,near_mint,en,CAD,2025-10-19T01:16:50.450Z
Bloomburrow (BLB),binder,Hazel's Nocturne,BLB,Bloomburrow,97,normal,uncommon,3,96009,239363df-4de8-4b64-80fc-a1f4b5c36027,0.01,false,false,near_mint,en,CAD,2024-08-05T04:27:26.467Z
Bloomburrow (BLB),binder,Fecund Greenshell,BLB,Bloomburrow,171,normal,rare,2,96071,80b3e815-0e2e-4325-b1d5-5531b7b92da6,0.19,false,false,near_mint,en,CAD,2024-08-05T04:27:26.467Z
Bloomburrow (BLB),binder,Rabbit,TBLB,Bloomburrow Tokens,3,normal,common,2,95801,81de52ef-7515-4958-abea-fb8ebdcef93c,,false,false,near_mint,en,CAD,2024-08-02T03:44:42.419Z
Bloomburrow (BLB),binder,Shrike Force,BLB,Bloomburrow,31,normal,uncommon,2,95763,306fec2c-d8b7-4f4b-8f58-10e3b9f3158f,0.01,false,false,near_mint,en,CAD,2024-10-01T03:20:39.453Z
Bloomburrow (BLB),binder,Head of the Homestead,BLB,Bloomburrow,216,normal,common,2,95762,2fc20157-edd3-484d-8864-925c071c0551,0.01,false,false,near_mint,en,CAD,2024-08-05T04:59:02.093Z
Bloomburrow (BLB),binder,Cat,TBLC,Bloomburrow Commander Tokens,26,normal,common,2,96202,21450a75-26ec-4344-bebc-d55c2cf3fc1c,0.14,false,false,near_mint,en,CAD,2025-10-19T01:16:50.450Z
Bloomburrow (BLB),binder,Azure Beastbinder,BLB,Bloomburrow,302,foil,rare,1,96138,f493ef3c-673b-4e70-b957-0ee7b6d38216,0.56,false,false,near_mint,en,CAD,2024-08-05T04:59:02.093Z
Bloomburrow (BLB),binder,"Muerra, Trash Tactician",BLB,Bloomburrow,227,normal,rare,1,95821,b40e4658-fd68-46d0-9a89-25570a023d19,0.04,false,false,near_mint,en,CAD,2026-08-01T16:54:36.254Z
Bloomburrow (BLB),binder,Darkstar Augur,BLB,Bloomburrow,90,normal,rare,1,95898,1c603751-1e2b-4c8e-a8d2-5c0876e7254f,0.41,false,false,near_mint,en,CAD,2026-08-01T16:54:36.255Z
Bloomburrow (BLB),binder,Fountainport Bell,BLB,Bloomburrow,245,foil,common,1,96094,a5c94bc0-a49d-451b-8e8d-64d46b8b8603,0.01,false,false,near_mint,en,CAD,2026-08-01T16:54:36.256Z
Bloomburrow (BLB),binder,Shoreline Looter,BLB,Bloomburrow,70,normal,uncommon,1,95837,d5bf8cf0-419a-4dc9-9342-aad55c1af05a,0.13,false,false,near_mint,en,CAD,2026-08-01T16:54:36.258Z
Bloomburrow (BLB),binder,Roughshod Duo,BLB,Bloomburrow,150,normal,common,1,96343,78cdcfb9-a247-4c2d-a098-5b57570f8cd5,0.01,false,false,near_mint,en,CAD,2026-08-01T16:54:36.263Z
Bloomburrow (BLB),binder,Hidden Grotto,BLB,Bloomburrow,254,normal,common,1,95918,4ba8f2e7-8357-4862-97dc-1942d066023a,0.01,false,false,near_mint,en,CAD,2026-08-01T16:54:36.265Z
Bloomburrow (BLB),binder,Dazzling Denial,BLB,Bloomburrow,45,normal,common,1,96369,8739f1ac-2e57-4b52-a7ff-cc8df5936aad,0.01,false,false,near_mint,en,CAD,2026-08-01T16:54:36.266Z
Bloomburrow (BLB),binder,Whiskervale Forerunner,BLB,Bloomburrow,40,normal,rare,1,95927,60a78d59-af31-4af9-95aa-2573fe553925,0.04,false,false,near_mint,en,CAD,2026-08-01T16:54:36.268Z
Bloomburrow (BLB),binder,Starscape Cleric,BLB,Bloomburrow,116,foil,uncommon,1,96037,53a938a7-0154-4350-87cb-00da24ec3824,1.4,false,false,near_mint,en,CAD,2026-08-01T16:54:36.269Z
Bloomburrow (BLB),binder,Psychic Whorl,BLB,Bloomburrow,105,normal,common,1,96127,df900308-8432-4a0a-be21-17482026012b,0.01,false,false,near_mint,en,CAD,2026-08-01T16:54:36.279Z
Duskmourn (DSK),binder,Manifest Dread,DSK,Duskmourn: House of Horror,189,normal,common,1,98994,a649265b-6c32-49e7-b6cb-6086c40d26e8,0.01,false,false,near_mint,en,CAD,2024-10-18T02:15:47.556Z
Duskmourn (DSK),binder,Hauntwoods Shrieker,DSK,Duskmourn: House of Horror,182,normal,mythic,1,98638,744ef0bc-9973-450e-a0c4-056d8244f357,2.76,false,false,near_mint,en,CAD,2024-10-18T02:15:47.556Z
Duskmourn (DSK),binder,Clockwork Percussionist,DSK,Duskmourn: House of Horror,130,normal,common,1,98695,10986e5a-9fc6-41e2-8352-289328245171,0.03,false,false,near_mint,en,CAD,2024-10-18T02:15:47.556Z
Duskmourn (DSK),binder,Omnivorous Flytrap,DSK,Duskmourn: House of Horror,192,normal,rare,1,98815,4370a197-68cc-46dd-bf0a-e9dab4ff6638,0.08,false,false,near_mint,en,CAD,2024-10-18T02:15:47.556Z
Duskmourn (DSK),binder,Treasure,TDSK,Duskmourn: House of Horror Tokens,15,normal,common,1,99168,5c0b31c3-5775-41a6-9981-44fc4a6d4aa8,,false,false,near_mint,en,CAD,2024-10-18T02:15:47.556Z
Duskmourn (DSK),binder,Your Own Face Mocks You,DSC,Duskmourn: House of Horror Commander,366,normal,common,1,98939,f0f3acdc-6bd5-41c4-bd61-91a564e10c55,0.83,false,false,near_mint,en,CAD,2024-10-26T19:24:30.252Z
Duskmourn (DSK),binder,Fear of Lost Teeth,DSK,Duskmourn: House of Horror,97,normal,common,2,98613,259045fe-f349-4be1-bf29-465d084ed35e,0.01,false,false,near_mint,en,CAD,2024-10-18T02:15:47.556Z
Duskmourn (DSK),binder,Sheltered by Ghosts,DSK,Duskmourn: House of Horror,30,normal,uncommon,1,99103,389f3f7b-be40-4a2d-b5cc-28471a577981,1.68,false,false,near_mint,en,CAD,2024-10-18T02:15:47.556Z
Duskmourn (DSK),binder,Everywhere,TDSK,Duskmourn: House of Horror Tokens,16,normal,common,1,99195,6b76b7a4-f398-4bb4-833e-97ec0d4e581a,,false,false,near_mint,en,CAD,2024-10-18T02:15:47.556Z
Duskmourn (DSK),binder,Dig Through Time,DSC,Duskmourn: House of Horror Commander,115,normal,rare,1,99162,572b3180-9822-4885-b81c-b1bf8aca5a5e,0.14,false,false,near_mint,en,CAD,2024-11-09T16:00:16.376Z
Duskmourn (DSK),binder,Glimmerburst,DSK,Duskmourn: House of Horror,62,normal,common,1,99425,fe1ab8db-3994-4b6d-9eaf-75243a78b715,0.01,false,false,near_mint,en,CAD,2024-10-18T02:15:47.556Z
Duskmourn (DSK),binder,Feed the Swarm,DSC,Duskmourn: House of Horror Commander,78,normal,common,1,99279,a3bad7f1-0b02-4499-a2e2-4625d01e3710,0.23,false,false,near_mint,en,CAD,2024-10-04T02:37:01.701Z
Duskmourn (DSK),binder,Power Without Equal,DSC,Duskmourn: House of Horror Commander,352,normal,common,1,98911,c3617d6c-f5a4-4f36-98a5-880985c7cca2,0.97,false,false,near_mint,en,CAD,2024-10-26T19:24:30.252Z
Duskmourn (DSK),binder,Glimmer,TDSK,Duskmourn: House of Horror Tokens,4,normal,common,2,98968,475c7449-2c95-4873-94de-68a5e06cdfb8,,false,false,near_mint,en,CAD,2024-10-18T02:15:47.556Z
Duskmourn (DSK),binder,Enduring Courage,DSK,Duskmourn: House of Horror,133,normal,rare,1,98941,f46ac55f-d68e-4d5d-af0a-3879f97f705e,0.69,false,false,near_mint,en,CAD,2024-10-18T02:15:47.556Z
Duskmourn (DSK),binder,Resurrected Cultist,DSK,Duskmourn: House of Horror,115,normal,common,1,98933,e41bd259-e81f-432a-bebf-4c6534f23db7,0.01,false,false,near_mint,en,CAD,2024-10-18T02:15:47.556Z
Duskmourn (DSK),binder,Thornspire Verge,DSK,Duskmourn: House of Horror,270,normal,rare,1,98714,7e1cdc03-6faa-4138-9a52-caafbe34fb59,4.9,false,false,near_mint,en,CAD,2024-10-18T02:15:47.556Z
Duskmourn (DSK),binder,Infernal Phantom,DSK,Duskmourn: House of Horror,141,normal,uncommon,2,98678,f0c5999f-a185-4fc7-86fa-c4e5b091e768,0.01,false,false,near_mint,en,CAD,2024-10-18T02:15:47.556Z
Duskmourn (DSK),binder,Peculiar Lighthouse,DSK,Duskmourn: House of Horror,265,normal,common,1,98620,3a6e40c0-e70e-4353-a920-9851cfac71dd,0.03,false,false,near_mint,en,CAD,2024-10-18T02:15:47.556Z
Duskmourn (DSK),binder,Optimistic Scavenger,DSK,Duskmourn: House of Horror,21,normal,uncommon,1,98991,9c72fc6f-6a96-420d-812d-b5cf0f57cc7f,0.04,false,false,near_mint,en,CAD,2024-10-18T02:15:47.556Z
Duskmourn (DSK),binder,My Laughter Echoes,DSC,Duskmourn: House of Horror Commander,344,normal,common,1,98800,2b51cbac-c506-461b-9e9d-ec2616677825,0.87,false,false,near_mint,en,CAD,2024-10-26T19:24:30.252Z
Duskmourn (DSK),binder,Give In to Violence,DSK,Duskmourn: House of Horror,101,normal,common,2,98763,00ac1759-d4cc-41d5-a9b7-a89b80d2190c,0.01,false,false,near_mint,en,CAD,2024-10-18T02:15:47.556Z
Duskmourn (DSK),binder,Meat Locker // Drowned Diner,DSK,Duskmourn: House of Horror,65,normal,common,1,99303,b3c773f0-9e65-48de-a362-a9a943198693,0.01,false,false,near_mint,en,CAD,2024-10-18T02:15:47.556Z
Duskmourn (DSK),binder,Mine Is the Only Truth,DSC,Duskmourn: House of Horror Commander,340,normal,common,1,98843,70a37eed-0d6c-4164-8c1c-c67bc7d34b5f,0.97,false,false,near_mint,en,CAD,2024-10-26T19:24:30.252Z
Duskmourn (DSK),binder,Malevolent Chandelier,DSK,Duskmourn: House of Horror,252,normal,common,1,99015,ef09d296-4493-47f7-ad76-ad76c747df78,0.01,false,false,near_mint,en,CAD,2024-10-18T02:15:47.556Z
Duskmourn (DSK),binder,"Stay Hidden, Stay Silent",DSK,Duskmourn: House of Horror,74,normal,uncommon,1,98735,b661ffe7-4f58-43fe-a1f1-dd7a6d4d28a7,0.03,false,false,near_mint,en,CAD,2024-10-18T02:15:47.556Z
Duskmourn (DSK),binder,Mind Stone,DSC,Duskmourn: House of Horror Commander,248,normal,uncommon,1,99406,f1f616f2-d69d-4763-8ff0-3eb05a543926,0.15,false,false,near_mint,en,CAD,2024-10-04T02:37:01.701Z
Duskmourn (DSK),binder,Impossible Inferno,DSK,Duskmourn: House of Horror,140,normal,common,1,98885,a35248f9-9a4e-4758-a4c1-0e0c83e3fd75,0.01,false,false,near_mint,en,CAD,2024-10-18T02:15:47.556Z
Duskmourn (DSK),binder,Break Down the Door,DSK,Duskmourn: House of Horror,170,normal,uncommon,1,98791,209e9bbc-a15d-47fc-b149-6b0c57dd09ea,0.01,false,false,near_mint,en,CAD,2024-10-18T02:15:47.556Z
Duskmourn (DSK),binder,Horrid Vigor,DSK,Duskmourn: House of Horror,184,normal,common,1,99335,c175c998-7b80-4187-bdbc-5b6e0d7eac91,0.01,false,false,near_mint,en,CAD,2024-10-18T02:15:47.556Z
Duskmourn (DSK),binder,Enter the Enigma,DSK,Duskmourn: House of Horror,52,normal,common,1,99008,cf5479c7-9e46-4a57-abe7-8cc670de89e4,0.01,false,false,near_mint,en,CAD,2024-10-18T02:15:47.556Z
Duskmourn (DSK),binder,Leyline of Resonance,DSK,Duskmourn: House of Horror,143,normal,rare,1,98724,92c5f0e3-345a-40a8-9cda-565a62156692,3.43,false,false,near_mint,en,CAD,2024-10-18T02:15:47.556Z
Duskmourn (DSK),binder,Painter's Studio // Defaced Gallery,DSK,Duskmourn: House of Horror,147,normal,uncommon,1,99393,e96901eb-5b57-43f4-a7b1-ae3b809bc36e,0.04,false,false,near_mint,en,CAD,2024-10-18T02:15:47.556Z
Duskmourn (DSK),binder,Glimmer Seeker,DSK,Duskmourn: House of Horror,14,foil,uncommon,1,98646,7f06bbb1-0c7d-4803-9b35-8a2206803eed,0.01,false,false,near_mint,en,CAD,2024-10-18T02:15:47.556Z
Duskmourn (DSK),binder,Possessed Goat,DSK,Duskmourn: House of Horror,25,normal,common,1,99350,cd02b8ff-ff65-4a38-b8fb-f8dd130edbf7,0.01,false,false,near_mint,en,CAD,2024-10-18T02:15:47.556Z
Duskmourn (DSK),binder,Ragged Playmate,DSK,Duskmourn: House of Horror,150,normal,common,2,98762,000499a4-3f39-4d25-a2a2-b2f014e30754,0.01,false,false,near_mint,en,CAD,2024-10-18T02:15:47.556Z
Duskmourn (DSK),binder,Fanatic of the Harrowing,DSK,Duskmourn: House of Horror,96,normal,common,1,98699,2a0acb05-91e0-4f7c-b48b-99e1068fad16,0.01,false,false,near_mint,en,CAD,2024-10-18T02:15:47.556Z
Duskmourn (DSK),binder,Emerge from the Cocoon,DSK,Duskmourn: House of Horror,5,foil,common,1,98813,3ba16fbf-2d44-4337-87cb-6ff6b84a258a,0.01,false,false,near_mint,en,CAD,2024-10-18T02:15:47.556Z
Duskmourn (DSK),binder,Grasping Longneck,DSK,Duskmourn: House of Horror,180,normal,common,2,98715,7fddcd48-3efe-4b56-9d69-9659b3dc6021,0.01,false,false,near_mint,en,CAD,2024-10-18T02:15:47.556Z
Duskmourn (DSK),binder,Don't Make a Sound,DSK,Duskmourn: House of Horror,49,normal,common,2,99305,b5f42e59-7315-41cb-9c41-346e44f0c5fb,0.01,false,false,near_mint,en,CAD,2024-10-18T02:15:47.556Z
Duskmourn (DSK),binder,Say Its Name,DSK,Duskmourn: House of Horror,197,normal,common,1,98725,94c58683-b5f2-4863-9562-6f6be1ec21fe,0.01,false,false,near_mint,en,CAD,2024-10-18T02:15:47.556Z
Duskmourn (DSK),binder,Raucous Carnival,DSK,Duskmourn: House of Horror,266,normal,common,1,98618,3604a211-9bf7-474e-bd78-32a862f4259c,0.06,false,false,near_mint,en,CAD,2024-10-18T02:15:47.556Z
Duskmourn (DSK),binder,Kneel Before My Legions,DSC,Duskmourn: House of Horror Commander,339,normal,common,1,98803,3060197a-ec7f-40fe-b361-1f49c173a22f,0.69,false,false,near_mint,en,CAD,2024-10-26T19:24:30.252Z
Duskmourn (DSK),binder,Cracked Skull,DSK,Duskmourn: House of Horror,88,normal,common,1,99214,7616ad5e-ed30-4876-8743-6f0f9f143ea1,0.01,false,false,near_mint,en,CAD,2024-10-18T02:15:47.556Z
Duskmourn (DSK),binder,Chaos Is My Plaything,DSC,Duskmourn: House of Horror Commander,329,normal,common,1,99267,9aca80a4-8973-412c-8f9e-7f66cf51bef5,0.4,false,false,near_mint,en,CAD,2024-10-26T19:24:30.252Z
Duskmourn (DSK),binder,Derelict Attic // Widow's Walk,DSK,Duskmourn: House of Horror,93,normal,common,1,99091,2cae24c1-53f1-4f3f-8795-b634c46a17c4,0.01,false,false,near_mint,en,CAD,2024-10-18T02:15:47.556Z
Duskmourn (DSK),binder,Come Back Wrong,DSK,Duskmourn: House of Horror,86,normal,rare,1,95604,72ee3b45-aa4e-4c5b-a9e6-608bfbd93f8b,0.32,false,false,near_mint,en,CAD,2024-10-18T02:15:47.556Z
Duskmourn (DSK),binder,Skullsnap Nuisance,DSK,Duskmourn: House of Horror,234,normal,uncommon,1,98776,0fdcdfd0-8c66-4767-a894-58cf0c6d7e07,0.01,false,false,near_mint,en,CAD,2024-10-18T02:15:47.556Z
Duskmourn (DSK),binder,Trapped in the Screen,DSK,Duskmourn: House of Horror,36,normal,common,1,98790,1fe95bfb-8ca7-434f-a2e7-a6b2e699584e,0.01,false,false,near_mint,en,CAD,2024-10-18T02:15:47.556Z
Duskmourn (DSK),binder,"Arabella, Abandoned Doll",DSK,Duskmourn: House of Horror,208,normal,uncommon,1,98943,f683d5a1-b8bf-446f-9fe3-88a4398bf3cf,0.34,false,false,near_mint,en,CAD,2024-10-18T02:15:47.556Z
Duskmourn (DSK),binder,Ethereal Armor,DSK,Duskmourn: House of Horror,7,normal,uncommon,1,98756,fd0e8a82-0201-483e-a976-5f29764b35a4,0.12,false,false,near_mint,en,CAD,2024-10-18T02:15:47.556Z
Duskmourn (DSK),binder,Nowhere to Run,DSK,Duskmourn: House of Horror,111,normal,uncommon,1,95623,fee60e9d-9ee7-444a-88f3-c1929e1888fb,0.34,false,false,near_mint,en,CAD,2024-10-18T02:15:47.556Z
Duskmourn (DSK),binder,Friendly Ghost,DSK,Duskmourn: House of Horror,12,foil,common,1,98792,20e0dba2-d15c-4d55-9b68-00648175e760,0.01,false,false,near_mint,en,CAD,2024-10-18T02:15:47.556Z
Duskmourn (DSK),binder,Duskmourn's Domination,DSK,Duskmourn: House of Horror,50,normal,uncommon,1,98959,1d96dbc9-c2fd-42c1-9d55-5c14fa1c1c6f,0.01,false,false,near_mint,en,CAD,2024-10-18T02:15:47.556Z
Duskmourn (DSK),binder,Found Footage,DSK,Duskmourn: House of Horror,246,normal,common,1,98899,b12eb087-762e-4e7d-a6e0-f48df603b7c7,0.01,false,false,near_mint,en,CAD,2024-10-18T02:15:47.556Z
Duskmourn (DSK),binder,You Will Know True Suffering,DSC,Duskmourn: House of Horror Commander,363,normal,common,1,98841,6fcc93c4-5aa8-42d8-8895-23a5bc4adf7c,1.11,false,false,near_mint,en,CAD,2024-10-26T19:24:30.252Z
Duskmourn (DSK),binder,Boilerbilges Ripper,DSK,Duskmourn: House of Horror,127,normal,common,1,99066,1a68009c-83cd-455f-81e9-bdd720d23a43,0.01,false,false,near_mint,en,CAD,2024-10-18T02:15:47.556Z
Duskmourn (DSK),binder,Saw,DSK,Duskmourn: House of Horror,254,normal,uncommon,1,98830,603c3ef4-4ef1-4db8-9ed2-e2b0926269d5,0.01,false,false,near_mint,en,CAD,2024-10-18T02:15:47.556Z
Duskmourn (DSK),binder,Split Up,DSK,Duskmourn: House of Horror,32,normal,rare,1,98611,1bb9a5b1-48d2-453e-8991-c788bc63e482,1.38,false,false,near_mint,en,CAD,2024-10-18T02:15:47.556Z
Duskmourn (DSK),binder,Grab the Prize,DSK,Duskmourn: House of Horror,138,normal,common,1,98823,50895202-f1a1-4840-a11a-55b78b8b5929,0.01,false,false,near_mint,en,CAD,2024-10-18T02:15:47.556Z
Duskmourn (DSK),binder,"Nashi, Searcher in the Dark",DSK,Duskmourn: House of Horror,223,normal,rare,1,98775,0fbf9e1e-43f2-499e-844d-22fc10dbad06,0.12,false,false,near_mint,en,CAD,2024-10-18T02:15:47.556Z
Duskmourn (DSK),binder,Turn Inside Out,DSK,Duskmourn: House of Horror,160,normal,common,1,98707,57e2a92c-06d3-4cb5-883d-cba428a7e98e,0.01,true,false,near_mint,en,CAD,2024-10-18T02:15:47.556Z
Duskmourn (DSK),binder,Cautious Survivor,DSK,Duskmourn: House of Horror,172,normal,common,1,98937,ee2b4c1a-e058-4e06-bc46-e250fd9c9b54,0.01,false,false,near_mint,en,CAD,2024-10-18T02:15:47.556Z
Duskmourn (DSK),binder,I Am Untouchable,DSC,Duskmourn: House of Horror Commander,336,normal,common,1,98804,30c176fd-af4d-41f3-bc55-6961bba7bc38,0.69,false,false,near_mint,en,CAD,2024-10-26T19:24:30.252Z
Duskmourn (DSK),binder,Etched Cornfield,DSK,Duskmourn: House of Horror,258,normal,common,1,98681,f8900b89-0e10-4602-bba2-da8d60ea5885,0.03,false,false,near_mint,en,CAD,2024-10-18T02:15:47.556Z
Duskmourn (DSK),binder,Friendly Ghost,DSK,Duskmourn: House of Horror,12,normal,common,1,98792,20e0dba2-d15c-4d55-9b68-00648175e760,0.01,false,false,near_mint,en,CAD,2024-10-18T02:15:47.556Z
Duskmourn (DSK),binder,Shardmage's Rescue,DSK,Duskmourn: House of Horror,29,normal,uncommon,1,98731,aed0cafa-d701-4e1f-9773-abcf817c244c,0.01,false,false,near_mint,en,CAD,2024-10-18T02:15:47.556Z
Duskmourn (DSK),binder,Jump Scare,DSK,Duskmourn: House of Horror,17,normal,common,1,98993,a2dd8903-31ca-470d-b2ff-280f6d40c794,0.01,false,false,near_mint,en,CAD,2024-10-18T02:15:47.556Z
Duskmourn (DSK),binder,You Are Unworthy of Mercy,DSC,Duskmourn: House of Horror Commander,359,normal,common,1,99356,d17f5640-5477-49fd-bedd-4a3d9f768e4f,1.33,false,false,near_mint,en,CAD,2024-10-26T19:24:30.252Z
Duskmourn (DSK),binder,Piranha Fly,DSK,Duskmourn: House of Horror,70,normal,common,1,98742,cd891675-12d4-40df-996a-97d694155227,0.01,false,false,near_mint,en,CAD,2024-10-18T02:15:47.556Z
Duskmourn (DSK),binder,Coordinated Clobbering,DSK,Duskmourn: House of Horror,173,normal,uncommon,1,98920,d498cd5d-5807-4297-bc8a-c0941f2f5ce2,0.03,false,false,near_mint,en,CAD,2024-10-18T02:15:47.556Z
Duskmourn (DSK),binder,Resurrected Cultist,DSK,Duskmourn: House of Horror,115,foil,common,1,98933,e41bd259-e81f-432a-bebf-4c6534f23db7,0.01,false,false,near_mint,en,CAD,2024-10-18T02:15:47.556Z
Duskmourn (DSK),binder,Miasma Demon,DSK,Duskmourn: House of Horror,109,normal,uncommon,1,99196,6d167c00-75ff-4301-855a-8319b89e3689,0.01,false,false,near_mint,en,CAD,2024-10-18T02:15:47.556Z
Duskmourn (DSK),binder,Daggermaw Megalodon,DSK,Duskmourn: House of Horror,48,normal,common,1,98934,e72a38b9-29aa-4804-ab27-4c40321f0bc3,0.01,false,false,near_mint,en,CAD,2024-10-18T02:15:47.556Z
Duskmourn (DSK),binder,Anthropede,DSK,Duskmourn: House of Horror,167,normal,common,1,98824,51216ab0-9806-4faa-afbd-143e95dc255b,0.01,false,false,near_mint,en,CAD,2024-10-18T02:15:47.556Z
Duskmourn (DSK),binder,Drag to the Roots,DSK,Duskmourn: House of Horror,213,normal,uncommon,1,98704,46f46095-6479-46b0-9e59-194d83f86a46,0.04,false,false,near_mint,en,CAD,2024-10-18T02:15:47.556Z
Duskmourn (DSK),binder,Broodspinner,DSK,Duskmourn: House of Horror,211,normal,uncommon,1,99011,dcdd2622-ab7a-4990-b026-3667cac42894,0.03,false,false,near_mint,en,CAD,2024-10-18T02:15:47.556Z
Duskmourn (DSK),binder,Unsettling Twins,DSK,Duskmourn: House of Horror,38,normal,common,1,98865,85da2e65-4e22-48b6-98ad-6969684d69e1,0.01,false,false,near_mint,en,CAD,2024-10-18T02:15:47.556Z
Duskmourn (DSK),binder,Fear of Isolation,DSK,Duskmourn: House of Horror,58,normal,uncommon,1,98634,69aa6054-8c59-4bbc-a283-adb453639786,0.01,false,false,near_mint,en,CAD,2024-10-18T02:15:47.556Z
Duskmourn (DSK),binder,Shepherding Spirits,DSK,Duskmourn: House of Horror,31,normal,common,2,98720,86c02ab1-0fb2-4cb0-a871-bfad406726fc,0.01,false,false,near_mint,en,CAD,2024-10-18T02:15:47.556Z
Duskmourn (DSK),binder,Most Valuable Slayer,DSK,Duskmourn: House of Horror,144,normal,common,1,98910,c2b7b635-4c72-4129-bf95-1eef05cce3d3,0.01,false,false,near_mint,en,CAD,2024-10-18T02:15:47.556Z
Duskmourn (DSK),binder,Rampaging Soulrager,DSK,Duskmourn: House of Horror,151,normal,common,1,98973,569c914b-95af-428f-a142-6f20e418bc59,0.01,false,false,near_mint,en,CAD,2024-10-18T02:15:47.556Z
Duskmourn (DSK),binder,Your Plans Mean Nothing,DSC,Duskmourn: House of Horror Commander,367,normal,common,1,98929,da74c6be-978f-4c0d-962f-a55d5e9d2742,0.97,false,false,near_mint,en,CAD,2024-10-26T19:24:30.252Z
Duskmourn (DSK),binder,Murder,DSK,Duskmourn: House of Horror,110,normal,common,1,98802,2c249609-9cf7-46f1-b94c-9329add966bb,0.01,false,false,near_mint,en,CAD,2024-10-18T02:15:47.556Z
Duskmourn (DSK),binder,Trial of Agony,DSK,Duskmourn: House of Horror,159,normal,uncommon,1,98947,fa62f67a-d20f-4d99-b0a2-327634299c9f,0.01,false,false,near_mint,en,CAD,2024-10-18T02:15:47.556Z
Duskmourn (DSK),binder,Commune with Evil,DSK,Duskmourn: House of Horror,87,normal,uncommon,1,98876,9ab94ebe-b51b-4c6f-af43-0ed80e2808a3,0.01,false,false,near_mint,en,CAD,2024-10-18T02:15:47.556Z
Duskmourn (DSK),binder,Fear of Exposure,DSK,Duskmourn: House of Horror,177,normal,uncommon,1,99256,93bb4abc-5af1-4cf5-919b-244b6a36f8ec,0.01,false,false,near_mint,en,CAD,2024-10-18T02:15:47.556Z
Duskmourn (DSK),binder,Broodspinner,DSK,Duskmourn: House of Horror,211,foil,uncommon,1,99011,dcdd2622-ab7a-4990-b026-3667cac42894,0.03,false,false,near_mint,en,CAD,2024-10-26T16:33:51.184Z
Duskmourn (DSK),binder,Fear of Falling,DSK,Duskmourn: House of Horror,56,normal,uncommon,1,98771,0e814e48-cd9d-428f-90e2-74d97cb9c8f1,0.01,false,false,near_mint,en,CAD,2024-10-18T02:15:47.556Z
Duskmourn (DSK),binder,Bedhead Beastie,DSK,Duskmourn: House of Horror,125,normal,common,1,99216,77c72b5b-dd81-4eb4-80d9-a0124e27e1dc,0.01,false,false,near_mint,en,CAD,2024-10-18T02:15:47.556Z
Duskmourn (DSK),binder,Waltz of Rage,DSK,Duskmourn: House of Horror,165,foil,rare,1,99293,abf17d8b-12bc-4122-865d-50cf91f04f67,0.07,false,false,near_mint,en,CAD,2024-10-18T02:15:47.556Z
Duskmourn (DSK),binder,Appendage Amalgam,DSK,Duskmourn: House of Horror,83,normal,common,1,98919,d16b3cf3-7b85-4153-b25a-e6b5fce725cf,0.01,false,false,near_mint,en,CAD,2024-10-18T02:15:47.556Z
Final Fantasy (FIN),binder,Hero,TFIN,Final Fantasy Tokens,9,normal,common,1,105869,2d132d9b-00dd-4ab9-b195-1857f3cee37b,,false,false,near_mint,en,CAD,2025-10-18T15:38:09.676Z
Final Fantasy (FIN),binder,Battle Menu,FIN,Final Fantasy,9,normal,uncommon,1,106523,240e1466-bd02-423d-b829-234dcd2bfab2,0.01,false,false,near_mint,en,CAD,2025-10-18T15:38:09.676Z
Final Fantasy (FIN),binder,Goobbue Gardener,FIN,Final Fantasy,188,normal,common,1,106636,b7c3544a-5dd5-423e-8a40-ac4803db8adc,0.01,false,false,near_mint,en,CAD,2025-10-18T15:38:09.676Z
Final Fantasy (FIN),binder,Copy,TFIN,Final Fantasy Tokens,1,normal,common,1,106253,fcde6a95-37f1-4bb4-9cea-5b65dbc9c76a,,false,false,near_mint,en,CAD,2025-10-18T15:38:09.676Z
Final Fantasy (FIN),binder,"Shantotto, Tactician Magician",FIN,Final Fantasy,241,normal,uncommon,1,105752,eff984b2-6ea9-4471-91c5-99c47f87f10b,0.01,false,false,near_mint,en,CAD,2025-10-18T15:38:09.676Z
Final Fantasy (FIN),binder,Magitek Infantry,FIN,Final Fantasy,25,normal,common,2,106635,b64dc6d7-dd01-4e66-9099-4c90865448df,0.01,false,false,near_mint,en,CAD,2025-10-18T15:38:09.676Z
Final Fantasy (FIN),binder,"Ashe, Princess of Dalmasca",FIN,Final Fantasy,7,normal,uncommon,1,106699,ffe0596f-ef99-4862-9386-0fe455259995,0.01,false,false,near_mint,en,CAD,2025-10-18T15:38:09.676Z
Final Fantasy (FIN),binder,Summon: Bahamut,FIN,Final Fantasy,1,normal,mythic,1,105670,95318d85-4a08-47ac-a43d-ea83c0bea81c,28.1,false,false,near_mint,en,CAD,2025-10-18T15:38:09.676Z
Final Fantasy (FIN),binder,Queen Brahne,FIN,Final Fantasy,149,normal,uncommon,1,106414,c38c98bb-74c9-460f-9997-ea5c5f922347,0.01,false,false,near_mint,en,CAD,2025-10-18T15:38:09.676Z
Final Fantasy (FIN),binder,Gysahl Greens,FIN,Final Fantasy,190,normal,common,1,106494,020dee17-d85b-44c4-9faa-b1ef977956f4,0.01,false,false,near_mint,en,CAD,2025-10-18T15:38:09.676Z
Final Fantasy (FIN),binder,"Noctis, Prince of Lucis",FIN,Final Fantasy,235,normal,rare,1,105560,1881a66b-956d-4bab-b578-5b2d3407c972,0.13,false,false,near_mint,en,CAD,2025-10-18T15:38:09.676Z
Final Fantasy (FIN),binder,Aerith Rescue Mission,FIN,Final Fantasy,5,normal,common,1,106532,3123d16c-e1e6-4659-a7a3-2ec6efc6bf08,0.01,false,false,near_mint,en,CAD,2025-10-18T15:38:09.676Z
Final Fantasy (FIN),binder,Summon: Primal Garuda,FIN,Final Fantasy,37,normal,uncommon,1,106370,e44497a8-067e-454e-a9c0-684f03df55ff,0.01,false,false,near_mint,en,CAD,2025-10-18T15:38:09.676Z
Final Fantasy (FIN),binder,Phoenix Down,FIN,Final Fantasy,29,normal,uncommon,1,105961,62e299b0-9ef6-49d3-aa79-384325fed89e,0.01,false,false,near_mint,en,CAD,2025-10-18T15:38:09.676Z
Final Fantasy (FIN),binder,"Mangara, the Diplomat",FCA,Final Fantasy: Through the Ages,25,normal,rare,1,106330,232b5c18-0a0a-425d-89aa-de2db833a22c,2.67,false,false,near_mint,en,CAD,2025-10-18T15:38:09.676Z
Final Fantasy (FIN),binder,Adelbert Steiner,FIN,Final Fantasy,3,foil,uncommon,1,106424,1a67a991-1e52-4676-a2e3-2bc7aa943ab3,0.07,false,false,near_mint,en,CAD,2025-10-18T15:38:09.676Z
Final Fantasy (FIN),binder,Gaelicat,FIN,Final Fantasy,22,normal,common,2,106528,29606c49-e1a4-49c3-883b-9122c08bbbc7,0.01,false,false,near_mint,en,CAD,2025-10-18T15:38:09.676Z
Final Fantasy (FIN),binder,"Garnet, Princess of Alexandria",FIN,Final Fantasy,222,normal,uncommon,1,106638,b883df14-8d7b-4f6a-9a6a-2f71f5b6ddda,0.03,false,false,near_mint,en,CAD,2025-10-18T15:38:09.676Z
Final Fantasy (FIN),binder,Paladin's Arms,FIN,Final Fantasy,28,normal,common,1,106338,446506c5-5e1d-4b42-aef3-ea247d7881ef,0.01,false,false,near_mint,en,CAD,2025-10-18T15:38:09.676Z
Final Fantasy (FIN),binder,Esper Origins // Summon: Esper Maduin,FIN,Final Fantasy,185,normal,rare,1,105823,0f503360-216a-4629-89b2-d32072850aef,1.24,false,false,near_mint,en,CAD,2025-10-18T15:38:09.676Z
Final Fantasy (FIN),binder,Summon: Fat Chocobo,FIN,Final Fantasy,202,normal,common,1,106533,32eb192b-de6b-4814-8077-628d343d014e,0.01,false,false,near_mint,en,CAD,2025-10-18T15:38:09.676Z
Final Fantasy (FIN),binder,Hero,TFIN,Final Fantasy Tokens,4,normal,common,2,106091,a257329e-28b9-4ab6-ae05-f6ce0070cb35,,false,false,near_mint,en,CAD,2025-10-18T15:38:09.676Z
Final Fantasy (FIN),binder,Dreams of Laguna,FIN,Final Fantasy,50,normal,common,1,106292,ba752243-2727-4b8a-8e21-e70becfd4ff3,0.01,false,false,near_mint,en,CAD,2025-10-18T15:38:09.676Z
Final Fantasy (FIN),binder,Lunatic Pandora,FIN,Final Fantasy,262,normal,common,1,106659,d6e1e3e7-20d4-42cb-ad22-60356b9e8fdc,0.01,false,false,near_mint,en,CAD,2025-10-18T15:38:09.676Z
Final Fantasy (FIN),binder,Bard's Bow,FIN,Final Fantasy,174,normal,common,1,106530,2ac03e90-1e16-453f-88e4-a0448db73403,0.01,false,false,near_mint,en,CAD,2025-10-18T15:38:09.676Z
Final Fantasy (FIN),binder,Snow Villiers,FIN,Final Fantasy,33,normal,uncommon,1,106537,399bb699-e61d-4b41-b6e9-e594cbad6194,0.01,false,false,near_mint,en,CAD,2025-10-18T15:38:09.676Z
Final Fantasy (FIN),binder,Gigantoad,FIN,Final Fantasy,187,normal,common,1,106642,bc10d648-4053-460f-bc52-9c20477bf6de,0.01,false,false,near_mint,en,CAD,2025-10-18T15:38:09.676Z
Final Fantasy (FIN),binder,Dwarven Castle Guard,FIN,Final Fantasy,18,normal,common,1,106454,e17c0d27-e88d-4ba9-acbb-3f916cee3d7e,0.01,false,false,near_mint,en,CAD,2025-10-18T15:38:09.676Z
Final Fantasy (FIN),binder,Town Greeter,FIN,Final Fantasy,209,normal,common,1,105610,49cd4efa-4df4-4257-9a42-60330f7781e2,0.01,false,false,near_mint,en,CAD,2025-10-18T15:38:09.676Z
Final Fantasy (FIN),binder,Ice Flan,FIN,Final Fantasy,55,normal,common,1,106357,ad304c9c-943f-442f-bb82-ff378ad7d7ba,0.01,false,false,near_mint,en,CAD,2025-10-18T15:38:09.676Z
Final Fantasy (FIN),binder,Prishe's Wanderings,FIN,Final Fantasy,193,normal,common,1,106658,d6e1dee0-e2cd-4899-a3ea-7d0df717c9ab,0.01,false,false,near_mint,en,CAD,2025-10-18T15:38:09.676Z
Final Fantasy (FIN),binder,"Windurst, Federation Center",FIN,Final Fantasy,292,foil,common,1,106649,c74024bd-b383-468d-9cf5-d112a29f6457,0.03,false,false,near_mint,en,CAD,2025-10-18T15:38:09.676Z
Final Fantasy (FIN),binder,Retrieve the Esper,FIN,Final Fantasy,68,normal,common,1,106301,ebd733f0-8883-434a-b36c-ef76b091fe8e,0.01,false,false,near_mint,en,CAD,2025-10-18T15:38:09.676Z
Final Fantasy (FIN),binder,Sandworm,FIN,Final Fantasy,155,normal,uncommon,1,106621,a6e021da-2397-4ad3-a07b-65c701df531a,0.01,false,false,near_mint,en,CAD,2025-10-18T15:38:09.676Z
Final Fantasy (FIN),binder,Hero,TFIN,Final Fantasy Tokens,5,normal,common,1,105938,5619d240-3832-477b-ad30-8d310c90f555,,false,false,near_mint,en,CAD,2025-10-18T15:38:09.676Z
Final Fantasy (FIN),binder,Gran Pulse Ochu,FIN,Final Fantasy,189,normal,common,1,106547,4dced21f-478c-4500-9484-af5864dea5cc,0.01,false,false,near_mint,en,CAD,2025-10-18T15:38:09.676Z
Final Fantasy (FIN),binder,Wizard,TFIN,Final Fantasy Tokens,15,normal,common,1,106211,e27f28ec-d5e7-4415-96cc-b666cdecae08,,false,false,near_mint,en,CAD,2025-10-18T15:38:09.676Z
Final Fantasy (FIN),binder,Treasure,TFIN,Final Fantasy Tokens,23,normal,common,2,106110,ab0cda01-10b5-4a1b-b2bb-ad8bb296590f,,false,false,near_mint,en,CAD,2025-10-18T15:38:09.676Z
Final Fantasy (FIN),binder,Hero,TFIN,Final Fantasy Tokens,7,normal,common,1,106160,c82c74c1-fb73-4d4d-808e-2f4d7b97c97d,,false,false,near_mint,en,CAD,2025-10-18T15:38:09.676Z
Final Fantasy (FIN),binder,Chocobo Kick,FIN,Final Fantasy,178,normal,common,1,106698,ff8c8be0-8223-499c-8704-cb68e0a42ce2,0.01,false,false,near_mint,en,CAD,2025-10-18T15:38:09.676Z
Final Fantasy (FIN),binder,Adventurer's Airship,FIN,Final Fantasy,252,normal,common,1,106504,0a1d6dcd-bd41-4f57-a35b-6613811fe4d4,0.01,false,false,near_mint,en,CAD,2025-10-18T15:38:09.676Z
Final Fantasy (FIN),binder,Slash of Light,FIN,Final Fantasy,32,normal,common,1,106662,da6d9529-3cb0-4adc-8209-b9b02db3bf54,0.01,false,false,near_mint,en,CAD,2025-10-18T15:38:09.676Z
Final Fantasy (FIN),binder,Sidequest: Card Collection // Magicked Card,FIN,Final Fantasy,73,normal,uncommon,1,106589,8ac3d2c9-5978-4cfb-a746-c901decff093,0.01,false,false,near_mint,en,CAD,2025-10-18T15:38:09.676Z
Final Fantasy (FIN),binder,Evil Reawakened,FIN,Final Fantasy,98,normal,uncommon,1,106300,eb98cbc3-749c-44f4-974c-00be1286d69e,0.01,false,false,near_mint,en,CAD,2025-10-18T15:38:09.676Z
Final Fantasy (FIN),binder,Monk's Fist,FIN,Final Fantasy,265,normal,common,1,106601,995033f0-873d-4e46-b0c9-98ec8ef270ff,0.01,false,false,near_mint,en,CAD,2025-10-18T15:38:09.676Z
Final Fantasy (FIN),binder,Summon: Choco/Mog,FIN,Final Fantasy,35,normal,common,1,106493,00546117-018a-4286-bc20-b5446c5be56f,0.01,false,false,near_mint,en,CAD,2025-10-18T15:38:09.676Z
Final Fantasy (FIN),binder,Bird,TFIN,Final Fantasy Tokens,17,normal,common,1,106722,8632216a-33c3-4d16-bf25-42e41af53986,,false,false,near_mint,en,CAD,2025-10-18T15:38:09.676Z
Final Fantasy (FIN),binder,Mysidian Elder,FIN,Final Fantasy,145,normal,common,1,106566,6bc39af4-be19-4889-b930-df7ebf7b9481,0.01,false,false,near_mint,en,CAD,2025-10-18T15:38:09.676Z
Final Fantasy (FIN),binder,Fate of the Sun-Cryst,FIN,Final Fantasy,19,normal,common,1,106287,900cdf11-b42e-4dcc-97c3-2e4d8e406a70,0.01,false,false,near_mint,en,CAD,2025-10-18T15:38:09.676Z
Foundations (FDN),binder,Fishing Pole,FDN,Foundations,128,normal,uncommon,1,101128,c95ab836-3277-4223-9aaa-ef2c77256b65,0.01,false,false,near_mint,en,CAD,2024-12-02T02:33:23.439Z
Foundations (FDN),binder,Ravenous Amulet,FDN,Foundations,131,normal,uncommon,1,100744,80cadee5-6f26-4440-ad31-a8e573a90436,0.17,false,false,near_mint,en,CAD,2024-11-14T04:18:44.464Z
Foundations (FDN),binder,Twinblade Blessing,FDN,Foundations,26,normal,uncommon,1,101310,ecf01cbe-9fcb-4f35-bc6b-2280620b06ff,0.03,false,false,near_mint,en,CAD,2024-12-02T02:33:23.439Z
Foundations (FDN),binder,Rugged Highlands,FDN,Foundations,265,normal,common,1,101400,fd6eaf8e-8881-4d7b-bafc-75e4ca5cbef6,0.07,false,false,near_mint,en,CAD,2024-11-14T04:18:44.464Z
Foundations (FDN),binder,Electroduplicate,FDN,Foundations,85,normal,rare,1,100976,abb06b1c-5d4e-49b9-9c4a-e60ab656a257,0.08,false,false,near_mint,en,CAD,2024-12-02T02:25:23.251Z
Foundations (FDN),binder,Vampire Soulcaller,FDN,Foundations,75,normal,common,2,101495,2d076293-3b45-4878-8f67-978927cc1f68,0.08,false,false,near_mint,en,CAD,2024-11-14T04:18:44.464Z
Foundations (FDN),binder,Evolving Wilds,FDN,Foundations,262,normal,common,2,100376,3a0b9356-5b91-4542-8802-f0f7275238e1,0.03,false,false,near_mint,en,CAD,2024-12-02T02:33:23.439Z
Foundations (FDN),binder,Sure Strike,FDN,Foundations,209,normal,common,2,101525,5de6a1e4-5c66-43e6-9f2a-2635bdab03f6,0.04,false,false,near_mint,en,CAD,2024-11-14T04:18:44.464Z
Foundations (FDN),binder,Mocking Sprite,FDN,Foundations,159,normal,common,1,101624,f6792f63-b651-497d-8aa5-cddf4cedeca8,0.01,false,false,near_mint,en,CAD,2024-12-02T02:25:23.251Z
Foundations (FDN),binder,Brazen Scourge,FDN,Foundations,191,normal,uncommon,1,101616,eb84b86c-3276-4fc1-a09d-47de388cb729,0.14,false,false,near_mint,en,CAD,2024-11-14T04:27:48.595Z
Foundations (FDN),binder,Cephalid Inkmage,FDN,Foundations,32,foil,uncommon,1,101040,b7e47680-18c7-4ffb-aac4-c5db6e7095ba,0.28,false,false,near_mint,en,CAD,2024-11-14T04:18:44.464Z
Foundations (FDN),binder,Swiftwater Cliffs,FDN,Foundations,268,normal,common,1,101389,fb88667d-7088-4889-960f-317486ebe856,0.01,false,false,near_mint,en,CAD,2025-10-16T21:46:18.299Z
Foundations (FDN),binder,Dreadwing Scavenger,FDN,Foundations,118,normal,uncommon,1,101252,e24d838b-ab48-410a-9a50-dbfea5da089b,0.21,false,false,near_mint,en,CAD,2024-11-14T04:18:44.464Z
Foundations (FDN),binder,Goblin Surprise,FDN,Foundations,200,normal,common,3,101512,527dd5d4-5f72-40bb-8a9d-1f5ac3f81e2e,0.02,false,false,near_mint,en,CAD,2024-11-14T04:27:48.595Z
Foundations (FDN),binder,Affectionate Indrik,FDN,Foundations,211,normal,uncommon,2,100310,2da8347d-06a4-46e0-a55e-cc2da4660263,0.08,false,false,near_mint,en,CAD,2024-11-14T04:18:44.464Z
Foundations (FDN),binder,Swiftfoot Boots,FDN,Foundations,258,normal,uncommon,1,100414,41040541-b129-4cf4-9411-09b1d9d32c19,1.08,false,false,near_mint,en,CAD,2024-11-14T04:18:44.464Z
Foundations (FDN),binder,Claws Out,FDN,Foundations,6,normal,uncommon,1,100429,4396049c-b976-4b7f-8ecd-564e24ebd631,0.14,false,false,near_mint,en,CAD,2024-11-14T04:18:44.464Z
Foundations (FDN),binder,Campus Guide,FDN,Foundations,251,normal,common,1,101504,43c59814-3167-4b05-bb85-6c736f3956a4,0.01,false,false,near_mint,en,CAD,2024-12-02T02:33:23.439Z
Foundations (FDN),binder,"Balmor, Battlemage Captain",FDN,Foundations,237,normal,uncommon,1,100142,0b45ab13-9bb6-48af-8b37-d97b25801ac8,0.01,false,false,near_mint,en,CAD,2024-12-02T02:25:23.251Z
Foundations (FDN),binder,Fleeting Distraction,FDN,Foundations,155,normal,common,1,101587,c0b86a7b-4912-43a7-ab89-c3432385baa1,0.11,false,false,near_mint,en,CAD,2024-11-14T04:18:44.464Z
Foundations (FDN),binder,Brineborn Cutthroat,FDN,Foundations,152,normal,uncommon,3,100986,acf7aafb-931f-49e5-8691-eab8cb34b05e,0.06,false,false,near_mint,en,CAD,2024-11-14T04:27:48.595Z
Foundations (FDN),binder,Blossoming Sands,FDN,Foundations,260,normal,common,1,100364,37676ed8-588c-4bca-8065-874b74d84807,0.01,false,false,near_mint,en,CAD,2024-12-02T02:33:23.439Z
Foundations (FDN),binder,Hare Apparent,FDN,Foundations,15,normal,common,1,100907,9fc6f0e9-eb5f-4bc0-b3d7-756644b66d12,7.0,false,false,near_mint,en,CAD,2024-11-14T04:18:44.464Z
Foundations (FDN),binder,"Tinybones, Bauble Burglar",FDN,Foundations,324,normal,rare,1,101217,daf8d5d4-b52d-42c7-aa56-c104a539133c,5.74,false,false,near_mint,en,CAD,2024-11-14T04:18:44.464Z
Foundations (FDN),binder,"Kellan, Planar Trailblazer",FDN,Foundations,91,normal,rare,2,101353,f46a9329-7b91-441d-8653-50c1152c9120,0.55,false,false,near_mint,en,CAD,2024-11-14T04:27:48.595Z
Foundations (FDN),binder,Healer's Hawk,FDN,Foundations,142,normal,common,1,101595,cc8e4563-04bb-46b5-835e-64ba11c0e972,0.08,false,false,near_mint,en,CAD,2024-11-14T04:18:44.464Z
Foundations (FDN),binder,Slumbering Cerberus,FDN,Foundations,94,normal,uncommon,1,100892,9d06faa8-201d-45db-b398-ad56f7b01848,0.11,false,false,near_mint,en,CAD,2024-11-14T04:18:44.464Z
Foundations (FDN),binder,Bite Down,FDN,Foundations,212,normal,common,2,101625,f8d70b3b-f6f9-4b3c-ad70-0ce369e812b5,0.06,false,false,near_mint,en,CAD,2024-11-14T04:18:44.464Z
Foundations (FDN),binder,Seismic Rupture,FDN,Foundations,205,normal,uncommon,1,100268,2519a51a-26a0-4884-9ba8-9db135c9ee49,0.01,false,false,near_mint,en,CAD,2024-12-02T02:25:23.251Z
Foundations (FDN),binder,Grappling Kraken,FDN,Foundations,39,normal,uncommon,2,101165,d1f5cab3-3fc0-448d-8252-cd55abf5b596,0.11,false,false,near_mint,en,CAD,2024-11-14T04:18:44.464Z
Foundations (FDN),binder,Garruk's Uprising,FDN,Foundations,220,normal,uncommon,1,100447,4805c303-e73b-443b-a09f-49d2c2c88bb5,0.34,false,false,near_mint,en,CAD,2024-11-14T04:18:44.464Z
Foundations (FDN),binder,Cathar Commando,FDN,Foundations,139,normal,common,2,100204,19cf024d-edb6-4a79-8676-73f8db0cdf1f,0.05,false,false,near_mint,en,CAD,2024-11-14T04:18:44.464Z
Foundations (FDN),binder,Fake Your Own Death,FDN,Foundations,174,normal,common,2,101539,693635a6-df50-44c5-9598-0c79b45d4df4,0.08,false,false,near_mint,en,CAD,2024-11-14T04:18:44.464Z
Foundations (FDN),binder,Grappling Kraken,FDN,Foundations,39,foil,uncommon,1,101165,d1f5cab3-3fc0-448d-8252-cd55abf5b596,0.07,false,false,near_mint,en,CAD,2025-10-16T21:46:18.299Z
Foundations (FDN),binder,Sower of Chaos,FDN,Foundations,95,normal,common,1,101556,7ff50606-491c-4946-8d03-719b01cfad77,0.01,false,false,near_mint,en,CAD,2024-12-02T02:33:23.439Z
Foundations (FDN),binder,Wary Thespian,FDN,Foundations,235,normal,common,1,101574,a3d62d04-0974-4cb5-9a35-5e996c6456e2,0.07,false,false,near_mint,en,CAD,2024-11-14T04:18:44.464Z
Foundations (FDN),binder,Skyship Buccaneer,FDN,Foundations,50,normal,uncommon,1,100587,62958fc3-55dc-4b97-a070-490d6ed27820,0.18,false,false,near_mint,en,CAD,2024-11-14T04:27:48.595Z
Foundations (FDN),binder,Insect,TFDN,Foundations Tokens,21,normal,common,1,101520,59c2cbd7-79bb-4d93-b2b6-5d3abe88a012,,false,false,near_mint,en,CAD,2024-11-14T04:18:44.464Z
Foundations (FDN),binder,Witness Protection,FDN,Foundations,168,normal,common,1,101621,f231e981-0069-43ce-ac1c-c85ced613e93,0.01,false,false,near_mint,en,CAD,2024-12-02T02:33:23.439Z
Foundations (FDN),binder,Drake,TFDN,Foundations Tokens,8,normal,common,1,101623,f4a73034-e20f-4e7e-ac15-3460b1e9c69b,,false,false,near_mint,en,CAD,2025-10-16T21:46:18.299Z
Foundations (FDN),binder,Rabbit,TFDN,Foundations Tokens,5,normal,common,2,101533,63ae4f9c-ad6e-4d6a-89f1-653916bf5373,,false,false,near_mint,en,CAD,2024-11-14T04:18:44.464Z
Foundations (FDN),binder,Rune-Sealed Wall,FDN,Foundations,49,normal,uncommon,1,101212,da0f147b-95ed-4f32-9b46-6a633ae31976,0.2,false,false,near_mint,en,CAD,2024-11-14T04:27:48.595Z
Foundations (FDN),binder,Brineborn Cutthroat,FDN,Foundations,152,foil,uncommon,1,100986,acf7aafb-931f-49e5-8691-eab8cb34b05e,0.08,false,false,near_mint,en,CAD,2024-12-02T02:25:23.251Z
Foundations (FDN),binder,Scavenging Ooze,FDN,Foundations,232,normal,rare,1,100808,8c504c23-1e9a-411b-9cfe-4180d0c744f6,0.11,false,false,near_mint,en,CAD,2025-10-16T21:46:18.299Z
Foundations (FDN),binder,Goblin Surprise,FDN,Foundations,200,foil,common,1,101512,527dd5d4-5f72-40bb-8a9d-1f5ac3f81e2e,0.28,false,false,near_mint,en,CAD,2024-11-14T04:27:48.595Z
Foundations (FDN),binder,Cat Collector,FDN,Foundations,4,normal,uncommon,1,100507,526fe356-bff1-4211-9e88-bf913ac76b1d,0.11,false,false,near_mint,en,CAD,2024-11-14T04:18:44.464Z
Foundations (FDN),binder,"Ruby, Daring Tracker",FDN,Foundations,245,normal,uncommon,1,101405,fe3e7dd2-b66d-4218-9fde-f84bec26b7bf,0.01,false,false,near_mint,en,CAD,2024-12-02T02:33:23.439Z
Foundations (FDN),binder,Goldvein Pick,FDN,Foundations,253,normal,common,1,101572,a241317d-2277-467e-a8f9-aa71c944e244,0.08,false,false,near_mint,en,CAD,2024-11-14T04:18:44.464Z
Foundations (FDN),binder,Wardens of the Cycle,FDN,Foundations,125,normal,uncommon,1,100761,83ea9b2c-5723-4eff-88ac-6669975939e3,0.17,false,false,near_mint,en,CAD,2024-11-14T04:18:44.464Z
Foundations (FDN),binder,Strix Lookout,FDN,Foundations,52,normal,common,1,101627,fbd2422e-8e84-4c39-af29-3b4d38baee63,0.01,false,false,near_mint,en,CAD,2024-12-02T02:25:23.251Z
Foundations (FDN),binder,Gnarlid Colony,FDN,Foundations,224,normal,common,2,101508,47565d10-96bf-4fb0-820f-f20a44a76b6f,0.07,false,false,near_mint,en,CAD,2024-11-14T04:18:44.464Z
Foundations (FDN),binder,Abrade,FDN,Foundations,188,normal,uncommon,1,100522,548947dc-a5ca-43b5-9531-bcef20fa4ae5,0.04,false,false,near_mint,en,CAD,2024-12-02T02:25:23.251Z
Foundations (FDN),binder,Run Away Together,FDN,Foundations,162,normal,common,1,101614,e598eb7b-10dc-49e6-ac60-2fefa987173e,0.07,false,false,near_mint,en,CAD,2024-11-14T04:27:48.595Z
Foundations (FDN),binder,Plains,FDN,Foundations,272,normal,common,1,100486,4ef17ed4-a9b5-4b8e-b4cb-2ecb7e5898c3,0.28,false,false,near_mint,en,CAD,2024-11-14T04:18:44.464Z
Foundations (FDN),binder,Felidar Savior,FDN,Foundations,12,normal,common,2,97191,cd092b14-d72f-4de0-8f19-1338661b9e3b,0.06,false,false,near_mint,en,CAD,2024-11-14T04:18:44.464Z
Foundations (FDN),binder,Gutless Plunderer,FDN,Foundations,60,normal,common,1,101567,909d7778-c7f8-4fa4-89f2-8b32e86e96e4,0.11,false,false,near_mint,en,CAD,2024-11-14T04:18:44.464Z
Foundations (FDN),binder,Dazzling Angel,FDN,Foundations,9,normal,common,2,101468,027dc444-e544-4693-8653-3dcdda530162,0.01,false,false,near_mint,en,CAD,2024-12-02T02:33:23.439Z
Foundations (FDN),binder,Youthful Valkyrie,FDN,Foundations,149,normal,uncommon,1,100894,9d795f79-c3a5-4ea1-a5cf-1ce73d6837b6,0.07,false,false,near_mint,en,CAD,2025-10-16T21:46:18.299Z
Foundations (FDN),binder,Faebloom Trick,FDN,Foundations,38,normal,uncommon,1,100148,0c3bee8f-f5be-4404-a696-c902637799c3,0.01,false,false,near_mint,en,CAD,2024-12-02T02:25:23.251Z
Foundations (FDN),binder,Think Twice,FDN,Foundations,315,normal,common,1,100411,40a7e9bb-0772-4539-bbf9-7a95d5e47947,0.35,false,false,near_mint,en,CAD,2024-11-14T04:27:48.595Z
Foundations (FDN),binder,Firespitter Whelp,FDN,Foundations,197,foil,uncommon,1,100463,4b3a4c7d-3126-4bde-9dca-cb6a1e2f37c9,0.49,false,false,near_mint,en,CAD,2024-11-14T04:27:48.595Z
Foundations (FDN),binder,Abrade,FDN,Foundations,188,foil,uncommon,1,100522,548947dc-a5ca-43b5-9531-bcef20fa4ae5,0.21,false,false,near_mint,en,CAD,2024-11-14T04:27:48.595Z
Foundations (FDN),binder,Searslicer Goblin,FDN,Foundations,93,normal,rare,1,100845,94ad0b97-a318-4e76-ac79-b3e83417c333,0.9,false,false,near_mint,en,CAD,2024-11-14T04:27:48.595Z
Foundations (FDN),binder,Soldier,TFDN,Foundations Tokens,6,normal,common,2,101597,d093322e-a717-4e2d-8199-fa560792bcf6,,false,false,near_mint,en,CAD,2024-11-14T04:18:44.464Z
Foundations (FDN),binder,Aegis Turtle,FDN,Foundations,150,normal,common,3,101590,c7f2014a-fbc9-447c-a440-e06d01066bb9,0.08,false,false,near_mint,en,CAD,2024-11-14T04:18:44.464Z
Foundations (FDN),binder,Midnight Snack,FDN,Foundations,65,normal,uncommon,1,101129,c9b7543f-2a45-4db6-b560-d15507a58c91,0.2,false,false,near_mint,en,CAD,2024-11-14T04:18:44.464Z
Foundations (FDN),binder,"Koma, World-Eater",FDN,Foundations,121,foil,rare,1,101102,c3b92caa-3401-4b11-9515-152f3e057c05,2.52,false,false,near_mint,en,CAD,2024-11-14T04:18:44.464Z
Foundations (FDN),binder,Vanguard Seraph,FDN,Foundations,28,normal,common,1,101503,4329c861-fc16-4a96-9c03-25af6ac2adc8,0.01,false,false,near_mint,en,CAD,2024-12-02T02:33:23.439Z
Foundations (FDN),binder,Secluded Courtyard,FDN,Foundations,267,normal,uncommon,1,101161,d13373d2-139b-48c7-a8c9-828cefc4f150,0.07,false,false,near_mint,en,CAD,2024-12-02T02:33:23.439Z
Foundations (FDN),binder,Fanatical Firebrand,FDN,Foundations,195,normal,common,1,101598,d1296316-7781-4e98-95e6-7020648be6a5,0.01,false,false,near_mint,en,CAD,2024-12-02T02:33:23.439Z
Foundations (FDN),binder,"Etali, Primal Storm",FDN,Foundations,194,normal,rare,1,101037,b6af9894-95b5-4c8e-902f-a9ba70f02e4a,0.34,false,false,near_mint,en,CAD,2024-11-14T04:27:48.595Z
Foundations (FDN),binder,Gorehorn Raider,FDN,Foundations,89,normal,common,3,101551,78ce6c40-3452-4aa0-a45b-dbfd70f8d220,0.05,false,false,near_mint,en,CAD,2024-11-14T04:18:44.464Z
Foundations (FDN),binder,Goblin,TFDN,Foundations Tokens,18,normal,common,2,101544,70f8a1de-cd4c-4afa-bf03-0245d375d42e,,false,false,near_mint,en,CAD,2024-11-14T04:18:44.464Z
Foundations (FDN),binder,High Fae Trickster,FDN,Foundations,40,foil,rare,1,100729,7f1b93ea-1ec1-4010-9343-765742f5088b,0.88,false,false,near_mint,en,CAD,2024-12-02T02:25:23.251Z
Foundations (FDN),binder,Treetop Snarespinner,FDN,Foundations,114,normal,common,1,101562,88e68fa3-159d-49a6-8ac6-afc9bd6f1718,0.01,false,false,near_mint,en,CAD,2025-10-16T21:46:18.299Z
Foundations (FDN),binder,Dwynen's Elite,FDN,Foundations,218,normal,common,3,100800,89d94c28-ea2e-4a3d-935f-6b2d9f2efc7a,0.08,false,false,near_mint,en,CAD,2024-11-14T04:18:44.464Z
Foundations (FDN),binder,Stromkirk Bloodthief,FDN,Foundations,185,normal,uncommon,1,97176,485d6a5a-2054-47d5-91b8-71ce308ed4dc,0.2,false,false,near_mint,en,CAD,2024-11-14T04:18:44.464Z
Foundations (FDN),binder,Quick-Draw Katana,FDN,Foundations,130,normal,common,3,101540,69beec98-c89c-4673-953c-8b3ef3d81560,0.1,false,false,near_mint,en,CAD,2024-11-14T04:18:44.464Z
Foundations (FDN),binder,Make Your Move,FDN,Foundations,143,normal,common,2,101546,7368f861-3288-4645-90a7-ca35d6da3721,0.04,false,false,near_mint,en,CAD,2024-11-14T04:18:44.464Z
Foundations (FDN),binder,Lightshell Duo,FDN,Foundations,157,normal,common,1,101063,bb75315c-ea8f-4eb0-899e-c73ef75fc396,0.11,false,false,near_mint,en,CAD,2024-11-14T04:27:48.595Z
Foundations (FDN),binder,Leyline Axe,FDN,Foundations,129,normal,rare,1,101052,b9c03336-a321-4c06-94d1-809f328fabd8,3.08,false,false,near_mint,en,CAD,2024-11-14T04:27:48.595Z
Foundations (FDN),binder,Icewind Elemental,FDN,Foundations,42,normal,common,1,101629,fd0eba76-3829-408b-828f-0b223c884728,0.01,false,false,near_mint,en,CAD,2024-12-02T02:33:23.439Z
Foundations (FDN),binder,Refute,FDN,Foundations,48,normal,common,2,100368,38806934-dd9c-4ad4-a59c-a16dce03a14a,0.08,false,false,near_mint,en,CAD,2024-11-14T04:27:48.595Z
Foundations (FDN),binder,Goldvein Pick,FDN,Foundations,253,foil,common,1,101572,a241317d-2277-467e-a8f9-aa71c944e244,0.03,false,false,near_mint,en,CAD,2024-12-02T02:25:23.251Z
Foundations (FDN),binder,Mountain,FDN,Foundations,288,normal,common,1,100377,3a3afd00-da06-4a9f-8cd1-7133728e0fdd,0.29,false,false,near_mint,en,CAD,2024-11-14T04:18:44.464Z
Foundations (FDN),binder,Faebloom Trick,FDN,Foundations,38,foil,uncommon,1,100148,0c3bee8f-f5be-4404-a696-c902637799c3,0.14,false,false,near_mint,en,CAD,2024-12-02T02:25:23.251Z
Foundations (FDN),binder,Mischievous Pup,FDN,Foundations,144,normal,uncommon,1,100670,7214d984-6400-44d7-bde6-57d96b606e78,0.01,false,false,near_mint,en,CAD,2024-12-02T02:33:23.439Z
Foundations (FDN),binder,Stroke of Midnight,FDN,Foundations,148,normal,uncommon,1,100970,ab135925-d924-456d-851a-6ccdaaf27271,0.01,false,false,near_mint,en,CAD,2024-12-02T02:33:23.439Z
Foundations (FDN),binder,Heroic Reinforcements,FDN,Foundations,241,normal,uncommon,1,100631,6a05e8d5-c2ad-489a-888d-22622886b620,0.01,false,false,near_mint,en,CAD,2025-10-16T21:46:18.299Z
Foundations (FDN),binder,Self-Reflection,FDN,Foundations,163,normal,uncommon,1,101247,e1e6abc9-25b2-4d51-b519-2525079eab51,0.18,false,false,near_mint,en,CAD,2024-11-14T04:18:44.464Z
Foundations (FDN),binder,Incinerating Blast,FDN,Foundations,90,normal,common,1,101603,d58e20ab-c5ca-4295-884d-78efdaa83243,0.01,false,false,near_mint,en,CAD,2024-12-02T02:33:23.439Z
Foundations (FDN),binder,"Liliana, Dreadhorde General",FDN,Foundations,176,normal,mythic,1,100065,cb28d217-795e-4320-a032-cd713f7ecc8a,7.11,false,false,near_mint,en,CAD,2024-11-14T04:18:44.464Z
Foundations (FDN),binder,Crackling Cyclops,FDN,Foundations,83,normal,common,1,101541,6e5b899a-52f7-471b-ad50-4fa6566758fd,0.01,false,false,near_mint,en,CAD,2024-12-02T02:33:23.439Z
Foundations (FDN),binder,Elementalist Adept,FDN,Foundations,36,normal,common,4,101605,d9768cc6-8f53-4922-ae32-376a2f32d719,0.04,false,false,near_mint,en,CAD,2024-11-14T04:27:48.595Z
Foundations (FDN),binder,Jungle Hollow,FDN,Foundations,263,normal,common,1,101224,dc758e14-d370-45e4-bbc5-938fb4d21127,0.11,false,false,near_mint,en,CAD,2024-11-14T04:18:44.464Z
Foundations (FDN),binder,Strongbox Raider,FDN,Foundations,96,normal,uncommon,1,101006,b2223eb8-59f9-489b-a3f3-b6496218cb79,0.11,false,false,near_mint,en,CAD,2024-11-14T04:18:44.464Z
Foundations (FDN),binder,Billowing Shriekmass,FDN,Foundations,56,normal,uncommon,1,100711,7b3587a9-0667-4d53-807b-c437bcb1d7b3,0.14,false,false,near_mint,en,CAD,2024-11-14T04:18:44.464Z
Foundations (FDN),binder,Courageous Goblin,FDN,Foundations,82,normal,common,1,101566,8db6819c-666a-409d-85a5-b9ac34d8dd2f,0.11,false,false,near_mint,en,CAD,2024-11-14T04:18:44.464Z
Foundations (FDN),binder,Prideful Parent,FDN,Foundations,21,normal,common,1,97188,b742117a-8a72-43b9-b05d-274829d138a2,0.17,false,false,near_mint,en,CAD,2024-11-14T04:18:44.464Z
Foundations (FDN),binder,Hungry Ghoul,FDN,Foundations,62,normal,common,3,100701,790f9433-7565-4f7f-88e8-8af762ea0296,0.13,false,false,near_mint,en,CAD,2024-11-14T04:18:44.464Z
Foundations (FDN),binder,Crystal Barricade,FDN,Foundations,7,normal,rare,1,100822,905d3e02-ea06-45e7-9adb-c8e7583323a2,2.66,false,false,near_mint,en,CAD,2024-11-14T04:18:44.464Z
Foundations (FDN),binder,Crypt Feaster,FDN,Foundations,59,normal,common,2,100382,3b072811-998a-4a71-b59c-6afecc0dc4b6,0.01,false,false,near_mint,en,CAD,2024-12-02T02:33:23.439Z
Foundations (FDN),binder,Overrun,FDN,Foundations,230,normal,uncommon,1,100220,1d8e9cbb-8bf4-4a48-a58e-79deb3abdf7f,0.01,false,false,near_mint,en,CAD,2024-12-02T02:33:23.439Z
Foundations (FDN),binder,Fanatical Firebrand,FDN,Foundations,195,foil,common,1,101598,d1296316-7781-4e98-95e6-7020648be6a5,0.14,false,false,near_mint,en,CAD,2024-11-14T04:27:48.595Z
Foundations (FDN),binder,"Krenko, Mob Boss",FDN,Foundations,204,normal,rare,1,100750,824b2d73-2151-4e5e-9f05-8f63e2bdcaa9,0.07,false,false,near_mint,en,CAD,2024-12-02T02:33:23.439Z
Foundations (FDN),binder,Luminous Rebuke,FDN,Foundations,20,normal,common,3,101529,621839e1-2756-4cdc-a25c-5f76ea98dd87,0.03,false,false,near_mint,en,CAD,2024-11-14T04:18:44.464Z
Foundations (FDN),binder,Cackling Prowler,FDN,Foundations,101,normal,common,1,101481,1bd8e971-c075-4203-8d83-c28f22d4f9b9,0.07,false,false,near_mint,en,CAD,2024-11-14T04:18:44.464Z
Foundations (FDN),binder,Burst Lightning,FDN,Foundations,192,normal,common,1,100994,aec5d380-d354-4750-931a-6c91853e2edc,0.14,false,false,near_mint,en,CAD,2024-11-14T04:27:48.595Z
Foundations (FDN),binder,Inspiring Paladin,FDN,Foundations,18,normal,common,1,101472,0763be06-25b2-4d6b-ab33-a1af85aeb443,0.11,false,false,near_mint,en,CAD,2024-11-14T04:18:44.464Z
Foundations (FDN),binder,Campus Guide,FDN,Foundations,251,foil,common,1,101504,43c59814-3167-4b05-bb85-6c736f3956a4,0.14,false,false,near_mint,en,CAD,2024-11-14T04:27:48.595Z
Foundations (FDN),binder,Thornwood Falls,FDN,Foundations,269,normal,common,1,100424,42799f51-0f8c-444b-974e-dae281a5c697,0.11,false,false,near_mint,en,CAD,2024-11-14T04:18:44.464Z
Foundations (FDN),binder,An Offer You Can't Refuse,FDN,Foundations,160,normal,uncommon,1,100948,a829747f-cf9b-4d81-ba66-9f0630ed4565,1.05,false,false,near_mint,en,CAD,2024-11-14T04:27:48.595Z
Foundations (FDN),binder,Squad Rallier,FDN,Foundations,24,normal,common,1,101534,65e1ee86-6f08-4aa0-bf63-ae12028ef080,0.01,false,false,near_mint,en,CAD,2024-12-02T02:33:23.439Z
Foundations (FDN),binder,Giant Growth,FDN,Foundations,223,normal,common,2,101073,bd0bf74e-14c1-4428-88d8-2181a080b5d0,0.01,false,false,near_mint,en,CAD,2024-12-02T02:33:23.439Z
Foundations (FDN),binder,Bulk Up,FDN,Foundations,80,normal,uncommon,3,100857,977dcc50-da10-4281-b522-9240c1204f5d,0.13,false,false,near_mint,en,CAD,2024-11-14T04:27:48.595Z
Foundations (FDN),binder,Stab,FDN,Foundations,71,normal,common,2,101538,6859a5ba-1c1c-4631-bba8-f9900b827178,0.08,false,false,near_mint,en,CAD,2024-11-14T04:18:44.464Z
Foundations (FDN),binder,Soul-Shackled Zombie,FDN,Foundations,70,normal,common,1,101609,deea5690-6eb2-4353-b917-cbbf840e4e71,0.14,false,false,near_mint,en,CAD,2024-11-14T04:18:44.464Z
Foundations (FDN),binder,Hidetsugu's Second Rite,FDN,Foundations,202,normal,uncommon,1,100577,609421da-8d89-4365-b18b-778832d91482,0.01,false,false,near_mint,en,CAD,2024-12-02T02:25:23.251Z
Foundations (FDN),binder,Thrill of Possibility,FDN,Foundations,210,normal,common,3,101561,882b348c-076b-41d8-b505-063480636669,0.03,false,false,near_mint,en,CAD,2024-11-14T04:18:44.464Z
Foundations (FDN),binder,Wary Thespian,FDN,Foundations,235,foil,common,1,101574,a3d62d04-0974-4cb5-9a35-5e996c6456e2,0.01,false,false,near_mint,en,CAD,2024-12-02T02:33:23.439Z
Foundations (FDN),binder,Meteor Golem,FDN,Foundations,256,normal,uncommon,1,101167,d291ea1e-36bc-46b3-b3ae-084fa0ba69eb,0.01,false,false,near_mint,en,CAD,2024-12-02T02:33:23.439Z
Foundations (FDN),binder,Wind-Scarred Crag,FDN,Foundations,271,normal,common,1,100684,759e99df-11a8-4aee-b6bc-344e84e10d94,0.07,false,false,near_mint,en,CAD,2024-11-14T04:18:44.464Z
Foundations (FDN),binder,Think Twice,FDN,Foundations,165,normal,common,1,101202,d88faaa1-eb41-40f7-991c-5c06e1138f3d,0.07,false,false,near_mint,en,CAD,2024-11-14T04:18:44.464Z
Foundations (FDN),binder,Felling Blow,FDN,Foundations,105,normal,uncommon,1,100854,96948ae3-b15d-4d6d-aa73-9f52084cd903,0.18,false,false,near_mint,en,CAD,2024-11-14T04:18:44.464Z
Foundations (FDN),binder,Involuntary Employment,FDN,Foundations,203,normal,common,2,101622,f3ad3d62-2f24-4562-b3fa-809213dbc4a4,0.06,false,false,near_mint,en,CAD,2024-11-14T04:27:48.595Z
Foundations (FDN),binder,Essence Scatter,FDN,Foundations,153,normal,uncommon,1,101226,dd05c850-f91e-4ffb-b4cc-8418d49dad90,0.01,false,false,near_mint,en,CAD,2024-12-02T02:25:23.251Z
Foundations (FDN),binder,Bushwhack,FDN,Foundations,215,normal,common,2,101469,03ebdb36-55e0-49dd-a514-785fbeb4ae19,0.08,false,false,near_mint,en,CAD,2024-11-14T04:18:44.464Z
Foundations (FDN),binder,Spitfire Lagac,FDN,Foundations,208,normal,common,1,101496,30f600cd-b696-4f49-9cbc-5a33aa43d04c,0.11,false,false,near_mint,en,CAD,2024-11-14T04:18:44.464Z
Foundations (FDN),binder,Spectral Sailor,FDN,Foundations,164,normal,uncommon,1,100100,03a49535-c5f3-4a6f-b333-7ac7bffdc9ae,0.01,false,false,near_mint,en,CAD,2024-12-02T02:25:23.251Z
Foundations (FDN),binder,Goblin Boarders,FDN,Foundations,87,normal,common,1,101506,4409a063-bf2a-4a49-803e-3ce6bd474353,0.01,false,false,near_mint,en,CAD,2024-12-02T02:33:23.439Z
Foundations (FDN),binder,Boltwave,FDN,Foundations,79,normal,uncommon,1,100810,8d1ec351-5e70-4eb2-b590-6bff94ef8178,3.49,false,false,near_mint,en,CAD,2024-12-02T02:33:23.439Z
Foundations (FDN),binder,Axgard Cavalry,FDN,Foundations,189,normal,common,1,101631,fe3cc41a-adae-4c9b-b4d3-03f3ca862fed,0.01,false,false,near_mint,en,CAD,2024-12-02T02:25:23.251Z
Foundations (FDN),binder,Macabre Waltz,FDN,Foundations,177,normal,common,1,101509,4d1f3c84-89ba-4426-a80b-d524f172c912,0.11,false,false,near_mint,en,CAD,2024-11-14T04:18:44.464Z
Foundations (FDN),binder,Thornwood Falls,FDN,Foundations,269,foil,common,1,100424,42799f51-0f8c-444b-974e-dae281a5c697,0.01,false,false,near_mint,en,CAD,2024-12-02T02:33:23.439Z
Foundations (FDN),binder,Tolarian Terror,FDN,Foundations,167,normal,common,1,100270,2569d4f3-55ed-4f99-9592-34c7df0aab72,0.01,false,false,near_mint,en,CAD,2024-12-02T02:33:23.439Z
Foundations (FDN),binder,Frenzied Goblin,FDN,Foundations,199,normal,uncommon,1,101602,d5592573-2889-40b1-b1d5-c2802482549a,0.01,false,false,near_mint,en,CAD,2024-12-02T02:25:23.251Z
Foundations (FDN),binder,Armasaur Guide,FDN,Foundations,3,normal,common,1,101591,c80fc380-0499-4499-8a60-c43844c02c9b,0.01,false,false,near_mint,en,CAD,2025-10-16T21:46:18.299Z
Foundations (FDN),binder,Firebrand Archer,FDN,Foundations,196,normal,common,2,101630,fe0312f1-4c98-4b7f-8a34-0059ea80edef,0.01,false,false,near_mint,en,CAD,2024-12-02T02:25:23.251Z
Innistrad Remastered (INR),binder,Forbidden Alchemy,INR,Innistrad Remastered,65,normal,uncommon,1,102761,c179a72e-2956-43d3-810c-7eeca8d3ab0d,0.01,false,false,near_mint,en,CAD,2025-10-16T21:24:23.503Z
Innistrad Remastered (INR),binder,Demonic Taskmaster,INR,Innistrad Remastered,377,normal,uncommon,1,102475,2ebe50a3-0c79-4484-81fb-361a8a0041b9,0.04,false,false,near_mint,en,CAD,2025-10-16T21:32:19.571Z
Innistrad Remastered (INR),binder,Swamp,INR,Innistrad Remastered,292,normal,common,1,102634,806d26a2-2f2a-4a77-b5bc-a6c97ba5db42,0.04,false,false,near_mint,en,CAD,2025-10-16T21:32:19.571Z
Innistrad Remastered (INR),binder,Bloodmad Vampire,INR,Innistrad Remastered,145,normal,common,1,102662,8a9747c1-ef2c-4c61-9529-abfb6ae0f964,0.01,false,false,near_mint,en,CAD,2025-10-16T21:24:23.503Z
Innistrad Remastered (INR),binder,Crusader of Odric,INR,Innistrad Remastered,18,normal,common,1,102799,d6ae6566-3df8-4e09-b487-f0362622ca04,0.01,false,false,near_mint,en,CAD,2025-10-16T21:32:19.571Z
Innistrad Remastered (INR),binder,Angelic Purge,INR,Innistrad Remastered,333,normal,common,1,102788,d1218c2a-9b59-4e31-8eca-7557f15b41b7,0.01,false,false,near_mint,en,CAD,2025-10-16T21:24:23.503Z
Innistrad Remastered (INR),binder,Epitaph Golem,INR,Innistrad Remastered,262,normal,common,1,102455,202125f5-9182-436f-86df-701cdc7e60ce,0.01,false,false,near_mint,en,CAD,2025-10-16T21:24:23.503Z
Innistrad Remastered (INR),binder,Lantern Bearer // Lanterns' Lift,INR,Innistrad Remastered,72,normal,common,1,101848,0e568af8-9ddf-4efd-92ec-74a54b811c03,0.01,false,false,near_mint,en,CAD,2025-10-16T21:32:19.571Z
Innistrad Remastered (INR),binder,Avacynian Priest,INR,Innistrad Remastered,12,normal,common,1,102759,c119b314-c563-4b6b-8bac-a680e69c6b37,0.01,false,false,near_mint,en,CAD,2025-10-16T21:24:23.503Z
Innistrad Remastered (INR),binder,Morbid Opportunist,INR,Innistrad Remastered,124,normal,uncommon,1,102445,1bfd3be4-2cea-4a88-a55f-e6ebeecd4c96,0.18,false,false,near_mint,en,CAD,2025-10-16T21:32:19.571Z
Innistrad Remastered (INR),binder,Dawnhart Disciple,INR,Innistrad Remastered,191,normal,common,1,102522,4463b28a-c2c9-4cbf-951e-e3ce6b1f14cb,0.01,false,false,near_mint,en,CAD,2025-10-16T21:24:23.503Z
Innistrad Remastered (INR),binder,Rally the Peasants,INR,Innistrad Remastered,37,normal,uncommon,1,102675,9387f821-10ec-4698-9697-ad37084b4861,0.01,false,false,near_mint,en,CAD,2025-10-16T21:32:19.571Z
Innistrad Remastered (INR),binder,Village Rites,INR,Innistrad Remastered,137,normal,common,1,102519,42ed35e9-51cd-468a-86a9-9412553cf50d,0.24,false,false,near_mint,en,CAD,2025-10-16T21:24:23.503Z
Innistrad Remastered (INR),binder,Abrade,INR,Innistrad Remastered,139,normal,common,1,102860,fee393c7-1868-4d11-93c3-3d143e0c8dd9,0.07,false,false,near_mint,en,CAD,2025-10-16T21:32:19.571Z
Innistrad Remastered (INR),binder,Gluttonous Guest,INR,Innistrad Remastered,112,normal,common,1,102464,25e98125-6c36-4571-afc5-2d018750eb57,0.01,false,false,near_mint,en,CAD,2025-10-16T21:32:19.571Z
Innistrad Remastered (INR),binder,Travel Preparations,INR,Innistrad Remastered,220,normal,uncommon,1,102515,41190fb8-f5d5-4a8b-bdc8-a4516e7075b5,0.01,false,false,near_mint,en,CAD,2025-10-16T21:32:19.571Z
Innistrad Remastered (INR),binder,Deathcap Glade,INR,Innistrad Remastered,275,normal,rare,1,102476,2f20e738-bab6-4000-afca-9fc9e4261c34,6.65,false,false,near_mint,en,CAD,2025-10-16T21:32:19.571Z
Innistrad Remastered (INR),binder,Graf Rats,INR,Innistrad Remastered,113,normal,uncommon,1,101894,f830ede6-ddbf-49b9-80cd-e3dbeccbf208,0.01,false,false,near_mint,en,CAD,2025-10-16T21:24:23.503Z
Innistrad Remastered (INR),binder,"Bruna, the Fading Light",INR,Innistrad Remastered,14,normal,rare,1,102597,6fccdb60-5fce-4a6e-a709-b986f9a4b653,2.04,false,false,near_mint,en,CAD,2025-10-16T21:24:23.503Z
Innistrad Remastered (INR),binder,Forest,INR,Innistrad Remastered,297,normal,common,1,102625,7afdc917-ec37-4e03-853f-36cfe90053d9,0.04,false,false,near_mint,en,CAD,2025-10-16T21:24:23.503Z
Innistrad Remastered (INR),binder,Blood,TINR,Innistrad Remastered Tokens,21,normal,common,1,102673,92a3afe7-bd9f-43f9-adc3-4819e60dc7a5,,false,false,near_mint,en,CAD,2025-10-16T21:32:19.571Z
Innistrad Remastered (INR),binder,Battleground Geist,INR,Innistrad Remastered,53,foil,common,1,102484,3507e285-fabb-45e3-af4c-52032558cf03,0.01,false,false,near_mint,en,CAD,2025-10-16T21:32:19.571Z
Innistrad Remastered (INR),binder,Fiery Temper,INR,Innistrad Remastered,154,normal,uncommon,1,102450,1d3a3a1d-c393-4a57-8a0e-5907d1722331,0.07,false,false,near_mint,en,CAD,2025-10-16T21:24:23.503Z
Innistrad Remastered (INR),binder,Pack Guardian,INR,Innistrad Remastered,211,normal,uncommon,1,102569,6265e9fa-3fc3-41c5-9950-cbeaae2e6187,0.01,false,false,near_mint,en,CAD,2025-10-16T21:24:23.503Z
Innistrad Remastered (INR),binder,Abrade,INR,Innistrad Remastered,311,normal,common,1,102463,25a6e1bb-c751-447c-be69-e03692568678,0.28,false,false,near_mint,en,CAD,2025-10-16T21:32:19.571Z
Innistrad Remastered (INR),binder,Deranged Assistant,INR,Innistrad Remastered,61,normal,common,1,102495,3960ed42-b3e7-4464-b345-1b9b22719efc,0.01,false,false,near_mint,en,CAD,2025-10-16T21:32:19.571Z
Innistrad Remastered (INR),binder,Clue,TINR,Innistrad Remastered Tokens,22,normal,common,1,101880,99976010-e203-43a4-af37-d872365e8ded,,false,false,near_mint,en,CAD,2025-10-16T21:32:19.571Z
Innistrad Remastered (INR),binder,Bramble Wurm,INR,Innistrad Remastered,187,normal,common,1,102631,7ed00113-a0d7-4825-b066-f911a1ffb900,0.01,false,false,near_mint,en,CAD,2025-10-16T21:32:19.571Z
Innistrad Remastered (INR),binder,Bloodtithe Harvester,INR,Innistrad Remastered,233,normal,uncommon,1,102723,ae4aec0d-c853-44e6-9f51-cbecf413ea14,0.07,false,false,near_mint,en,CAD,2025-10-16T21:24:23.503Z
Wilds of Eldraine (WOE),binder,Witch's Mark,WOE,Wilds of Eldraine,158,normal,common,1,85235,0685afcb-06f6-4d18-b8c2-510764558dc1,0.04,false,false,near_mint,en,CAD,2025-10-16T21:26:52.970Z
Wilds of Eldraine (WOE),binder,Redtooth Vanguard,WOE,Wilds of Eldraine,180,normal,uncommon,1,85400,55271960-b9bd-4bea-93ca-3321bf30be78,0.01,false,false,near_mint,en,CAD,2025-10-16T21:26:52.970Z
Wilds of Eldraine (WOE),binder,Icewrought Sentry,WOE,Wilds of Eldraine,55,normal,uncommon,1,85535,859419d3-cd15-4362-98b3-a7ff98e29692,0.01,false,false,near_mint,en,CAD,2025-10-16T21:26:52.970Z
Wilds of Eldraine (WOE),binder,Succumb to the Cold,WOE,Wilds of Eldraine,72,normal,uncommon,1,85703,c14d9fc0-bfbf-4359-93bf-5e53466965d6,0.01,false,false,near_mint,en,CAD,2025-10-16T21:26:52.970Z
Wilds of Eldraine (WOE),binder,Monstrous Rage,WOE,Wilds of Eldraine,142,foil,uncommon,1,85819,eef5a0ae-5907-42c9-a097-3f973737e392,0.56,false,false,near_mint,en,CAD,2025-10-16T21:26:52.970Z
Wilds of Eldraine (WOE),binder,Swamp,WOE,Wilds of Eldraine,271,foil,common,1,85737,d0a801ba-ebf7-4b9e-98c2-db50448845b7,0.07,false,false,near_mint,en,CAD,2025-10-16T21:26:52.970Z
Wilds of Eldraine (WOE),binder,"Syr Armont, the Redeemer",WOE,Wilds of Eldraine,214,normal,uncommon,1,85533,85050609-baf0-430a-ab33-83a6ea6d4741,0.01,false,false,near_mint,en,CAD,2025-10-16T21:26:52.970Z
Wilds of Eldraine (WOE),binder,Diminisher Witch,WOE,Wilds of Eldraine,46,normal,common,1,85453,646d604f-b187-4122-bd4b-67634654b6f1,0.01,false,false,near_mint,en,CAD,2025-10-16T21:26:52.970Z
Wilds of Eldraine (WOE),binder,Archon of the Wild Rose,WOE,Wilds of Eldraine,1,normal,rare,1,85218,00174be7-0dc8-43b9-81b6-f25a8c3fb4eb,0.07,false,false,near_mint,en,CAD,2025-10-16T21:26:52.970Z
Wilds of Eldraine (WOE),binder,Charmed Clothier,WOE,Wilds of Eldraine,6,normal,common,1,85597,994f4473-dfc9-45cd-8528-945db3aa6a9a,0.01,false,false,near_mint,en,CAD,2025-10-16T21:26:52.970Z
Wilds of Eldraine (WOE),binder,Protective Parents,WOE,Wilds of Eldraine,24,normal,common,1,85467,68cc9653-80ef-4606-a0ec-6d4228fdb118,0.01,false,false,near_mint,en,CAD,2025-10-16T21:26:52.970Z
Tarkir Dragonstorm (TDM),binder,Dirgur Island Dragon // Skimming Strike,TDM,Tarkir: Dragonstorm,294,foil,common,1,104392,f7def6d6-c80a-4597-8a3f-3855423bc960,0.01,false,false,near_mint,en,CAD,2025-09-22T23:49:21.712Z
Tarkir Dragonstorm (TDM),binder,Frostcliff Siege,TDM,Tarkir: Dragonstorm,385,normal,rare,1,104344,b32ab782-5f99-489c-895a-49c5c5ea249d,1.38,false,false,near_mint,en,CAD,2025-09-22T23:49:21.712Z
Lord of the Rings (LTR),binder,Brandywine Farmer,LTR,The Lord of the Rings: Tales of Middle-earth,155,normal,common,1,82904,1c24b5fa-506d-4eaf-881b-bc282c74a16c,0.01,false,false,near_mint,en,CAD,2024-12-21T17:32:10.582Z
Lord of the Rings (LTR),binder,Battle-Scarred Goblin,LTR,The Lord of the Rings: Tales of Middle-earth,115,normal,common,1,83436,b91859de-1983-4c9c-a9e6-289c7dba1eb4,0.01,false,false,near_mint,en,CAD,2024-12-21T17:32:10.582Z
Lord of the Rings (LTR),binder,Haradrim Spearmaster,LTR,The Lord of the Rings: Tales of Middle-earth,135,normal,common,1,83118,6050cf98-cdce-4825-9ab8-2294a2b63faf,0.01,false,false,near_mint,en,CAD,2024-11-01T01:52:07.401Z
Lord of the Rings (LTR),binder,Haunt of the Dead Marshes,LTR,The Lord of the Rings: Tales of Middle-earth,90,normal,common,1,83151,673c6c12-2513-4d1b-acf0-6a1f741d49dd,0.01,false,false,near_mint,en,CAD,2024-11-01T01:52:07.401Z
Lord of the Rings (LTR),binder,The Bath Song,LTR,The Lord of the Rings: Tales of Middle-earth,40,normal,uncommon,1,83671,fb11c04f-6f17-4da4-bbf6-0bd09de6e544,0.01,false,false,near_mint,en,CAD,2024-12-21T17:32:10.582Z
Lord of the Rings (LTR),binder,The Battle of Bywater,LTR,The Lord of the Rings: Tales of Middle-earth,2,normal,rare,1,83335,9bae7a4d-9117-43c5-a048-80a0ddadc034,0.56,false,false,near_mint,en,CAD,2024-11-01T01:52:07.401Z
Lord of the Rings (LTR),binder,Nimble Hobbit,LTR,The Lord of the Rings: Tales of Middle-earth,23,normal,common,1,83479,c4cd0756-7bf3-4cb6-9687-1f9346b0bb92,0.01,false,false,near_mint,en,CAD,2024-12-21T17:32:10.582Z
Lord of the Rings (LTR),binder,"Elrond, Lord of Rivendell",LTR,The Lord of the Rings: Tales of Middle-earth,49,foil,uncommon,1,83369,a62a5e55-fa1b-4c70-9293-740dd513d52e,0.04,false,false,near_mint,en,CAD,2024-11-01T01:52:07.401Z
Lord of the Rings (LTR),binder,"Quickbeam, Upstart Ent",LTR,The Lord of the Rings: Tales of Middle-earth,183,normal,uncommon,1,83434,b889037f-b95f-4756-80aa-04097d2818c3,0.01,false,false,near_mint,en,CAD,2024-11-01T01:52:07.401Z
Lord of the Rings (LTR),binder,Nimrodel Watcher,LTR,The Lord of the Rings: Tales of Middle-earth,63,normal,common,1,83473,c253ee40-41c9-4cb5-a1a3-94b0aaed09d4,0.01,false,false,near_mint,en,CAD,2024-11-01T01:52:07.401Z
Lord of the Rings (LTR),binder,Treasure,TLTR,Tales of Middle-earth Tokens,12,normal,common,2,83044,46a2c363-c879-4c36-b08a-dd57e3da19ae,0.11,false,false,near_mint,en,CAD,2024-10-06T17:56:55.319Z
Lord of the Rings (LTR),binder,Sleeper Agent,PLST,The List,10E-178,normal,rare,1,72006,51a60896-7039-40aa-a16b-a093afb06fa2,1.07,false,false,near_mint,en,CAD,2024-12-21T17:32:10.582Z
Lord of the Rings (LTR),binder,Took Reaper,LTR,The Lord of the Rings: Tales of Middle-earth,35,normal,common,1,82913,1da7fc15-f894-496e-ba18-a02d42e9bedc,0.01,false,false,near_mint,en,CAD,2024-12-21T17:32:10.582Z
Lord of the Rings (LTR),binder,Entish Restoration,LTR,The Lord of the Rings: Tales of Middle-earth,163,normal,uncommon,1,83513,cd4dbf80-187b-40e3-9e0b-526f78d9a34e,0.7,false,false,near_mint,en,CAD,2024-11-01T01:52:07.401Z
Lord of the Rings (LTR),binder,Smite the Deathless,LTR,The Lord of the Rings: Tales of Middle-earth,148,normal,common,1,83271,8b716fcc-c4cc-4987-be82-2897a9888d23,0.01,false,false,near_mint,en,CAD,2024-12-21T17:32:10.582Z
Lord of the Rings (LTR),binder,The Ring Goes South,LTR,The Lord of the Rings: Tales of Middle-earth,186,normal,rare,1,83010,3c8a4c7d-527c-49ea-a115-a9e747c0fd03,0.1,false,false,near_mint,en,CAD,2024-12-21T17:32:10.582Z
Lord of the Rings (LTR),binder,"Boromir, Warden of the Tower",LTR,The Lord of the Rings: Tales of Middle-earth,4,normal,rare,1,83652,f6bc3720-2892-4dda-8f30-079a1ac8e1e2,1.39,false,false,near_mint,en,CAD,2024-12-03T04:54:50.194Z
Lord of the Rings (LTR),binder,"Meneldor, Swift Savior",LTR,The Lord of the Rings: Tales of Middle-earth,62,normal,uncommon,1,83131,62d2ee20-abbc-4a9d-8d30-4223242123e8,0.01,false,false,near_mint,en,CAD,2024-11-01T01:52:07.401Z
Lord of the Rings (LTR),binder,Grey Havens Navigator,LTR,The Lord of the Rings: Tales of Middle-earth,53,normal,common,1,83068,4dd89994-bdff-47ca-a65d-10afcc7e773e,0.01,false,false,near_mint,en,CAD,2024-11-01T01:52:07.401Z
Lord of the Rings (LTR),binder,Elvish Mariner,LTR,The Lord of the Rings: Tales of Middle-earth,283,normal,rare,1,83199,7604d357-4196-421f-a5c3-c7cbe79f35cb,0.27,false,false,near_mint,en,CAD,2024-12-21T17:32:10.582Z
Lord of the Rings (LTR),binder,Troll of Khazad-dûm,LTR,The Lord of the Rings: Tales of Middle-earth,111,normal,common,1,83371,a6539e26-b63b-4725-9407-caaf451de084,0.14,false,false,near_mint,en,CAD,2024-12-21T17:32:10.582Z
Lord of the Rings (LTR),binder,Borne Upon a Wind,LTR,The Lord of the Rings: Tales of Middle-earth,44,normal,rare,1,83378,a9379675-1a32-4e2b-8aaf-5f908c595f31,0.36,false,false,near_mint,en,CAD,2024-12-21T17:32:10.582Z
Lord of the Rings (LTR),binder,"Gollum, Patient Plotter",LTR,The Lord of the Rings: Tales of Middle-earth,309,normal,uncommon,1,83375,a881aa61-fc7c-4ffb-a129-f75be8b2e498,0.01,false,false,near_mint,en,CAD,2024-11-01T01:52:07.401Z
Lord of the Rings (LTR),binder,Human Knight,TLTC,Tales of Middle-earth Commander Tokens,9,normal,common,3,83053,491fc1c3-a46e-4cfd-a749-57f4c96f6aea,1.36,false,false,near_mint,en,CAD,2024-10-06T17:56:55.319Z
Lord of the Rings (LTR),binder,Saruman of Many Colors,LTR,The Lord of the Rings: Tales of Middle-earth,412,normal,mythic,1,83617,eb7fc17a-00e6-48f2-a1b9-970d7720f87d,4.86,false,false,near_mint,en,CAD,2024-11-01T01:52:07.401Z
Lord of the Rings (LTR),binder,"Gríma, Saruman's Footman",LTC,Tales of Middle-earth Commander,57,normal,rare,1,82816,00f40514-d37d-423f-aa0c-1875300f43a8,2.1,false,false,near_mint,en,CAD,2024-12-03T04:54:50.194Z
Lord of the Rings (LTR),binder,Foray of Orcs,LTR,The Lord of the Rings: Tales of Middle-earth,417,normal,uncommon,1,83626,ef083f43-4748-42e6-bc22-fc2570db5ca3,0.01,false,false,near_mint,en,CAD,2024-11-01T01:52:07.401Z
Lord of the Rings (LTR),binder,Ioreth of the Healing House,LTR,The Lord of the Rings: Tales of Middle-earth,56,normal,uncommon,1,82827,03ab74cd-978a-49eb-9d38-bc8b472b3cef,0.01,false,false,near_mint,en,CAD,2024-11-01T01:52:07.401Z
Lord of the Rings (LTR),binder,Shadow of the Enemy,LTR,The Lord of the Rings: Tales of Middle-earth,424,normal,mythic,1,82987,357a1e7c-19f1-42ea-8a68-511a10ab699a,0.63,false,false,near_mint,en,CAD,2024-12-03T04:54:50.194Z
Lord of the Rings (LTR),binder,Oliphaunt,LTR,The Lord of the Rings: Tales of Middle-earth,426,normal,common,1,83667,fa65958a-f601-472e-a9b6-42650b97fa44,0.01,false,false,near_mint,en,CAD,2024-12-21T17:32:10.582Z
Lord of the Rings (LTR),binder,Eastfarthing Farmer,LTR,The Lord of the Rings: Tales of Middle-earth,8,normal,common,1,82944,26bb65ba-d605-4b79-a700-4a08ec5a90b4,0.01,false,false,near_mint,en,CAD,2024-12-21T17:32:10.582Z
Lord of the Rings (LTR),binder,Lórien Revealed,LTR,The Lord of the Rings: Tales of Middle-earth,60,normal,common,1,82850,0ce44270-a684-4489-9077-521456e6dfaa,1.36,false,false,near_mint,en,CAD,2024-12-21T17:32:10.582Z
Lord of the Rings (LTR),binder,Storm of Saruman,LTR,The Lord of the Rings: Tales of Middle-earth,413,normal,mythic,1,82895,1a02fac3-8990-4bd1-8e34-beec6332088c,2.1,false,false,near_mint,en,CAD,2024-12-03T04:54:50.194Z
Lord of the Rings (LTR),binder,The Ring // The Ring Tempts You,TLTR,Tales of Middle-earth Tokens,H13,normal,common,1,82677,7215460e-8c06-47d0-94e5-d1832d0218af,0.04,false,false,near_mint,en,CAD,2024-10-06T17:56:55.319Z
Lord of the Rings (LTR),binder,Gollum's Bite,LTR,The Lord of the Rings: Tales of Middle-earth,85,normal,uncommon,1,82900,1b1e790e-ff82-4888-8aee-9986c646241a,0.01,false,false,near_mint,en,CAD,2024-12-21T17:32:10.582Z
Lord of the Rings (LTR),binder,Rohirrim Lancer,LTR,The Lord of the Rings: Tales of Middle-earth,146,normal,common,1,82963,2f506f9f-4c0d-44e8-9f81-8403d808d0e4,0.01,false,false,near_mint,en,CAD,2024-11-01T01:52:07.401Z
Lord of the Rings (LTR),binder,The One Ring,LTR,The Lord of the Rings: Tales of Middle-earth,380,normal,mythic,1,83560,db80391f-1643-4b72-a397-d141bb5702ee,113.0,false,false,near_mint,en,CAD,2024-10-07T02:34:46.490Z
Lord of the Rings (LTR),binder,Swamp,LTR,The Lord of the Rings: Tales of Middle-earth,276,normal,common,1,83333,9b5f68bc-1842-4efd-b85a-d897cfd63bde,0.14,false,false,near_mint,en,CAD,2024-11-01T01:52:07.401Z
Lord of the Rings (LTR),binder,Stone of Erech,LTR,The Lord of the Rings: Tales of Middle-earth,251,normal,uncommon,1,83452,bc02e193-df33-4eb1-adc1-b51ee931218a,0.01,false,false,near_mint,en,CAD,2024-12-21T17:32:10.582Z
Lord of the Rings (LTR),binder,Esquire of the King,LTR,The Lord of the Rings: Tales of Middle-earth,13,normal,common,1,83503,caa6dded-ab08-43d0-b2fb-008854582cba,0.01,false,false,near_mint,en,CAD,2024-12-21T17:32:10.582Z
Lord of the Rings (LTR),binder,Plains,LTR,The Lord of the Rings: Tales of Middle-earth,262,normal,common,1,83656,f724ae86-b968-4f49-8267-c2c34c22f1b6,0.01,false,false,near_mint,en,CAD,2024-11-01T01:52:07.401Z
Lord of the Rings (LTR),binder,"Erkenbrand, Lord of Westfold",LTR,The Lord of the Rings: Tales of Middle-earth,123,foil,uncommon,1,82999,38f81e68-cddd-47f4-b1d1-a297c3298c25,0.03,false,false,near_mint,en,CAD,2024-12-21T17:32:10.582Z
Lord of the Rings (LTR),binder,"Gothmog, Morgul Lieutenant",LTR,The Lord of the Rings: Tales of Middle-earth,429,normal,uncommon,1,83055,4b9af0ce-db08-4ccf-a9f3-b7c1eea14423,0.01,false,false,near_mint,en,CAD,2024-11-01T01:52:07.401Z
Lord of the Rings (LTR),binder,"Éowyn, Shieldmaiden",LTC,Tales of Middle-earth Commander,81,etched,mythic,1,82838,083c8d0a-87df-4472-9616-67d57cb05d83,0.12,false,false,near_mint,en,CAD,2024-10-06T17:56:55.319Z
Lord of the Rings (LTR),binder,Chance-Met Elves,LTR,The Lord of the Rings: Tales of Middle-earth,157,normal,common,1,82843,0aa57431-39e2-4152-8a30-1c1e8faef153,0.01,false,false,near_mint,en,CAD,2024-11-01T01:52:07.401Z
Lord of the Rings (LTR),binder,"Grishnákh, Brash Instigator",LTR,The Lord of the Rings: Tales of Middle-earth,134,normal,uncommon,1,83136,6385e769-f805-499d-9f47-494533362152,0.01,false,false,near_mint,en,CAD,2024-11-01T01:52:07.401Z
Lord of the Rings (LTR),binder,Council's Deliberation,LTR,The Lord of the Rings: Tales of Middle-earth,46,normal,uncommon,1,83142,651503a2-5d1e-408a-9cdc-0cee05ab3ef0,0.01,false,false,near_mint,en,CAD,2024-12-21T17:32:10.582Z
Lord of the Rings (LTR),binder,Cast into the Fire,LTR,The Lord of the Rings: Tales of Middle-earth,118,foil,common,1,82962,2ef878cb-27b6-47d8-ad11-bd20529b0e7e,0.53,false,false,near_mint,en,CAD,2024-11-01T01:52:07.401Z
Lord of the Rings (LTR),binder,Westfold Rider,LTR,The Lord of the Rings: Tales of Middle-earth,37,normal,common,1,83187,71ed2e4b-c732-472a-a589-f1f53086d9ee,0.01,false,false,near_mint,en,CAD,2024-12-21T17:32:10.582Z
Lord of the Rings (LTR),binder,"Glorfindel, Dauntless Rescuer",LTR,The Lord of the Rings: Tales of Middle-earth,171,normal,uncommon,1,83444,baf7a546-8a8b-4396-ab64-9a5b9abffe79,0.01,false,false,near_mint,en,CAD,2024-12-21T17:32:10.582Z
Lord of the Rings (LTR),binder,Mirkwood Bats,LTR,The Lord of the Rings: Tales of Middle-earth,421,normal,common,1,83265,882747f9-b4fe-42be-8fe9-f871cd0779bd,0.04,false,false,near_mint,en,CAD,2024-12-21T17:32:10.582Z
Lord of the Rings (LTR),binder,Wizard's Rockets,LTR,The Lord of the Rings: Tales of Middle-earth,252,normal,common,1,82906,1c6ed742-dfb1-41e2-8f19-184555109e34,0.01,false,false,near_mint,en,CAD,2024-12-21T17:32:10.582Z
Lord of the Rings (LTR),binder,Mordor Muster,LTR,The Lord of the Rings: Tales of Middle-earth,96,foil,common,1,83385,aae2f15a-0629-453e-992c-a199af194a3c,0.03,false,false,near_mint,en,CAD,2024-12-21T17:32:10.582Z
Lord of the Rings (LTR),binder,Oliphaunt,LTR,The Lord of the Rings: Tales of Middle-earth,426,foil,common,1,83667,fa65958a-f601-472e-a9b6-42650b97fa44,0.01,false,false,near_mint,en,CAD,2024-11-01T01:52:07.401Z
Lord of the Rings (LTR),binder,Gandalf's Sanction,LTR,The Lord of the Rings: Tales of Middle-earth,208,normal,uncommon,1,83286,8ebf2a25-9bee-4146-af83-f22aab6db2a8,0.01,false,false,near_mint,en,CAD,2024-12-21T17:32:10.582Z
Lord of the Rings (LTR),binder,Forest,LTR,The Lord of the Rings: Tales of Middle-earth,271,foil,common,1,82833,07264de1-4322-4adb-8f08-c0aa236747c7,0.03,false,false,near_mint,en,CAD,2024-11-01T01:52:07.401Z
Lord of the Rings (LTR),binder,"Meneldor, Swift Savior",LTR,The Lord of the Rings: Tales of Middle-earth,62,foil,uncommon,1,83131,62d2ee20-abbc-4a9d-8d30-4223242123e8,0.06,false,false,near_mint,en,CAD,2024-12-21T17:32:10.582Z
Lord of the Rings (LTR),binder,Arwen Undómiel,LTR,The Lord of the Rings: Tales of Middle-earth,194,normal,uncommon,1,83484,c544e301-13b4-4dec-b65c-d54809bb7736,0.01,false,false,near_mint,en,CAD,2024-12-21T17:32:10.582Z
Lord of the Rings (LTR),binder,Doors of Durin,LTR,The Lord of the Rings: Tales of Middle-earth,199,normal,rare,2,83285,8ebd8813-4aaf-48bf-9243-3ec4099b8372,0.08,false,false,near_mint,en,CAD,2024-11-01T01:52:07.401Z
Lord of the Rings (LTR),binder,Ranger's Firebrand,LTR,The Lord of the Rings: Tales of Middle-earth,143,normal,uncommon,1,82831,06541200-fa4c-4b98-bdc4-44708fd2ddf6,0.01,false,false,near_mint,en,CAD,2024-12-21T17:32:10.582Z
Lord of the Rings (LTR),binder,Saruman's Trickery,LTR,The Lord of the Rings: Tales of Middle-earth,68,normal,uncommon,1,83284,8eb6c23b-e52e-4533-9625-884eb0a4d866,0.01,false,false,near_mint,en,CAD,2024-11-01T01:52:07.401Z
Lord of the Rings (LTR),binder,The Monarch,TLTC,Tales of Middle-earth Commander Tokens,15,normal,common,1,83134,63455c28-3e53-45b1-8d0b-a5045dab1fb9,1.18,false,false,near_mint,en,CAD,2024-10-06T17:56:55.319Z
Lord of the Rings (LTR),binder,Rise of the Witch-king,LTR,The Lord of the Rings: Tales of Middle-earth,221,normal,uncommon,1,83020,3f440fa1-5387-41d6-a80f-5b19dbb21514,0.16,false,false,near_mint,en,CAD,2024-12-21T17:32:10.582Z
Lord of the Rings (LTR),binder,"Lotho, Corrupt Shirriff",LTR,The Lord of the Rings: Tales of Middle-earth,781,foil,rare,1,86684,b1634891-9113-4679-ad30-afc2c4e31d80,5.16,false,false,near_mint,en,CAD,2024-12-03T04:54:50.194Z
Lord of the Rings (LTR),binder,Galadhrim Bow,LTR,The Lord of the Rings: Tales of Middle-earth,167,normal,common,1,83340,9df34f21-798f-440d-8b09-ec5b5c0b8c12,0.01,false,false,near_mint,en,CAD,2024-11-01T01:52:07.401Z
Lord of the Rings (LTR),binder,East-Mark Cavalier,LTR,The Lord of the Rings: Tales of Middle-earth,9,normal,common,1,83337,9be412c0-45d4-4856-a8cf-63a5a822dc5c,0.01,false,false,near_mint,en,CAD,2024-12-21T17:32:10.582Z
Lord of the Rings (LTR),binder,Willow-Wind,LTR,The Lord of the Rings: Tales of Middle-earth,76,normal,common,1,82844,0adc3bff-0eb1-40e9-b954-5515babd07a3,0.01,false,false,near_mint,en,CAD,2024-11-01T01:52:07.401Z
Lord of the Rings (LTR),binder,Rush the Room,LTR,The Lord of the Rings: Tales of Middle-earth,147,normal,common,1,83646,f525b727-acde-427b-9c33-20964e8cf613,0.01,false,false,near_mint,en,CAD,2024-11-01T01:52:07.401Z
Lord of the Rings (LTR),binder,Human,TLTC,Tales of Middle-earth Commander Tokens,4,normal,common,9,83155,68264336-6bfb-44d9-86f5-86ef6433bc2f,0.05,false,false,near_mint,en,CAD,2024-10-06T17:56:55.319Z
Lord of the Rings (LTR),binder,"Sam, Loyal Attendant",LTC,Tales of Middle-earth Commander,7,normal,mythic,1,83157,687a2b76-3f05-4732-bd9b-513d06d16300,0.14,false,false,near_mint,en,CAD,2024-11-01T01:52:07.401Z
Lord of the Rings (LTR),binder,Human Soldier,TLTR,Tales of Middle-earth Tokens,2,normal,common,2,83655,f6df0025-8f6a-43e1-8f07-36f18da3a485,0.01,false,false,near_mint,en,CAD,2024-10-06T17:56:55.319Z
Lord of the Rings (LTR),binder,Gríma Wormtongue,LTR,The Lord of the Rings: Tales of Middle-earth,88,normal,uncommon,1,83283,8e3bd86b-e8ca-4885-a823-78fb967e6caf,0.01,false,false,near_mint,en,CAD,2024-11-01T01:52:07.401Z
Lord of the Rings (LTR),binder,The Grey Havens,LTR,The Lord of the Rings: Tales of Middle-earth,255,normal,uncommon,1,83571,dd698f10-b0fc-42fc-84ec-f5a0d96bfa1d,0.06,false,false,near_mint,en,CAD,2024-12-21T17:32:10.582Z
Lord of the Rings (LTR),binder,Saruman the White,LTR,The Lord of the Rings: Tales of Middle-earth,67,normal,uncommon,1,82903,1bfccbab-29fa-4e92-8919-6cd4815fb655,0.01,false,false,near_mint,en,CAD,2024-11-01T01:52:07.401Z
Lord of the Rings (LTR),binder,Hithlain Knots,LTR,The Lord of the Rings: Tales of Middle-earth,54,normal,common,1,83448,bbcc27e7-cbe4-45c2-b157-7251a10e7ba4,0.01,false,false,near_mint,en,CAD,2024-11-01T01:52:07.401Z
Lord of the Rings (LTR),binder,Prince Imrahil the Fair,LTR,The Lord of the Rings: Tales of Middle-earth,431,normal,uncommon,1,83349,a0c9c814-df6b-4b54-a233-9bed31009bed,0.01,false,false,near_mint,en,CAD,2024-12-21T17:32:10.582Z
Lord of the Rings (LTR),binder,Gwaihir the Windlord,LTR,The Lord of the Rings: Tales of Middle-earth,210,normal,uncommon,1,82897,1a42c951-1146-4f49-a690-7d385962b191,0.01,false,false,near_mint,en,CAD,2024-11-01T01:52:07.401Z
Lord of the Rings (LTR),binder,Human Soldier,TLTR,Tales of Middle-earth Tokens,1,normal,common,2,83561,dbab4309-daca-42d9-ad0b-0457717c4503,0.01,false,false,near_mint,en,CAD,2024-10-06T17:56:55.319Z
Lord of the Rings (LTR),binder,"Landroval, Horizon Witness",LTR,The Lord of the Rings: Tales of Middle-earth,21,normal,uncommon,1,83089,5684483b-9a6a-499b-a5e1-e2815ee03cdb,0.01,false,false,near_mint,en,CAD,2024-11-01T01:52:07.401Z
Lord of the Rings (LTR),binder,Éomer of the Riddermark,LTR,The Lord of the Rings: Tales of Middle-earth,121,normal,uncommon,1,83552,d920fcaf-4988-4186-962d-cdda25d79e7b,0.01,false,false,near_mint,en,CAD,2024-11-01T01:52:07.401Z
Lord of the Rings (LTR),binder,"Glóin, Dwarf Emissary",LTR,The Lord of the Rings: Tales of Middle-earth,132,normal,rare,1,83261,868a2aa7-bcaf-409b-8802-d00ee1f2ae77,0.17,false,false,near_mint,en,CAD,2024-11-01T01:52:07.401Z
Lord of the Rings (LTR),binder,Relentless Rohirrim,LTR,The Lord of the Rings: Tales of Middle-earth,144,normal,common,1,82924,21b7606a-6a4c-4bf0-b311-1883383161d2,0.01,false,false,near_mint,en,CAD,2024-11-01T01:52:07.401Z
Lord of the Rings (LTR),binder,Knights of Dol Amroth,LTR,The Lord of the Rings: Tales of Middle-earth,59,normal,common,1,83146,661338ff-a192-4007-a144-63d00f2e9ecb,0.01,false,false,near_mint,en,CAD,2024-12-21T17:32:10.582Z
Modern Horizons 3 (MH3),binder,Contaminated Landscape,MH3,Modern Horizons 3,218,normal,common,1,94823,e2312c49-1627-47ad-8113-78a999a97d8d,0.01,false,false,near_mint,en,CAD,2024-10-06T18:56:02.143Z
Modern Horizons 3 (MH3),binder,Disciple of Freyalise // Garden of Freyalise,MH3,Modern Horizons 3,250,normal,uncommon,1,94573,a8e9ea5a-5e10-4b77-baef-0352ff035483,0.68,false,false,near_mint,en,CAD,2024-10-06T18:56:02.143Z
Modern Horizons 3 (MH3),binder,Path of Annihilation,MH3,Modern Horizons 3,165,normal,uncommon,1,94386,28493c98-a11c-4bcc-bf55-412c884ffa7a,0.01,false,false,near_mint,en,CAD,2024-10-06T18:56:02.143Z
Modern Horizons 3 (MH3),binder,"Nadu, Winged Wisdom",MH3,Modern Horizons 3,377,normal,rare,1,94518,8281df8a-2fde-454a-813c-d9f86bb35d36,1.62,false,false,near_mint,en,CAD,2024-10-06T18:56:02.143Z
Modern Horizons 3 (MH3),binder,Bridgeworks Battle // Tanglespan Bridgeworks,MH3,Modern Horizons 3,249,normal,uncommon,1,94664,ebef3db0-2b58-4581-a79c-fbca9a059e63,0.22,false,false,near_mint,en,CAD,2024-10-06T18:56:02.143Z
Modern Horizons 3 (MH3),binder,Drownyard Lurker,MH3,Modern Horizons 3,3,normal,common,1,94867,7faf5812-2067-4386-bb83-150723d67d02,0.01,false,false,near_mint,en,CAD,2024-10-06T18:56:02.143Z
Modern Horizons 3 (MH3),binder,Triton Wavebreaker,MH3,Modern Horizons 3,74,normal,uncommon,1,94420,41e68700-c71c-46db-b6a4-beae924cf97a,0.01,false,false,near_mint,en,CAD,2024-10-06T18:56:02.143Z
Modern Horizons 3 (MH3),binder,Lion Umbra,MH3,Modern Horizons 3,160,normal,uncommon,1,94772,89d58e9b-b1d9-4174-a30d-426d2e0ace07,0.03,false,false,near_mint,en,CAD,2024-10-06T18:56:02.143Z
Modern Horizons 3 (MH3),binder,Tranquil Landscape,MH3,Modern Horizons 3,231,normal,common,1,94709,113f48b9-a972-4e2c-af95-05ab078e01f2,0.01,false,false,near_mint,en,CAD,2024-10-06T18:56:02.143Z
Modern Horizons 3 (MH3),binder,Territory Culler,MH3,Modern Horizons 3,173,normal,uncommon,1,94786,9c249aa6-c65c-4572-8e2e-c3899638ecce,0.03,false,false,near_mint,en,CAD,2024-10-06T18:56:02.143Z
Modern Horizons 3 (MH3),binder,Jolted Awake,MH3,Modern Horizons 3,33,normal,common,1,94895,f773a79f-ad0f-45c9-bcf5-44ba5e992729,0.01,false,false,near_mint,en,CAD,2024-10-06T18:56:02.143Z
Modern Horizons 3 (MH3),binder,Malevolent Rumble,MH3,Modern Horizons 3,161,normal,common,1,94878,a178cfe8-f9fa-4255-88d0-54a0bed079f5,0.07,false,false,near_mint,en,CAD,2024-10-06T18:56:02.143Z
Modern Horizons 3 (MH3),binder,Hydroelectric Specimen // Hydroelectric Laboratory,MH3,Modern Horizons 3,240,normal,uncommon,1,94769,8689ecd7-e9a6-458b-99d2-6dbaca527f00,0.27,false,false,near_mint,en,CAD,2024-10-06T18:56:02.143Z
Modern Horizons 3 (MH3),binder,Priest of Titania,MH3,Modern Horizons 3,286,normal,uncommon,1,91788,eb11921b-1b28-483f-a707-4de21a6daa31,0.15,false,false,near_mint,en,CAD,2024-10-06T18:56:02.143Z
Modern Horizons 3 (MH3),binder,Riddle Gate Gargoyle,MH3,Modern Horizons 3,201,normal,common,1,94854,4e72a934-12e0-4e56-af67-566c2d5b01c1,0.01,false,false,near_mint,en,CAD,2024-10-06T18:56:02.143Z
Modern Horizons 3 (MH3),binder,Petrifying Meddler,MH3,Modern Horizons 3,66,normal,common,1,94673,f0f2bdfd-1cbc-456e-aba7-4e0b6485cf8a,0.01,false,false,near_mint,en,CAD,2024-10-06T18:56:02.143Z
Modern Horizons 3 (MH3),binder,Skittering Precursor,MH3,Modern Horizons 3,137,normal,uncommon,1,94793,a3a3b943-7b38-4316-87d9-15e0c08abea5,0.01,false,false,near_mint,en,CAD,2024-10-06T18:56:02.143Z
Modern Horizons 3 (MH3),binder,Hydra Trainer,MH3,Modern Horizons 3,159,normal,uncommon,1,94557,9d28ae5c-eec3-445a-81d6-42bf9789afce,0.01,false,false,near_mint,en,CAD,2024-10-06T18:56:02.143Z
Modern Horizons 3 (MH3),binder,Fowl Strike,MH3,Modern Horizons 3,155,normal,common,1,94766,83b6c7ab-f42f-40d2-9cb6-89291d57e27f,0.01,false,false,near_mint,en,CAD,2024-10-06T18:56:02.143Z
Modern Horizons 3 (MH3),binder,Dog Umbra,MH3,Modern Horizons 3,22,normal,common,1,94534,8d4ba710-eddb-40ca-b2fe-0e4e778aab9c,0.01,false,false,near_mint,en,CAD,2024-10-06T18:56:02.143Z
Modern Horizons 3 (MH3),binder,Tune the Narrative,MH3,Modern Horizons 3,75,normal,common,1,94418,40b13321-98f1-4e8c-802d-65498e43ec24,0.01,false,false,near_mint,en,CAD,2024-10-06T18:56:02.143Z
Modern Horizons 3 (MH3),binder,Consign to Memory,MH3,Modern Horizons 3,54,normal,uncommon,1,94600,bc95af55-d1dd-4fe6-adb0-3ad6db20d986,6.79,false,false,near_mint,en,CAD,2024-10-06T18:56:02.143Z
Modern Horizons 3 (MH3),binder,Flare of Cultivation,MH3,Modern Horizons 3,154,normal,rare,1,91777,bda2fa87-81c0-41ac-8831-556ce392c058,0.41,false,false,near_mint,en,CAD,2024-10-06T18:56:02.143Z
Modern Horizons 3 (MH3),binder,Nightshade Dryad,MH3,Modern Horizons 3,163,normal,common,1,94864,71f9252d-241f-45ea-9d80-663150963b59,0.01,false,false,near_mint,en,CAD,2024-10-06T18:56:02.143Z
Modern Horizons 3 (MH3),binder,Sheltering Landscape,MH3,Modern Horizons 3,227,normal,common,1,94708,0fe070f4-8877-4280-b8fd-869f3ac34ab6,0.07,false,false,near_mint,en,CAD,2024-10-06T18:56:02.143Z
Modern Horizons 3 (MH3),binder,Sage of the Unknowable,MH3,Modern Horizons 3,68,normal,common,1,94876,9f481ab3-ca6c-4a5c-aa32-d087464fc4da,0.01,false,false,near_mint,en,CAD,2024-10-06T18:56:02.143Z
Modern Horizons 3 (MH3),binder,Aether Spike,MH3,Modern Horizons 3,50,normal,common,2,94833,012f5195-10ab-4b32-a5de-a79341cd536a,0.01,false,false,near_mint,en,CAD,2024-10-06T18:56:02.143Z
Modern Horizons 3 (MH3),binder,Golden-Tail Trainer,MH3,Modern Horizons 3,187,normal,uncommon,1,94384,27d42bd9-0307-42ec-a4cd-b39b69b607d0,0.01,false,false,near_mint,en,CAD,2024-10-06T18:56:02.143Z
Modern Horizons 3 (MH3),binder,Deceptive Landscape,MH3,Modern Horizons 3,219,normal,common,1,94724,2ae6828e-ff19-45db-8b59-61616353491f,0.05,false,false,near_mint,en,CAD,2024-10-06T18:56:02.143Z
Modern Horizons 3 (MH3),binder,Tamiyo Meets the Story Circle,MH3,Modern Horizons 3,72,normal,uncommon,1,94670,ee66a06e-a461-46af-a318-550bc35de5d0,0.01,false,false,near_mint,en,CAD,2024-10-06T18:56:02.143Z
Modern Horizons 3 (MH3),binder,Springheart Nantuko,MH3,Modern Horizons 3,171,normal,rare,1,94453,54a3ea87-005e-4985-b2a5-21711d0b71c0,3.37,false,false,near_mint,en,CAD,2024-10-06T18:56:02.143Z
Modern Horizons 3 (MH3),binder,Shrieking Drake,MH3,Modern Horizons 3,272,normal,uncommon,1,94875,9f1cc39f-898c-4e92-82a0-a17606b60574,0.01,false,false,near_mint,en,CAD,2024-10-06T18:56:02.143Z
Modern Horizons 3 (MH3),binder,Snapping Voidcraw,MH3,Modern Horizons 3,204,normal,common,1,94870,9185371c-2dde-48ad-ab27-08be04b3c522,0.01,false,false,near_mint,en,CAD,2024-10-06T18:56:02.143Z
Modern Horizons 3 (MH3),binder,Temperamental Oozewagg,MH3,Modern Horizons 3,172,normal,common,1,94484,6625df2e-7046-411a-ae86-c46ac0953a0b,0.01,false,false,near_mint,en,CAD,2024-10-06T18:56:02.143Z
Modern Horizons 3 (MH3),binder,Twisted Landscape,MH3,Modern Horizons 3,232,normal,common,1,94815,d0e3e7b3-7ba9-47a2-b46c-a40bffb445e2,0.01,false,false,near_mint,en,CAD,2024-10-06T18:56:02.143Z
Modern Horizons 3 (MH3),binder,Faithful Watchdog,MH3,Modern Horizons 3,185,normal,common,1,94882,b9afac99-a094-41a8-8323-90dec29691c4,0.01,false,false,near_mint,en,CAD,2024-10-06T18:56:02.143Z
Modern Horizons 3 (MH3),binder,Cephalid Coliseum,MH3,Modern Horizons 3,300,normal,uncommon,1,94394,2cb9c743-8793-48e6-bb3d-0d9b76fd1a62,0.01,false,false,near_mint,en,CAD,2024-10-06T18:56:02.143Z
Modern Horizons 3 (MH3),binder,Deem Inferior,MH3,Modern Horizons 3,57,foil,common,1,94616,cc0835c7-58ca-4f16-984a-c590ce6a229a,0.01,false,false,near_mint,en,CAD,2024-10-06T18:56:02.143Z
Modern Horizons 3 (MH3),binder,Glaring Fleshraker,MH3,Modern Horizons 3,7,normal,uncommon,1,94515,80c2a3c7-1486-4ff9-88ec-79ec67a437f8,0.27,false,false,near_mint,en,CAD,2024-10-06T18:56:02.143Z
Modern Horizons 3 (MH3),binder,Monstrous Vortex,MH3,Modern Horizons 3,162,normal,uncommon,1,94713,162fcdec-bf3c-43ba-9ada-212f7dec5fbd,0.08,false,false,near_mint,en,CAD,2024-10-06T18:56:02.143Z
Aetherdrift (DFT),binder,Defend the Rider,DFT,Aetherdrift,157,normal,uncommon,1,103057,59ed23a2-6153-47b2-ab73-062195cafb74,0.34,false,false,near_mint,en,CAD,2025-10-16T21:43:42.685Z
Aetherdrift (DFT),binder,Glitch Ghost Surveyor,DFT,Aetherdrift,44,normal,common,1,103615,b9bb89b9-50dd-4b36-aa10-aba585e50246,0.01,false,false,near_mint,en,CAD,2025-10-16T21:43:42.685Z
Aetherdrift (DFT),binder,Spire Mechcycle,DFT,Aetherdrift,147,normal,uncommon,1,103671,f483debe-9c54-4323-aec5-226587ece2c9,0.01,false,false,near_mint,en,CAD,2025-10-16T21:43:42.685Z
Aetherdrift (DFT),binder,"Samut, the Driving Force",DFT,Aetherdrift,222,normal,rare,1,103165,8efd8222-5c37-46d8-a2ec-1d7aae25320b,0.01,false,false,near_mint,en,CAD,2025-10-16T21:43:42.685Z
Aetherdrift (DFT),binder,Momentum Breaker,DFT,Aetherdrift,97,normal,uncommon,1,102984,38513b53-384f-45e7-9905-80dd2c3c4918,0.28,false,false,near_mint,en,CAD,2025-10-16T21:43:42.685Z
Aetherdrift (DFT),binder,Night Market,DFT,Aetherdrift,258,normal,common,1,103214,a8c1dce3-6136-4294-9d2b-5ef8527d733b,0.01,false,false,near_mint,en,CAD,2025-10-16T21:43:42.685Z
Aetherdrift (DFT),binder,Zombie,TDFT,Aetherdrift Tokens,3,normal,common,1,103238,b82be730-c63b-4c2b-99f4-476befdb95cb,,false,false,near_mint,en,CAD,2025-10-16T21:44:59.251Z
Aetherdrift (DFT),binder,Deathless Pilot,DFT,Aetherdrift,82,foil,common,1,103655,e704fb95-17b7-432a-831c-18abe7d9cc73,0.01,false,false,near_mint,en,CAD,2025-10-16T21:43:42.685Z
Aetherdrift (DFT),binder,Pilot,TDFT,Aetherdrift Tokens,1,normal,common,1,103557,8672d795-04f9-4089-9c92-6d6ff628da12,,false,false,near_mint,en,CAD,2025-10-16T21:44:59.251Z
Aetherdrift (DFT),binder,Jibbirik Omnivore,DFT,Aetherdrift,166,normal,common,1,103522,68a0569b-65c8-49ce-91ac-e639b8faf939,0.01,false,false,near_mint,en,CAD,2025-10-16T21:43:42.685Z
Aetherdrift (DFT),binder,Skyserpent Seeker,DFT,Aetherdrift,224,normal,uncommon,1,103567,8dbd9fc0-c0df-4119-a0d3-2e1790998c21,0.07,false,false,near_mint,en,CAD,2025-10-16T21:43:42.685Z
Aetherdrift (DFT),binder,Rugged Highlands,DFT,Aetherdrift,262,normal,common,1,103106,73b7484f-923c-46c5-95bf-c2c6706c0d48,0.01,false,false,near_mint,en,CAD,2025-10-16T21:43:42.685Z
Aetherdrift (DFT),binder,Spotcycle Scouter,DFT,Aetherdrift,30,normal,common,1,103346,f0489108-75b7-441c-888d-12987c0c1080,0.01,false,false,near_mint,en,CAD,2025-10-16T21:43:42.685Z
Aetherdrift (DFT),binder,Grim Bauble,DFT,Aetherdrift,88,normal,common,1,103585,9bfdf60a-6f67-4872-8961-d63776b192c3,0.01,false,false,near_mint,en,CAD,2025-10-16T21:43:42.685Z
Aetherdrift (DFT),binder,Magmakin Artillerist,DFT,Aetherdrift,137,normal,common,1,103454,2ac26341-a100-424d-be84-33fbbf1b4078,0.03,false,false,near_mint,en,CAD,2025-10-16T21:43:42.685Z
Aetherdrift (DFT),binder,"Daretti, Rocketeer Engineer",DFT,Aetherdrift,120,normal,rare,1,100067,be626e2f-1075-4497-bd5b-bd805777afd3,0.01,false,false,near_mint,en,CAD,2026-04-28T01:43:41.839Z
Aetherdrift (DFT),binder,Elvish Refueler,DFT,Aetherdrift,161,normal,uncommon,1,102954,25dfbcb6-9b67-4151-b10f-dde70c5fd16d,0.01,false,false,near_mint,en,CAD,2026-04-28T01:43:41.838Z
Aetherdrift (DFT),binder,Pactdoll Terror,DFT,Aetherdrift,99,normal,common,1,103535,70226354-47b7-4f9d-a5a8-559d17f07720,0.01,false,false,near_mint,en,CAD,2026-04-28T01:43:41.830Z
Aetherdrift (DFT),binder,Voyager Quickwelder,DFT,Aetherdrift,37,normal,common,1,103673,f6dcdc8c-fba1-4ea1-bf93-65072d10f0da,0.11,false,false,near_mint,en,CAD,2026-04-28T01:43:41.832Z
Aetherdrift (DFT),binder,Beastrider Vanguard,DFT,Aetherdrift,154,foil,common,1,103365,f4b99a61-49f1-46a2-9eb7-b6c88c236215,0.01,false,false,near_mint,en,CAD,2026-04-28T01:43:41.841Z
Aetherdrift (DFT),binder,Lifecraft Engine,DFT,Aetherdrift,329,normal,rare,1,102941,1f0aa565-1ef0-41f5-a86d-0701e357cde9,,false,false,near_mint,en,CAD,2026-04-28T01:43:41.840Z
Aetherdrift (DFT),binder,Lightwheel Enhancements,DFT,Aetherdrift,20,normal,common,1,103583,9ab169c1-4e25-4a5d-8961-4f06298c3781,0.01,false,false,near_mint,en,CAD,2026-04-28T01:43:41.834Z
Aetherdrift (DFT),binder,Thunderhead Gunner,DFT,Aetherdrift,148,normal,common,1,103669,ef537868-b2cb-4bbd-a935-b7f73f19bd06,0.01,false,false,near_mint,en,CAD,2026-04-28T01:43:41.833Z
Aetherdrift (DFT),binder,Guidelight Synergist,DFT,Aetherdrift,16,normal,uncommon,1,103677,fdaeea2c-d8aa-416f-95d6-6af888591fdf,0.03,false,false,near_mint,en,CAD,2026-04-28T01:43:41.836Z
Aetherdrift (DFT),binder,Midnight Mangler,DFT,Aetherdrift,50,normal,common,1,102951,237568e3-7331-4bbb-a091-a766723134fc,0.01,false,false,near_mint,en,CAD,2026-04-28T01:43:41.831Z
Aetherdrift (DFT),binder,Venomsac Lagac,DFT,Aetherdrift,185,normal,common,1,103171,9142b1c9-09d7-42e4-8138-6c15d31f2470,0.01,false,false,near_mint,en,CAD,2026-04-28T01:43:41.829Z
Aetherdrift (DFT),binder,Skycrash,DFT,Aetherdrift,146,normal,uncommon,1,103560,87e82be6-d2b4-4c95-8466-477e8c6832e9,0.01,false,false,near_mint,en,CAD,2026-04-28T01:43:41.837Z
Aetherdrift (DFT),binder,Camera Launcher,DFT,Aetherdrift,232,normal,common,1,103580,968651db-92fb-46cd-acda-9e097668b7c9,0.01,false,false,near_mint,en,CAD,2026-04-28T01:43:41.835Z
Outlaws of Thunder Junction (OTJ),binder,Ambush Gigapede,OTJ,Outlaws of Thunder Junction,77,normal,common,1,93268,93b17d09-974a-4e33-b14d-5fe4230ab241,0.01,false,false,near_mint,en,CAD,2024-10-05T18:24:34.298Z
Outlaws of Thunder Junction (OTJ),binder,Rooftop Assassin,OTJ,Outlaws of Thunder Junction,103,normal,common,1,93391,e4e4311a-8583-4cf0-8126-508dbfbcddb6,0.01,false,false,near_mint,en,CAD,2024-10-05T18:24:34.298Z
Outlaws of Thunder Junction (OTJ),binder,Make Your Own Luck,OTJ,Outlaws of Thunder Junction,218,foil,uncommon,1,93032,0557b0a3-2b48-408f-a508-9f4da2ab1cd1,0.03,false,false,near_mint,en,CAD,2024-08-05T21:24:44.594Z
Outlaws of Thunder Junction (OTJ),binder,Memory Vessel,BIG,The Big Score,13,normal,mythic,1,93557,2e37a5cd-887d-4b41-97f7-ae0bba85436b,0.15,false,false,near_mint,en,CAD,2024-10-05T18:24:34.298Z
Outlaws of Thunder Junction (OTJ),binder,Resilient Roadrunner,OTJ,Outlaws of Thunder Junction,141,normal,uncommon,1,93383,e07d3ee9-d3c4-4f07-839e-ec81c2587ae0,0.01,false,false,near_mint,en,CAD,2024-10-06T19:07:28.200Z
Outlaws of Thunder Junction (OTJ),binder,Prickly Pair,OTJ,Outlaws of Thunder Junction,137,normal,common,1,93398,e70f2278-8857-46e4-aa2b-fff5589b750f,0.01,false,false,near_mint,en,CAD,2024-08-05T21:24:44.594Z
Outlaws of Thunder Junction (OTJ),binder,Quick Draw,OTJ,Outlaws of Thunder Junction,138,normal,common,2,93168,56399cd0-1214-42b6-be38-f2cbd770915f,0.01,false,false,near_mint,en,CAD,2024-08-06T00:23:50.223Z
Outlaws of Thunder Junction (OTJ),binder,Mystical Tether,OTJ,Outlaws of Thunder Junction,19,normal,common,1,93064,18344498-952e-489c-8b03-bd1bef4c26ca,0.01,false,false,near_mint,en,CAD,2024-10-05T18:24:34.298Z
Outlaws of Thunder Junction (OTJ),binder,"Ertha Jo, Frontier Mentor",OTJ,Outlaws of Thunder Junction,203,foil,uncommon,1,93294,a4e81be6-6447-4f1e-be00-6fcdb2ab35af,0.03,false,false,near_mint,en,CAD,2024-10-05T18:24:34.298Z
Outlaws of Thunder Junction (OTJ),binder,Arid Archway,OTJ,Outlaws of Thunder Junction,252,normal,uncommon,1,93133,3f8c8fa2-12ab-4f6a-9f7a-2bc69e9ba024,0.26,false,false,near_mint,en,CAD,2024-10-05T18:24:34.298Z
Outlaws of Thunder Junction (OTJ),binder,Spirebluff Canal,OTJ,Outlaws of Thunder Junction,270,normal,rare,1,93174,59a04e16-a767-4112-ab01-6ca1b09c286c,1.36,false,false,near_mint,en,CAD,2024-10-06T19:07:28.200Z
Outlaws of Thunder Junction (OTJ),binder,Congregation Gryff,OTJ,Outlaws of Thunder Junction,200,normal,uncommon,2,93045,0ef4907a-2fc1-42c5-bffc-3b3f93601fb9,0.01,false,false,near_mint,en,CAD,2024-08-05T21:24:44.594Z
Outlaws of Thunder Junction (OTJ),binder,Generous Plunderer,BIG,The Big Score,11,normal,mythic,2,93613,4c6cf93a-d073-48ac-88db-c46bf3e10beb,5.15,false,false,near_mint,en,CAD,2024-10-05T18:24:34.298Z
Outlaws of Thunder Junction (OTJ),binder,Magebane Lizard,OTJ,Outlaws of Thunder Junction,134,normal,uncommon,1,93189,62e12566-375f-4f31-aa91-1b13a96d9ece,1.15,false,false,near_mint,en,CAD,2024-10-05T18:24:34.298Z
Outlaws of Thunder Junction (OTJ),binder,Shifting Grift,OTJ,Outlaws of Thunder Junction,66,normal,uncommon,1,93085,20b8313b-a680-4dca-959a-1a7fa5cb4b1b,0.01,false,false,near_mint,en,CAD,2024-10-05T18:24:34.298Z
Outlaws of Thunder Junction (OTJ),binder,Emergent Haunting,OTJ,Outlaws of Thunder Junction,46,normal,uncommon,1,93186,623053a8-7abe-45ec-9f26-97e1c037120b,0.01,false,false,near_mint,en,CAD,2024-08-06T00:23:50.223Z
Outlaws of Thunder Junction (OTJ),binder,Lush Oasis,OTJ,Outlaws of Thunder Junction,261,foil,common,1,93276,988e44c5-4632-4ebb-b6ae-c3886e49d637,0.01,false,false,near_mint,en,CAD,2024-08-05T21:24:44.594Z
Outlaws of Thunder Junction (OTJ),binder,"Jolene, Plundering Pugilist",OTJ,Outlaws of Thunder Junction,210,normal,uncommon,1,93443,fe30b5c8-4889-4350-bb1d-3e2a67d9dfb2,0.01,false,false,near_mint,en,CAD,2024-08-06T00:23:50.223Z
Outlaws of Thunder Junction (OTJ),binder,Getaway Glamer,OTJ,Outlaws of Thunder Junction,14,normal,uncommon,1,93199,69689049-a704-4f16-84ee-4d5d915028ec,0.01,false,false,near_mint,en,CAD,2024-08-06T00:23:50.223Z
Outlaws of Thunder Junction (OTJ),binder,Iron-Fist Pulverizer,OTJ,Outlaws of Thunder Junction,131,normal,common,1,93352,cd7f984a-0b56-45df-958d-6178e4da61ed,0.01,false,false,near_mint,en,CAD,2024-08-06T00:23:50.223Z
Outlaws of Thunder Junction (OTJ),binder,Geyser Drake,OTJ,Outlaws of Thunder Junction,51,normal,common,1,93309,b270377b-33eb-4e5e-9d14-0da2876da74f,0.01,false,false,near_mint,en,CAD,2024-08-06T00:23:50.223Z
Outlaws of Thunder Junction (OTJ),binder,Return the Favor,OTJ,Outlaws of Thunder Junction,142,normal,uncommon,2,93298,a9cc02d1-799d-42aa-9bc2-4c05452b63b4,0.87,false,false,near_mint,en,CAD,2024-08-06T00:23:50.223Z
Outlaws of Thunder Junction (OTJ),binder,Baron Bertram Graywater,OTJ,Outlaws of Thunder Junction,195,normal,uncommon,1,93404,e9da18b4-1efc-44b7-8001-a2cfd44c69bf,0.11,false,false,near_mint,en,CAD,2024-10-05T18:24:34.298Z
Outlaws of Thunder Junction (OTJ),binder,Return the Favor,OTJ,Outlaws of Thunder Junction,142,foil,uncommon,1,93298,a9cc02d1-799d-42aa-9bc2-4c05452b63b4,1.68,false,false,near_mint,en,CAD,2024-10-05T18:24:34.298Z
Outlaws of Thunder Junction (OTJ),binder,Rakdos Joins Up,OTJ,Outlaws of Thunder Junction,225,normal,rare,1,93340,c7154dca-7e10-4c34-aa56-9f200c6277d1,0.14,false,false,near_mint,en,CAD,2024-10-05T18:24:34.298Z
Outlaws of Thunder Junction (OTJ),binder,Outlaws' Fury,OTJ,Outlaws of Thunder Junction,136,normal,common,3,93428,f7502b9c-b759-499a-8e94-22f87f5eb142,0.01,false,false,near_mint,en,CAD,2024-08-05T21:24:44.594Z
Outlaws of Thunder Junction (OTJ),binder,Voracious Varmint,OTJ,Outlaws of Thunder Junction,188,normal,common,1,93279,99b74fa3-c1d7-4780-977d-f2d6663a529a,0.01,false,false,near_mint,en,CAD,2024-10-06T19:07:28.200Z
Outlaws of Thunder Junction (OTJ),binder,Terror of the Peaks,OTJ,Outlaws of Thunder Junction,149,normal,mythic,1,93260,904ff94a-4db4-44a6-8593-89c32905b3fc,21.14,false,false,near_mint,en,CAD,2024-05-14T03:09:43.477Z
Outlaws of Thunder Junction (OTJ),binder,Mountain,OTJ,Outlaws of Thunder Junction,275,normal,common,1,91794,0a7dbfd2-cda7-4fc9-9677-e442fb5f5f6f,0.1,false,false,near_mint,en,CAD,2024-10-05T18:28:14.887Z
Outlaws of Thunder Junction (OTJ),binder,Armored Armadillo,OTJ,Outlaws of Thunder Junction,3,normal,common,1,93094,263232df-69b8-4205-93ad-c724fe57ec11,0.01,false,false,near_mint,en,CAD,2024-10-06T19:07:28.200Z
Outlaws of Thunder Junction (OTJ),binder,Canyon Crab,OTJ,Outlaws of Thunder Junction,40,normal,uncommon,1,93317,b740a8a8-e1d3-4642-a214-03731c9b5553,0.01,false,false,near_mint,en,CAD,2024-10-05T18:24:34.298Z
Outlaws of Thunder Junction (OTJ),binder,"Malcolm, the Eyes",OTJ,Outlaws of Thunder Junction,219,normal,rare,1,93159,521dffaa-813b-41e4-b7c2-a8c407167875,0.03,false,false,near_mint,en,CAD,2024-10-06T19:07:28.200Z
Outlaws of Thunder Junction (OTJ),binder,Peerless Ropemaster,OTJ,Outlaws of Thunder Junction,60,normal,common,1,93304,ae044509-2f31-4506-a124-0e445b7181a2,0.01,false,false,near_mint,en,CAD,2024-08-06T00:23:50.223Z
Outlaws of Thunder Junction (OTJ),binder,Fake Your Own Death,OTJ,Outlaws of Thunder Junction,87,normal,common,2,93229,79a17ab9-13c9-41d4-a143-82d8caacfd8b,0.01,false,false,near_mint,en,CAD,2025-10-19T01:47:11.972Z
Outlaws of Thunder Junction (OTJ),binder,Journey to Nowhere,OTP,Breaking News,3,normal,uncommon,1,93140,442bb671-8b23-4e3b-bf39-18152a68887e,0.03,false,false,near_mint,en,CAD,2024-10-05T18:24:34.298Z
Outlaws of Thunder Junction (OTJ),binder,Discerning Peddler,OTJ,Outlaws of Thunder Junction,121,normal,common,1,93219,73b359bf-afd8-439d-a4d2-985db1ad368c,0.01,false,false,near_mint,en,CAD,2024-10-06T19:07:28.200Z
Outlaws of Thunder Junction (OTJ),binder,Corrupted Conviction,OTJ,Outlaws of Thunder Junction,84,normal,common,1,93235,8046f892-3317-4ef7-9cf7-97b9060540c8,0.01,false,false,near_mint,en,CAD,2024-10-05T18:24:34.298Z
Outlaws of Thunder Junction (OTJ),binder,Tarnation Vista,BIG,The Big Score,30,normal,mythic,1,93755,962552a1-ec34-49e2-a23d-85dfb405d5e0,1.36,false,false,near_mint,en,CAD,2024-10-06T19:07:28.200Z
Outlaws of Thunder Junction (OTJ),binder,Thunder Salvo,OTJ,Outlaws of Thunder Junction,150,normal,common,1,93289,a0bf0ea9-0929-4d33-815a-6df29c399e7e,0.01,false,false,near_mint,en,CAD,2024-10-05T18:24:34.298Z
Outlaws of Thunder Junction (OTJ),binder,Snakeskin Veil,OTJ,Outlaws of Thunder Junction,181,normal,common,2,93052,133fbdec-0d00-433f-9015-5eb091126e3a,0.03,false,false,near_mint,en,CAD,2024-08-05T21:24:44.594Z
Outlaws of Thunder Junction (OTJ),binder,Hypothesizzle,OTP,Breaking News,48,normal,uncommon,3,93142,4448d31e-faf4-4281-af48-4f638b939a62,0.01,false,false,near_mint,en,CAD,2024-08-06T00:23:50.223Z
Outlaws of Thunder Junction (OTJ),binder,Phantom Interference,OTJ,Outlaws of Thunder Junction,61,normal,common,1,93023,00bf4dd1-5468-4594-9c7b-0737610f19d4,0.01,false,false,near_mint,en,CAD,2024-08-06T00:23:50.223Z
Outlaws of Thunder Junction (OTJ),binder,Silver Deputy,OTJ,Outlaws of Thunder Junction,248,normal,common,1,93124,39d2c11d-1eb8-4768-bc61-fa8f20a69462,0.01,false,false,near_mint,en,CAD,2024-08-06T00:23:50.223Z
Outlaws of Thunder Junction (OTJ),binder,Commandeer,OTP,Breaking News,9,normal,rare,1,93389,e473db8a-ee0e-4753-aaab-76eda5808075,0.15,false,false,near_mint,en,CAD,2024-08-06T00:23:50.223Z
Outlaws of Thunder Junction (OTJ),binder,Inventive Wingsmith,OTJ,Outlaws of Thunder Junction,17,normal,common,1,93316,b6b36bb3-dacc-44f6-adcd-2c2d65513d8c,0.01,false,false,near_mint,en,CAD,2024-10-06T19:07:28.200Z
Outlaws of Thunder Junction (OTJ),binder,Caught in the Crossfire,OTJ,Outlaws of Thunder Junction,117,normal,uncommon,1,93127,3a2fd0c4-509e-49c2-ad57-f772efcbc207,0.01,false,false,near_mint,en,CAD,2024-10-05T18:24:34.298Z
Outlaws of Thunder Junction (OTJ),binder,Spring Splasher,OTJ,Outlaws of Thunder Junction,69,normal,common,1,93315,b6822d12-1a25-42e7-94cc-71bd29daed93,0.01,false,false,near_mint,en,CAD,2024-08-06T00:23:50.223Z
Outlaws of Thunder Junction (OTJ),binder,"Marchesa, Dealer of Death",OTJ,Outlaws of Thunder Junction,220,normal,rare,1,93412,ee29b59c-d57c-4a03-bae7-e9dfa57d6bb1,0.06,false,false,near_mint,en,CAD,2024-08-05T21:24:44.594Z
Outlaws of Thunder Junction (OTJ),binder,Ambush Gigapede,OTJ,Outlaws of Thunder Junction,77,foil,common,1,93268,93b17d09-974a-4e33-b14d-5fe4230ab241,0.01,false,false,near_mint,en,CAD,2024-10-05T18:24:34.298Z
Outlaws of Thunder Junction (OTJ),binder,Failed Fording,OTJ,Outlaws of Thunder Junction,47,normal,common,1,93188,62bbe11b-e959-4080-98ac-09bd57519c00,0.01,false,false,near_mint,en,CAD,2024-08-06T00:23:50.223Z
Outlaws of Thunder Junction (OTJ),binder,Brimstone Roundup,OTJ,Outlaws of Thunder Junction,115,normal,uncommon,1,93325,bd13011e-a4fc-4107-988f-60cfc851ecd3,0.01,false,false,near_mint,en,CAD,2024-10-05T18:24:34.298Z
Outlaws of Thunder Junction (OTJ),binder,Quilled Charger,OTJ,Outlaws of Thunder Junction,139,normal,common,2,93169,56e326c4-39f1-41ee-9e47-ebe468c51718,0.01,false,false,near_mint,en,CAD,2024-08-05T21:24:44.594Z
Outlaws of Thunder Junction (OTJ),binder,Tomb Trawler,OTJ,Outlaws of Thunder Junction,250,normal,uncommon,2,93120,36e61cb8-219a-4fe6-a2e6-307665ffa38f,0.01,false,false,near_mint,en,CAD,2024-10-05T18:24:34.298Z
Outlaws of Thunder Junction (OTJ),binder,"Jem Lightfoote, Sky Explorer",OTJ,Outlaws of Thunder Junction,209,normal,uncommon,1,93385,e24fe6dc-662a-4abc-ad60-a1959b2be006,0.01,false,false,near_mint,en,CAD,2024-08-05T21:24:44.594Z
Outlaws of Thunder Junction (OTJ),binder,Boneyard Desecrator,OTJ,Outlaws of Thunder Junction,81,normal,common,1,93361,d43981b1-60c8-4896-8885-b07e73b99b30,0.01,false,false,near_mint,en,CAD,2024-10-05T18:24:34.298Z
Outlaws of Thunder Junction (OTJ),binder,Reckless Lackey,OTJ,Outlaws of Thunder Junction,140,normal,common,4,93262,912fcd14-5e81-418c-997b-771f2f38f63d,0.01,false,false,near_mint,en,CAD,2024-08-06T00:23:50.223Z
Outlaws of Thunder Junction (OTJ),binder,Heartless Pillage,OTP,Breaking News,14,normal,uncommon,1,93355,d06a1a70-aa26-4178-8486-e0a25c907cdb,0.01,false,false,near_mint,en,CAD,2024-10-05T18:24:34.298Z
Outlaws of Thunder Junction (OTJ),binder,Conduit Pylons,OTJ,Outlaws of Thunder Junction,254,normal,common,1,93183,5ffa48cc-b991-4d47-b7ec-cf678915c758,0.01,false,false,near_mint,en,CAD,2024-10-05T18:24:34.298Z
Outlaws of Thunder Junction (OTJ),binder,Oasis Gardener,OTJ,Outlaws of Thunder Junction,246,normal,common,1,93411,ee0dc663-4bfb-46d4-af79-d0143c799487,0.01,false,false,near_mint,en,CAD,2024-08-06T00:23:50.223Z
Outlaws of Thunder Junction (OTJ),binder,Steer Clear,OTJ,Outlaws of Thunder Junction,31,normal,common,1,93160,523a4d6e-122b-49b4-bf3d-17d29c0007fb,0.01,false,false,near_mint,en,CAD,2024-10-06T19:07:28.200Z
Outlaws of Thunder Junction (OTJ),binder,Sterling Hound,OTJ,Outlaws of Thunder Junction,249,normal,common,2,93284,9e5bfcf5-6e5c-47fe-af6c-6b18938261c6,0.01,false,false,near_mint,en,CAD,2024-08-05T21:24:44.594Z
Outlaws of Thunder Junction (OTJ),binder,Eroded Canyon,OTJ,Outlaws of Thunder Junction,256,normal,common,1,93177,5c9d080f-28d7-41d6-a4e0-5b3e3a5ed770,0.08,false,false,near_mint,en,CAD,2024-10-05T18:24:34.298Z
Outlaws of Thunder Junction (OTJ),binder,Outlaw Stitcher,OTJ,Outlaws of Thunder Junction,59,normal,uncommon,1,93320,ba9584f0-55b8-448d-99a7-041934053f42,0.01,false,false,near_mint,en,CAD,2024-08-06T00:23:50.223Z
Outlaws of Thunder Junction (OTJ),binder,Highway Robbery,OTJ,Outlaws of Thunder Junction,129,normal,common,1,93110,31a88429-9204-4a23-a7a8-babbd6bab79f,0.01,false,false,near_mint,en,CAD,2024-08-05T21:24:44.594Z
Outlaws of Thunder Junction (OTJ),binder,Rodeo Pyromancers,OTJ,Outlaws of Thunder Junction,143,foil,common,1,93381,df877a29-06e1-474d-8600-410bbec674ae,0.01,false,false,near_mint,en,CAD,2024-10-05T18:24:34.298Z
Outlaws of Thunder Junction (OTJ),binder,Silver Deputy,OTJ,Outlaws of Thunder Junction,248,foil,common,1,93124,39d2c11d-1eb8-4768-bc61-fa8f20a69462,0.01,false,false,near_mint,en,CAD,2024-08-06T00:23:50.223Z
Outlaws of Thunder Junction (OTJ),binder,Mobile Homestead,OTJ,Outlaws of Thunder Junction,245,normal,uncommon,2,93363,d5fa82e4-0b77-498a-bec0-52764d24957a,0.01,false,false,near_mint,en,CAD,2024-08-05T21:24:44.594Z
Outlaws of Thunder Junction (OTJ),binder,Gila Courser,OTJ,Outlaws of Thunder Junction,124,normal,uncommon,1,93425,f568803d-65c0-48d7-916f-671267a9e00e,0.01,false,false,near_mint,en,CAD,2024-10-06T19:07:28.200Z
Outlaws of Thunder Junction (OTJ),binder,Lively Dirge,OTJ,Outlaws of Thunder Junction,93,normal,uncommon,1,93038,0c35a0d3-12f7-46f3-a6b3-02a490d45ca0,0.46,false,false,near_mint,en,CAD,2024-10-05T18:24:34.298Z
Outlaws of Thunder Junction (OTJ),binder,Rakish Crew,OTJ,Outlaws of Thunder Junction,99,normal,uncommon,1,93215,70f64358-58db-40ab-90e8-6137c3bd0a29,0.01,false,false,near_mint,en,CAD,2024-10-05T18:24:34.298Z
Outlaws of Thunder Junction (OTJ),binder,Mine Raider,OTJ,Outlaws of Thunder Junction,135,normal,common,3,93072,19cfacff-e884-4954-aa6b-ed56ca942bf2,0.01,false,false,near_mint,en,CAD,2024-08-06T00:23:50.223Z
Outlaws of Thunder Junction (OTJ),binder,Irascible Wolverine,OTJ,Outlaws of Thunder Junction,130,normal,common,1,93112,324c0af5-7cdf-4c71-84cc-6349f10e0d66,0.01,false,false,near_mint,en,CAD,2024-08-05T21:24:44.594Z
Outlaws of Thunder Junction (OTJ),binder,"Annie Flash, the Veteran",OTJ,Outlaws of Thunder Junction,190,normal,mythic,1,93252,8d4af7c3-a70d-4f71-b27d-b268c4a0f81e,0.14,false,false,near_mint,en,CAD,2024-10-05T18:24:34.298Z
Outlaws of Thunder Junction (OTJ),binder,Thunder Salvo,OTJ,Outlaws of Thunder Junction,150,foil,common,1,93289,a0bf0ea9-0929-4d33-815a-6df29c399e7e,0.01,false,false,near_mint,en,CAD,2024-10-06T19:07:28.200Z
Outlaws of Thunder Junction (OTJ),binder,Laughing Jasper Flint,OTJ,Outlaws of Thunder Junction,215,normal,rare,1,93305,af0b3a41-ba99-41e8-bcfb-5796500c17c7,1.36,false,false,near_mint,en,CAD,2024-10-05T18:24:34.298Z
Outlaws of Thunder Junction (OTJ),binder,Take Up the Shield,OTJ,Outlaws of Thunder Junction,34,normal,common,1,93224,76a31968-ba6d-4c01-838f-4cb8c64e73fb,0.01,false,false,near_mint,en,CAD,2024-08-05T21:24:44.594Z
Outlaws of Thunder Junction (OTJ),binder,Indomitable Creativity,OTP,Breaking News,25,normal,mythic,1,93069,18cb625b-a41f-4f3b-8f56-257a3795aa8f,0.28,false,false,near_mint,en,CAD,2024-08-05T21:24:44.594Z
Outlaws of Thunder Junction (OTJ),binder,Make Your Own Luck,OTJ,Outlaws of Thunder Junction,218,normal,uncommon,1,93032,0557b0a3-2b48-408f-a508-9f4da2ab1cd1,0.01,false,false,near_mint,en,CAD,2026-04-28T02:12:31.596Z
Outlaws of Thunder Junction (OTJ),binder,Duelist of the Mind,OTJ,Outlaws of Thunder Junction,45,normal,rare,1,91798,2b58e47b-c165-4a58-aa2a-033a35645adc,0.01,false,false,near_mint,en,CAD,2026-04-28T02:12:31.580Z
Outlaws of Thunder Junction (OTJ),binder,Dust Bowl,OTP,Breaking News,65,normal,rare,1,93070,18d24d9a-a49e-4ce8-9158-03fe4cea39e2,0.26,false,false,near_mint,en,CAD,2026-04-28T02:12:31.582Z
Outlaws of Thunder Junction (OTJ),binder,"Doc Aurlock, Grizzled Genius",OTJ,Outlaws of Thunder Junction,201,normal,uncommon,1,93209,6fc27b30-8c8e-434c-a72c-e1d409efc1ae,0.34,false,false,near_mint,en,CAD,2026-04-28T02:12:31.583Z
Outlaws of Thunder Junction (OTJ),binder,Patient Naturalist,OTJ,Outlaws of Thunder Junction,174,foil,common,1,93082,1dd17cea-9e8c-4dba-b6ab-a6b9de87a306,0.01,false,false,near_mint,en,CAD,2026-04-28T02:12:31.593Z
Outlaws of Thunder Junction (OTJ),binder,Giant Beaver,OTJ,Outlaws of Thunder Junction,165,normal,common,1,93263,919826a9-c427-42c6-8885-a87f0b6d2192,0.01,false,false,near_mint,en,CAD,2026-04-28T02:12:31.590Z
Outlaws of Thunder Junction (OTJ),binder,Fleeting Reflection,OTJ,Outlaws of Thunder Junction,49,normal,uncommon,1,93258,8f8c931e-219f-4032-b55b-b5975fbea1e7,0.01,false,false,near_mint,en,CAD,2026-04-28T02:12:31.581Z
Outlaws of Thunder Junction (OTJ),binder,Plan the Heist,OTJ,Outlaws of Thunder Junction,62,normal,uncommon,1,93083,1e8c3a0e-d61c-457f-ac85-577d0bb94b96,0.01,false,false,near_mint,en,CAD,2026-04-28T02:12:31.586Z
Outlaws of Thunder Junction (OTJ),binder,Three Steps Ahead,OTJ,Outlaws of Thunder Junction,75,normal,rare,1,93259,8fffd839-2337-4a14-9312-cee085a17f4b,6.38,false,false,near_mint,en,CAD,2026-04-28T02:12:31.598Z
Outlaws of Thunder Junction (OTJ),binder,Drover Grizzly,OTJ,Outlaws of Thunder Junction,161,normal,common,1,93167,560062cd-34f8-4d30-9e25-099b03961724,0.01,false,false,near_mint,en,CAD,2026-04-28T02:12:31.595Z
Outlaws of Thunder Junction (OTJ),binder,Seize the Secrets,OTJ,Outlaws of Thunder Junction,64,normal,common,1,93076,1bdbdfa8-aa28-4b3d-95e7-3d0e7e37f982,0.01,false,false,near_mint,en,CAD,2026-04-28T02:12:31.589Z
Outlaws of Thunder Junction (OTJ),binder,Loan Shark,OTJ,Outlaws of Thunder Junction,55,normal,common,1,93147,49f12760-ff07-4c9f-a7a9-1e64bd3a9adf,0.01,false,false,near_mint,en,CAD,2026-04-28T02:12:31.592Z
Outlaws of Thunder Junction (OTJ),binder,Spinewoods Paladin,OTJ,Outlaws of Thunder Junction,183,normal,common,1,93075,1b2b432d-9e73-4ab2-a098-546d406df6c0,0.01,false,false,near_mint,en,CAD,2026-04-28T02:12:31.600Z
Outlaws of Thunder Junction (OTJ),binder,Essence Capture,OTP,Breaking News,10,normal,uncommon,1,93358,d2bcfba6-fbd8-487c-8a89-2327c3d07870,0.01,false,false,near_mint,en,CAD,2026-04-28T02:12:31.584Z
Outlaws of Thunder Junction (OTJ),binder,Throw from the Saddle,OTJ,Outlaws of Thunder Junction,185,normal,common,1,93225,775874cc-4b78-4904-9c97-431c2e400c64,0.01,false,false,near_mint,en,CAD,2026-04-28T02:12:31.597Z
Outlaws of Thunder Junction (OTJ),binder,Metamorphic Blast,OTJ,Outlaws of Thunder Junction,57,normal,uncommon,1,93327,bd38d922-cfc1-43a8-82d8-5de441c71076,0.01,false,false,near_mint,en,CAD,2026-04-28T02:12:31.594Z
Outlaws of Thunder Junction (OTJ),binder,Freestrider Commando,OTJ,Outlaws of Thunder Junction,162,normal,common,1,93265,92762169-095e-46e2-82f6-5b2ff2232240,0.01,false,false,near_mint,en,CAD,2026-04-28T02:12:31.578Z
Outlaws of Thunder Junction (OTJ),binder,Lush Oasis,OTJ,Outlaws of Thunder Junction,261,normal,common,1,93276,988e44c5-4632-4ebb-b6ae-c3886e49d637,0.01,false,false,near_mint,en,CAD,2026-04-28T02:12:31.588Z
Outlaws of Thunder Junction (OTJ),binder,Spinewoods Armadillo,OTJ,Outlaws of Thunder Junction,182,normal,uncommon,1,93429,f79d63e7-a8c6-4750-91c9-c575a4d0561b,0.01,false,false,near_mint,en,CAD,2026-04-28T02:12:31.591Z
Outlaws of Thunder Junction (OTJ),binder,Betrayal at the Vault,OTJ,Outlaws of Thunder Junction,155,normal,uncommon,1,93338,c494820f-607d-4ed2-8a86-a916ae390272,0.01,false,false,near_mint,en,CAD,2026-04-28T02:12:31.587Z
Outlaws of Thunder Junction (OTJ),binder,Raucous Entertainer,OTJ,Outlaws of Thunder Junction,177,normal,uncommon,1,93254,8dc3cbfe-410f-40e3-8021-647a2efb50bf,0.01,false,false,near_mint,en,CAD,2026-04-28T02:12:31.579Z
Outlaws of Thunder Junction (OTJ),binder,Take the Fall,OTJ,Outlaws of Thunder Junction,73,normal,common,2,93287,9fea80c4-923c-40a1-9363-bfa4c267a024,0.01,false,false,near_mint,en,CAD,2024-10-05T18:24:34.298Z
Outlaws of Thunder Junction (OTJ),binder,Lavaspur Boots,OTJ,Outlaws of Thunder Junction,243,normal,uncommon,2,93392,e50709de-e6ef-4dbc-af1e-290fed279f34,0.82,false,false,near_mint,en,CAD,2024-10-06T19:07:28.200Z
Lorwyn Eclipsed (ECL),binder,Boggart Mischief,ECL,Lorwyn Eclipsed,92,normal,uncommon,1,110387,aaeb9c9c-0f15-49dc-ae6d-2a958680f327,0.01,false,false,near_mint,en,CAD,2026-05-03T03:30:36.234Z
Lorwyn Eclipsed (ECL),binder,Scarblade's Malice,ECL,Lorwyn Eclipsed,119,normal,common,1,110815,aea9b5c0-3b32-44be-9773-566b9daafa6b,0.01,false,false,near_mint,en,CAD,2026-05-03T03:30:36.242Z
Lorwyn Eclipsed (ECL),binder,Wildvine Pummeler,ECL,Lorwyn Eclipsed,203,normal,common,1,110689,11bad5c7-fe9a-4d89-a531-8d4f03d5a0e4,0.01,false,false,near_mint,en,CAD,2026-05-03T03:30:36.224Z
Lorwyn Eclipsed (ECL),binder,Perfect Intimidation,ECL,Lorwyn Eclipsed,115,normal,uncommon,2,110082,ff05b7f4-e0d0-4304-99b3-66ac804129fe,0.01,false,false,near_mint,en,CAD,2026-05-03T03:30:36.229Z
Lorwyn Eclipsed (ECL),binder,Evershrike's Gift,ECL,Lorwyn Eclipsed,15,normal,uncommon,1,110702,231e46b6-b91a-4582-8894-e7de1c50213f,0.01,false,false,near_mint,en,CAD,2026-05-03T03:30:36.222Z
Lorwyn Eclipsed (ECL),binder,Kithkeeper,ECL,Lorwyn Eclipsed,23,normal,uncommon,1,110865,ef29eff7-72be-46e6-9275-0f0a44d29233,0.01,false,false,near_mint,en,CAD,2026-05-03T03:30:36.232Z
Lorwyn Eclipsed (ECL),binder,Bogslither's Embrace,ECL,Lorwyn Eclipsed,94,normal,common,2,110743,4beca2e7-9c6d-493b-b15f-69e483a8dfff,0.01,false,false,near_mint,en,CAD,2026-05-03T03:30:36.236Z
Lorwyn Eclipsed (ECL),binder,"Doran, Besieged by Time",ECL,Lorwyn Eclipsed,215,normal,rare,1,110504,568aa70a-6765-486a-bd37-5d38b16c46de,0.34,false,false,near_mint,en,CAD,2026-05-03T03:30:36.226Z
Lorwyn Eclipsed (ECL),binder,Scarblade Scout,ECL,Lorwyn Eclipsed,118,normal,common,2,110833,c2412fea-4591-4345-913f-edc2da9ad975,0.01,false,false,near_mint,en,CAD,2026-05-03T03:30:36.223Z
Lorwyn Eclipsed (ECL),binder,Luminollusk,ECL,Lorwyn Eclipsed,179,foil,uncommon,1,110729,3d591e66-4bf9-47e7-bcef-57769ec3edc6,0.01,false,false,near_mint,en,CAD,2026-05-03T03:30:36.239Z
Lorwyn Eclipsed (ECL),binder,Prideful Feastling,ECL,Lorwyn Eclipsed,238,normal,common,1,110535,7578cb61-f606-4559-a10a-343a583228ab,0.01,false,false,near_mint,en,CAD,2026-05-03T03:30:36.225Z
Lorwyn Eclipsed (ECL),binder,Spiral into Solitude,ECL,Lorwyn Eclipsed,36,normal,common,1,110858,e7a12664-a930-4159-8311-19862488fb05,0.01,false,false,near_mint,en,CAD,2026-05-03T03:30:36.227Z
Lorwyn Eclipsed (ECL),binder,Chaos Spewer,ECL,Lorwyn Eclipsed,210,normal,common,1,110599,b5918fa5-1d13-447b-8838-633b6b61e791,0.01,false,false,near_mint,en,CAD,2026-05-03T03:30:36.244Z
Lorwyn Eclipsed (ECL),binder,Blighted Blackthorn,ECL,Lorwyn Eclipsed,90,foil,common,1,110719,3515531a-45d6-4fe0-96a3-7ca1ce545068,0.01,false,false,near_mint,en,CAD,2026-05-03T03:30:36.238Z
Lorwyn Eclipsed (ECL),binder,Evolving Wilds,ECL,Lorwyn Eclipsed,264,normal,common,1,110560,8c632984-5176-4c37-91df-6577cc294b85,0.01,false,false,near_mint,en,CAD,2026-05-03T03:30:36.245Z
Lorwyn Eclipsed (ECL),binder,Lys Alana Informant,ECL,Lorwyn Eclipsed,181,foil,common,1,110386,a79649c4-559e-4306-a102-5fd8750629c7,0.01,false,false,near_mint,en,CAD,2026-05-03T03:30:36.235Z
Lorwyn Eclipsed (ECL),binder,Feed the Flames,ECL,Lorwyn Eclipsed,137,normal,common,1,110753,59740755-c353-4b6c-a84c-3b76133ce3ec,0.01,false,false,near_mint,en,CAD,2026-05-03T03:30:36.243Z
Lorwyn Eclipsed (ECL),binder,Gilt-Leaf's Embrace,ECL,Lorwyn Eclipsed,177,normal,common,2,110769,739e5ab5-d562-407a-906e-c5c5173ad325,0.01,false,false,near_mint,en,CAD,2026-05-03T03:30:36.221Z
Lorwyn Eclipsed (ECL),binder,Flock Impostor,ECL,Lorwyn Eclipsed,16,normal,uncommon,1,110413,d32d0336-5140-41f9-bc67-f3d743b9231d,0.01,false,false,near_mint,en,CAD,2026-05-03T03:30:36.233Z
Lorwyn Eclipsed (ECL),binder,Luminollusk,ECL,Lorwyn Eclipsed,179,normal,uncommon,2,110729,3d591e66-4bf9-47e7-bcef-57769ec3edc6,0.01,false,false,near_mint,en,CAD,2026-05-03T03:30:36.241Z
Lorwyn Eclipsed (ECL),binder,Bristlebane Outrider,ECL,Lorwyn Eclipsed,169,normal,uncommon,1,110724,38b17a3c-4457-47e3-986e-ff0b94c41b1a,0.01,false,false,near_mint,en,CAD,2026-05-03T03:30:36.228Z
Lorwyn Eclipsed (ECL),binder,Moon-Vigil Adherents,ECL,Lorwyn Eclipsed,184,normal,uncommon,1,110756,60621c37-62e1-4261-ae76-3946b4a0cfa3,0.01,false,false,near_mint,en,CAD,2026-05-03T03:30:36.240Z
Lorwyn Eclipsed (ECL),binder,Liminal Hold,ECL,Lorwyn Eclipsed,24,normal,common,1,110583,a5a40c16-7a5c-4ad1-be53-6b1b1be2affe,0.01,false,false,near_mint,en,CAD,2026-05-03T03:30:36.246Z
Lorwyn Eclipsed (ECL),binder,Bile-Vial Boggart,ECL,Lorwyn Eclipsed,87,normal,common,1,110463,2c0fcf98-1f3c-4cff-9234-7f3d0c8b22e9,0.01,false,false,near_mint,en,CAD,2026-05-03T03:30:36.256Z
Lorwyn Eclipsed (ECL),binder,Great Forest Druid,ECL,Lorwyn Eclipsed,178,normal,common,1,110554,8793a19e-6743-4031-86d9-2ff55f384549,0.01,false,false,near_mint,en,CAD,2026-05-03T03:30:36.254Z
Lorwyn Eclipsed (ECL),binder,Virulent Emissary,ECL,Lorwyn Eclipsed,202,normal,uncommon,1,110291,0702efed-915e-466a-96bb-ac09af06b21e,0.01,false,false,near_mint,en,CAD,2026-05-03T03:30:36.251Z
Lorwyn Eclipsed (ECL),binder,Sapling Nursery,ECL,Lorwyn Eclipsed,192,normal,rare,1,110712,3199bea9-fef7-45fe-8777-2103d84a9347,1.02,false,false,near_mint,en,CAD,2026-05-03T03:30:36.257Z
Lorwyn Eclipsed (ECL),binder,Unforgiving Aim,ECL,Lorwyn Eclipsed,200,normal,common,1,110680,0bef3905-24f8-419b-aeca-396adfc6d0dc,0.01,false,false,near_mint,en,CAD,2026-05-03T03:30:36.253Z
Lorwyn Eclipsed (ECL),binder,Wanderbrine Preacher,ECL,Lorwyn Eclipsed,41,normal,common,1,110485,3fc3f5f2-5a83-4358-8f23-42f26f345140,0.01,false,false,near_mint,en,CAD,2026-05-03T03:30:36.248Z
Lorwyn Eclipsed (ECL),binder,Blighted Blackthorn,ECL,Lorwyn Eclipsed,90,normal,common,2,110719,3515531a-45d6-4fe0-96a3-7ca1ce545068,0.01,false,false,near_mint,en,CAD,2026-05-03T03:30:36.250Z
Lorwyn Eclipsed (ECL),binder,Barbed Bloodletter,ECL,Lorwyn Eclipsed,86,normal,common,1,110790,8ff1a13c-e338-42e9-8eb3-b303fabd67de,0.01,false,false,near_mint,en,CAD,2026-05-03T03:30:36.255Z
Lorwyn Eclipsed (ECL),binder,Lys Alana Informant,ECL,Lorwyn Eclipsed,181,normal,common,1,110386,a79649c4-559e-4306-a102-5fd8750629c7,0.01,false,false,near_mint,en,CAD,2026-05-03T03:30:36.247Z
Cass - missing cards,list,Alseid of Life's Bounty,THB,Theros Beyond Death,1,normal,uncommon,1,47061,36c8c075-9597-412e-9fc4-9d73b4405d12,0.27,false,false,near_mint,en,CAD,2026-07-01T00:19:38.147Z
Cass - missing cards,list,Archon of Sun's Grace,SOC,Secrets of Strixhaven Commander,137,normal,rare,1,111841,0d3af89d-d22c-45e8-9fec-170ac9bb0a34,0.01,false,false,near_mint,en,CAD,2026-07-01T00:19:38.147Z
Cass - missing cards,list,Armory Paladin,PIP,Fallout,93,normal,rare,1,92154,4e5ffa95-5c5f-449b-820a-7d5bc1688d29,0.07,false,false,near_mint,en,CAD,2026-07-01T00:19:38.147Z
Cass - missing cards,list,Beloved Princess,ELD,Throne of Eldraine,7,normal,common,1,46331,4c6ee4eb-70b2-4f99-9d54-5caf2d3713be,0.01,false,false,near_mint,en,CAD,2026-07-01T00:19:38.147Z
Cass - missing cards,list,"Cass, Hand of Vengeance",PIP,Fallout,97,normal,rare,1,92213,5b6d7fa6-4de6-4bc8-b250-2ed6eb559618,0.1,false,false,near_mint,en,CAD,2026-07-01T00:19:38.147Z
Cass - missing cards,list,Curious Farm Animals,TLA,Avatar: The Last Airbender,14,normal,common,1,109654,2402d759-84b6-41d2-ad78-9333974e9222,0.01,false,false,near_mint,en,CAD,2026-07-01T00:19:38.147Z
Cass - missing cards,list,Ghostly Dancers,DSK,Duskmourn: House of Horror,13,normal,rare,1,99292,ab38adb5-8f16-4a4a-8dbc-f6ec14ca6c9f,0.14,false,false,near_mint,en,CAD,2026-07-01T00:19:38.147Z
Cass - missing cards,list,Heliod's Pilgrim,THB,Theros Beyond Death,20,normal,common,1,47042,cafce2f5-f4f4-465b-96dc-bcdd29d4e4bb,0.01,false,false,near_mint,en,CAD,2026-07-01T00:19:38.147Z
Cass - missing cards,list,Hopeful Eidolon,THS,Theros,19,normal,common,1,15645,4c69995b-ef31-4635-8d5a-b31f73993364,0.01,false,false,near_mint,en,CAD,2026-07-01T00:19:38.147Z
Cass - missing cards,list,Kor Spiritdancer,SOC,Secrets of Strixhaven Commander,152,normal,rare,1,111916,48da45bd-ed72-4239-af02-e848703a1d02,0.03,false,false,near_mint,en,CAD,2026-07-01T00:19:38.147Z
Cass - missing cards,list,Mesa Enchantress,DSC,Duskmourn: House of Horror Commander,68,normal,rare,1,99004,c4f9e9fc-8b89-40ee-9b20-10e4a23e6333,0.71,false,false,near_mint,en,CAD,2026-07-01T00:19:38.147Z
Cass - missing cards,list,Miner's Guidewing,LCI,The Lost Caverns of Ixalan,24,normal,common,1,88690,9048cd9d-df3f-4705-a5f4-e5b09760c631,0.01,false,false,near_mint,en,CAD,2026-07-01T00:19:38.147Z
Cass - missing cards,list,"Momo, Playful Pet",TLA,Avatar: The Last Airbender,30,normal,uncommon,1,109491,9350bf4a-fa12-4867-b31f-1f1394d99571,0.01,false,false,near_mint,en,CAD,2026-07-01T00:19:38.147Z
Cass - missing cards,list,Moon-Blessed Cleric,DSC,Duskmourn: House of Horror Commander,69,normal,uncommon,1,98952,0555e095-8c6f-4436-80fe-99b641fad2df,0.14,false,false,near_mint,en,CAD,2026-07-01T00:19:38.147Z
Cass - missing cards,list,Ornithopter,DMR,Dominaria Remastered,233,normal,common,1,77845,305078a5-ac18-4721-bba2-3434eba5b1cf,0.07,false,false,near_mint,en,CAD,2026-07-01T00:19:38.147Z
Cass - missing cards,list,"Pearl-Ear, Imperial Advisor",SOC,Secrets of Strixhaven Commander,160,normal,rare,1,111995,7e8d6bc1-4609-4802-a4b6-7e75fdae186c,0.01,false,false,near_mint,en,CAD,2026-07-01T00:19:38.147Z
Cass - missing cards,list,Ruin-Lurker Bat,LCI,The Lost Caverns of Ixalan,33,normal,uncommon,1,88934,d6bedf13-c2bc-4e5d-aba3-3c0d5495a9bb,0.01,false,false,near_mint,en,CAD,2026-07-01T00:19:38.147Z
Cass - missing cards,list,Soltari Foot Soldier,BRB,Battle Royale Box Set,74,normal,common,1,33986,3524d78b-d120-46ff-83e3-c502589fd5ba,0.35,false,false,near_mint,en,CAD,2026-07-01T00:19:38.147Z
Cass - missing cards,list,"Sram, Senior Edificer",SOC,Secrets of Strixhaven Commander,176,normal,rare,1,112022,8fbd18ce-0ac3-4b52-9cd0-0af7e0244207,0.62,false,false,near_mint,en,CAD,2026-07-01T00:19:38.147Z
Cass - missing cards,list,"Stiltzkin, Moogle Merchant",FIN,Final Fantasy,34,normal,rare,1,103775,06a972a4-0c1b-4f12-a5a5-fdea47c4cd35,0.01,false,false,near_mint,en,CAD,2026-07-01T00:19:38.147Z
Cass - missing cards,list,Sun-Blessed Healer,FDN,Foundations,25,normal,uncommon,1,100332,323d029e-9a88-4188-b3a4-38ef32cffc9f,0.01,false,false,near_mint,en,CAD,2026-07-01T00:19:38.147Z
Cass - missing cards,list,Tragic Poet,DOM,Dominaria,37,normal,common,1,2239,f957b353-7765-4c16-9645-d41000154130,0.01,false,false,near_mint,en,CAD,2026-07-01T00:19:38.147Z
Cass - missing cards,list,Conqueror's Flail,2X2,Double Masters 2022,302,normal,rare,1,70534,d5f5399a-26c6-4ecd-9715-f6440f6958f1,2.47,false,false,near_mint,en,CAD,2026-07-01T00:19:38.147Z
Cass - missing cards,list,Glimmer Lens,ONC,Phyrexia: All Will Be One Commander,6,normal,rare,1,78848,c9262000-e6f3-4da1-ad1c-038f65d3bef6,1.41,false,false,near_mint,en,CAD,2026-07-01T00:19:38.147Z
Cass - missing cards,list,Grafted Wargear,CMR,Commander Legends,312,normal,uncommon,1,56018,1d023d44-482e-4f60-b9b1-eede9bfb732f,0.08,false,false,near_mint,en,CAD,2026-07-01T00:19:38.147Z
Cass - missing cards,list,Mandibular Kite,MH3,Modern Horizons 3,34,normal,common,1,94492,6b922f71-18e6-4a74-b792-d477d4a1deca,0.01,false,false,near_mint,en,CAD,2026-07-01T00:19:38.147Z
Cass - missing cards,list,Mask of Immolation,M20,Core Set 2020,151,normal,uncommon,1,45310,be2f4165-f87f-454b-b955-e4477c864e95,0.01,false,false,near_mint,en,CAD,2026-07-01T00:19:38.147Z
Cass - missing cards,list,Mortarpod,MM2,Modern Masters 2015,222,normal,uncommon,1,10995,f1e6b292-41e7-40f9-b9fe-34f27d4526af,0.01,false,false,near_mint,en,CAD,2026-07-01T00:19:38.147Z
Cass - missing cards,list,Blacksmith's Skill,MH2,Modern Horizons 2,6,normal,common,1,59482,31506792-d0ab-4c13-9ab8-6fa433220dbf,0.14,false,false,near_mint,en,CAD,2026-07-01T00:19:38.147Z
Cass - missing cards,list,Gallifrey Falls // No More,WHO,Doctor Who,131,normal,rare,1,87693,a15c30fe-fe57-4551-ace5-42e5568809b3,0.14,false,false,near_mint,en,CAD,2026-07-01T00:19:38.147Z
Cass - missing cards,list,Open the Armory,CMR,Commander Legends,34,normal,uncommon,1,56097,6db45698-9da9-4cea-b9bf-0f84ab276b51,2.47,false,false,near_mint,en,CAD,2026-07-01T00:19:38.147Z
Cass - missing cards,list,Unfinished Business,WOC,Wilds of Eldraine Commander,8,normal,rare,1,85239,08f320ca-d039-4e91-bf64-810d10d4cc8b,0.21,false,false,near_mint,en,CAD,2026-07-01T00:19:38.147Z
Cass - missing cards,list,Angelic Gift,AFC,Forgotten Realms Commander,64,normal,common,1,60723,5a2122c0-5fb4-4767-b969-c61bd959d604,0.07,false,false,near_mint,en,CAD,2026-07-01T00:19:38.147Z
Cass - missing cards,list,Betrothed of Fire,WTH,Weatherlight,89,normal,common,1,37208,5e517aa4-d8ba-4a49-bf9f-172bf029fa52,0.06,false,false,near_mint,en,CAD,2026-07-01T00:19:38.147Z
Cass - missing cards,list,Cartouche of Solidarity,AKH,Amonkhet,7,normal,common,1,5678,90eaf94e-85a7-4958-aa58-8e2fe44db58d,0.01,false,false,near_mint,en,CAD,2026-07-01T00:19:38.147Z
Cass - missing cards,list,Chosen by Heliod,THS,Theros,5,normal,common,1,15659,d8ead499-920c-465a-a23d-f08710d7e9bc,0.01,false,false,near_mint,en,CAD,2026-07-01T00:19:38.147Z
Cass - missing cards,list,Darksteel Mutation,SOC,Secrets of Strixhaven Commander,142,normal,uncommon,1,111969,6e776a1e-266d-4b30-83da-be4721a55ed2,0.42,false,false,near_mint,en,CAD,2026-07-01T00:19:38.147Z
Cass - missing cards,list,Dragon Mantle,CMR,Commander Legends,174,normal,common,1,55891,ca32fd66-f7f1-4e50-817f-bb259f690f00,0.01,false,false,near_mint,en,CAD,2026-07-01T00:19:38.147Z
Cass - missing cards,list,Etali's Favor,LCI,The Lost Caverns of Ixalan,149,normal,common,1,88579,6d4075a8-c15d-4078-bf4b-0f85c03fecec,0.01,false,false,near_mint,en,CAD,2026-07-01T00:19:38.147Z
Cass - missing cards,list,Fanatical Devotion,NEM,Nemesis,8,normal,common,1,33874,be0ed1fb-d380-4e3e-a43f-c39660a996e9,0.48,false,false,near_mint,en,CAD,2026-07-01T00:19:38.147Z
Cass - missing cards,list,Feather of Flight,BLB,Bloomburrow,13,normal,uncommon,1,95956,9fb41503-8632-4bf1-9bfe-6d9b9993c337,0.18,false,false,near_mint,en,CAD,2026-07-01T00:19:38.147Z
Cass - missing cards,list,Grasp of Fate,CMM,Commander Masters,823,normal,rare,1,84294,43787574-7700-47ab-b57c-98ef968cce71,0.35,false,false,near_mint,en,CAD,2026-07-01T00:19:38.147Z
Cass - missing cards,list,Griffin Guide,DMR,Dominaria Remastered,8,normal,uncommon,1,77859,39b8cf5e-10f6-49aa-82eb-2f56cc29d393,0.01,false,false,near_mint,en,CAD,2026-07-01T00:19:38.147Z
Cass - missing cards,list,Grim Reaper's Sprint,PIP,Fallout,58,normal,rare,1,91914,18e76286-9e06-42de-b322-eb8aa2cdca3a,1.37,false,false,near_mint,en,CAD,2026-07-01T00:19:38.147Z
Cass - missing cards,list,Martyr's Cause,ULG,Urza's Legacy,13,normal,uncommon,1,35507,4c1f026b-8c7f-4051-9922-5684a6b2c06b,0.71,false,false,near_mint,en,CAD,2026-07-01T00:19:38.147Z
Cass - missing cards,list,Minimus Containment,CLB,Commander Legends: Battle for Baldur's Gate,34,normal,common,1,69141,874b3590-932a-46b7-a7aa-e3e864ec22d1,0.01,false,false,near_mint,en,CAD,2026-07-01T00:19:38.147Z
Cass - missing cards,list,Murder Investigation,ORI,Magic Origins,27,normal,uncommon,1,10915,07d8d6f7-ed22-4e01-9aeb-c6bc0065c89c,0.04,false,false,near_mint,en,CAD,2026-07-01T00:19:38.147Z
Cass - missing cards,list,Nurturing Presence,VOW,Innistrad: Crimson Vow,26,normal,common,1,64156,35e109ea-8b86-4432-b15e-5a6201caf2aa,0.01,false,false,near_mint,en,CAD,2026-07-01T00:19:38.147Z
Cass - missing cards,list,Pain for All,EOE,Edge of Eternities,151,normal,rare,1,107553,d2948913-817b-4715-92d5-ed3cde347be7,0.33,false,false,near_mint,en,CAD,2026-07-01T00:19:38.147Z
Cass - missing cards,list,Pentarch Ward,IMA,Iconic Masters,27,normal,common,1,3598,c455d6d8-f116-46b5-9e6d-615b752b8455,0.11,false,false,near_mint,en,CAD,2026-07-01T00:19:38.147Z
Cass - missing cards,list,Roadside Assistance,DFT,Aetherdrift,26,normal,uncommon,1,103417,8f2a9154-7b43-4b8d-9d81-d11cfda5d597,0.01,false,false,near_mint,en,CAD,2026-07-01T00:19:38.147Z
Cass - missing cards,list,Rune of Speed,KHM,Kaldheim,148,normal,uncommon,1,56856,47faee66-b274-466a-890e-bb396dda943d,0.06,false,false,near_mint,en,CAD,2026-07-01T00:19:38.147Z
Cass - missing cards,list,Songbirds' Blessing,SOC,Secrets of Strixhaven Commander,174,normal,rare,1,111925,4d1e229a-ed04-4d8d-90a9-5a451ca81470,0.28,false,false,near_mint,en,CAD,2026-07-01T00:19:38.147Z
Cass - missing cards,list,Squire's Devotion,RIX,Rivals of Ixalan,25,normal,common,1,2993,91de07da-564d-42f3-987d-a2321c3216bc,0.01,false,false,near_mint,en,CAD,2026-07-01T00:19:38.147Z
Cass - missing cards,list,Sticky Fingers,SNC,Streets of New Capenna,124,normal,common,1,67696,3678fa3d-d41f-4b7a-b25e-6fc5f78876c7,0.14,false,false,near_mint,en,CAD,2026-07-01T00:19:38.147Z
Cass - missing cards,list,Unquestioned Authority,CMR,Commander Legends,389,normal,uncommon,1,56122,829710f9-6554-4391-bdb1-2ccdefc2caf5,1.63,false,false,near_mint,en,CAD,2026-07-01T00:19:38.147Z
Cass - missing cards,list,Valor of the Worthy,KHM,Kaldheim,37,normal,common,1,56959,83632e73-be3f-43fc-932f-45cb1af4f8fb,0.01,false,false,near_mint,en,CAD,2026-07-01T00:19:38.147Z
Cass - missing cards,list,Axgard Armory,KHM,Kaldheim,250,normal,uncommon,1,57161,f9c77d35-8418-48fb-b7d7-7cfa763545c5,0.07,false,false,near_mint,en,CAD,2026-07-01T00:19:38.147Z
Cass - missing cards,list,Battlefield Forge,SOC,Secrets of Strixhaven Commander,362,normal,rare,1,112113,c47c1bf5-f11e-4f86-b20b-5d899a11dc56,0.21,false,false,near_mint,en,CAD,2026-07-01T00:19:38.147Z
Cass - missing cards,list,Clifftop Retreat,SOC,Secrets of Strixhaven Commander,366,normal,rare,1,111834,09d0e0dd-28e6-4d78-b768-b08188681d92,0.16,false,false,near_mint,en,CAD,2026-07-01T00:19:38.147Z
Cass - missing cards,list,Furycalm Snarl,SOC,Secrets of Strixhaven Commander,375,normal,rare,1,111873,25a1cd4f-be6c-4e05-93ba-9e393cec76df,0.01,false,false,near_mint,en,CAD,2026-07-01T00:19:38.147Z
Cass - missing cards,list,Radiant Summit,SOC,Secrets of Strixhaven Commander,396,normal,rare,1,111950,5ca0311f-6218-4c1c-ac5f-23b9708446f1,0.88,false,false,near_mint,en,CAD,2026-07-01T00:19:38.147Z
Cass - missing cards,list,Roadside Reliquary,NEO,Kamigawa: Neon Dynasty,272,normal,uncommon,1,66741,8002de90-93fb-48ea-a849-40fdad0aef5a,0.06,false,false,near_mint,en,CAD,2026-07-01T00:19:38.147Z
Cass - missing cards,list,Rugged Prairie,SOC,Secrets of Strixhaven Commander,401,normal,rare,1,111968,6bd21c9e-de16-4ee9-ae16-6e82b490109d,0.01,false,false,near_mint,en,CAD,2026-07-01T00:19:38.147Z
Cass - missing cards,list,Sacred Peaks,SOC,Secrets of Strixhaven Commander,402,normal,common,1,112174,ee2d6798-b19d-4628-bb57-05663ab4af68,0.01,false,false,near_mint,en,CAD,2026-07-01T00:19:38.147Z
Cass - missing cards,list,Sunscorched Divide,SOC,Secrets of Strixhaven Commander,410,normal,rare,1,112172,eae999f9-9c58-4609-8ade-aca0acf07519,0.01,false,false,near_mint,en,CAD,2026-07-01T00:19:38.147Z
Cass - missing cards,list,Temple of Triumph,SOC,Secrets of Strixhaven Commander,417,normal,rare,1,112134,d0e763f7-25b8-444f-8722-614297d0663f,0.01,false,false,near_mint,en,CAD,2026-07-01T00:19:38.147Z
Avatar the Last Airbender (TLA),binder,Callous Inspector,TLA,Avatar: The Last Airbender,89,normal,common,1,109579,f22610e9-6b14-4914-bb67-bd6723bec9aa,0.01,false,false,near_mint,en,CAD,2026-07-04T21:33:16.939Z
Avatar the Last Airbender (TLA),binder,Lost Days,TLA,Avatar: The Last Airbender,62,normal,common,1,109559,db8e88e3-0931-403f-90e7-3c22c0b61dac,0.01,false,false,near_mint,en,CAD,2026-07-04T21:33:16.938Z
Avatar the Last Airbender (TLA),binder,Airbending Lesson,TLA,Avatar: The Last Airbender,8,normal,common,1,108292,e2bcd0a6-e94d-4a21-a334-a57459c1b8cc,0.01,false,false,near_mint,en,CAD,2026-07-04T21:33:16.937Z
Avatar the Last Airbender (TLA),binder,Badgermole,TLA,Avatar: The Last Airbender,166,normal,common,1,108260,aabbd420-b7fc-496f-9168-bad823d51d9e,0.01,false,false,near_mint,en,CAD,2026-07-04T21:33:16.936Z
Avatar the Last Airbender (TLA),binder,Deserter's Disciple,TLA,Avatar: The Last Airbender,131,normal,common,1,108164,14f2ed5a-042b-4cce-82ad-cfb4bd511d98,0.01,false,false,near_mint,en,CAD,2026-07-04T21:33:16.935Z
Avatar the Last Airbender (TLA),binder,Deadly Precision,TLA,Avatar: The Last Airbender,95,normal,common,1,109422,4661daf6-d960-4278-8946-70948efaf99d,0.01,false,false,near_mint,en,CAD,2026-07-04T21:33:16.934Z
Avatar the Last Airbender (TLA),binder,Vindictive Warden,TLA,Avatar: The Last Airbender,249,normal,common,1,108159,0f34de05-39a9-425f-a3b4-3a9d46c917ac,0.01,false,false,near_mint,en,CAD,2026-07-04T21:33:16.933Z
Avatar the Last Airbender (TLA),binder,Earth Rumble,TLA,Avatar: The Last Airbender,174,normal,uncommon,1,108218,62730505-56f1-4043-a8b9-4fb7bc508b47,0.01,false,false,near_mint,en,CAD,2026-07-04T21:33:16.932Z
Avatar the Last Airbender (TLA),binder,Master Piandao,TLA,Avatar: The Last Airbender,28,normal,uncommon,1,108191,3e4a042c-f2a6-45e7-9444-acd1ca838b87,0.01,false,false,near_mint,en,CAD,2026-07-04T21:33:16.931Z
Avatar the Last Airbender (TLA),binder,White Lotus Hideout,TLA,Avatar: The Last Airbender,281,normal,uncommon,1,109399,24d1e22c-0d99-4ed5-94f0-fd055fd8e2be,0.01,false,false,near_mint,en,CAD,2026-07-04T21:33:16.930Z
Avatar the Last Airbender (TLA),binder,Master Pakku,TLA,Avatar: The Last Airbender,63,normal,uncommon,1,108246,91e30df5-63f7-4281-8d64-8d522d663652,0.01,false,false,near_mint,en,CAD,2026-07-04T21:33:16.929Z
Avatar the Last Airbender (TLA),binder,"Iroh, Tea Master",TLA,Avatar: The Last Airbender,228,normal,rare,1,109546,d1f5e10d-0a89-4129-9717-a921f20d3616,0.03,false,false,near_mint,en,CAD,2026-07-04T21:33:16.928Z
Avatar the Last Airbender (TLA),binder,Avatar's Wrath,TLA,Avatar: The Last Airbender,12,foil,rare,1,109423,4811072d-fac0-40dd-a5cf-9694d51b12cf,4.26,false,false,near_mint,en,CAD,2026-07-04T21:33:16.927Z
Avatar the Last Airbender (TLA),binder,Rowdy Snowballers,TLA,Avatar: The Last Airbender,68,normal,common,1,108165,17d71522-b133-4003-b787-0c742a2fd70e,0.01,false,false,near_mint,en,CAD,2026-07-04T21:33:16.923Z
Avatar the Last Airbender (TLA),binder,Razor Rings,TLA,Avatar: The Last Airbender,33,normal,common,1,108265,b05cfee5-ee59-4df6-a5f6-d9ef0fa7f98a,0.01,false,false,near_mint,en,CAD,2026-07-04T21:33:16.922Z
Avatar the Last Airbender (TLA),binder,Merchant of Many Hats,TLA,Avatar: The Last Airbender,110,normal,common,1,108229,752ffa24-93b6-4b33-bf10-7222357ac472,0.01,false,false,near_mint,en,CAD,2026-07-04T21:33:16.921Z
Avatar the Last Airbender (TLA),binder,Aang's Journey,TLA,Avatar: The Last Airbender,1,normal,common,1,108119,5e51f727-5a9b-4bc7-83a9-dbcf1c933e15,0.01,false,false,near_mint,en,CAD,2026-07-04T21:33:16.920Z
Avatar the Last Airbender (TLA),binder,Honest Work,TLA,Avatar: The Last Airbender,55,normal,uncommon,1,109439,57e0ccb0-22f0-4e4d-9a47-c4fec2c7f251,0.01,false,false,near_mint,en,CAD,2026-07-04T21:33:16.916Z
Avatar the Last Airbender (TLA),binder,Boiling Rock Rioter,TLA,Avatar: The Last Airbender,87,normal,rare,1,109464,739653cc-35c8-4a66-95d8-3e80fa6114f0,0.01,false,false,near_mint,en,CAD,2026-07-04T21:33:16.915Z
Avatar the Last Airbender (TLA),binder,Rocky Rebuke,TLA,Avatar: The Last Airbender,193,foil,common,1,108211,52fd910f-6d42-41f5-a4be-f375aa254ea2,0.01,false,false,near_mint,en,CAD,2026-07-04T21:33:16.914Z
Avatar the Last Airbender (TLA),binder,Omashu City,TLA,Avatar: The Last Airbender,275,normal,common,1,109535,c21e413b-96ed-4ded-b567-f1647074ce5f,0.01,false,false,near_mint,en,CAD,2026-07-04T21:33:16.913Z
Avatar the Last Airbender (TLA),binder,Sandbenders' Storm,TLA,Avatar: The Last Airbender,34,normal,common,1,109779,b3bf4a25-4329-4318-870a-2b06aa620dc4,0.01,false,false,near_mint,en,CAD,2026-07-04T21:33:16.908Z
Avatar the Last Airbender (TLA),binder,Kyoshi Warriors,TLA,Avatar: The Last Airbender,26,normal,common,1,109651,211045e1-85c7-4088-b830-a2afa0fe520b,0.01,false,false,near_mint,en,CAD,2026-07-04T21:33:16.907Z
Avatar the Last Airbender (TLA),binder,"Hama, the Bloodbender",TLA,Avatar: The Last Airbender,224,normal,uncommon,1,109461,6fa1197d-7b19-4d86-81e2-5c87de87757b,0.01,false,false,near_mint,en,CAD,2026-07-04T21:33:16.906Z
Avatar the Last Airbender (TLA),binder,Bender's Waterskin,TLA,Avatar: The Last Airbender,255,normal,common,1,108223,6d4a1712-d19e-4475-9614-a0b1af4da610,0.3,false,false,near_mint,en,CAD,2026-07-04T21:33:16.905Z
Avatar the Last Airbender (TLA),binder,Bitter Work,TLA,Avatar: The Last Airbender,210,normal,uncommon,1,109686,3e8de6a9-9859-4ed2-8ece-ef80a7209be9,0.09,false,false,near_mint,en,CAD,2026-07-04T21:33:16.904Z
Avatar the Last Airbender (TLA),binder,Team Avatar,TLA,Avatar: The Last Airbender,38,normal,uncommon,1,109768,a9a5f6f7-f04d-477f-b67f-fd01a5dcc0f5,0.01,false,false,near_mint,en,CAD,2026-07-04T21:33:16.903Z
Avatar the Last Airbender (TLA),binder,Invasion Tactics,TLA,Avatar: The Last Airbender,183,normal,uncommon,1,109403,27c6330d-49f6-4707-b4d4-d1411fa422eb,0.01,false,false,near_mint,en,CAD,2026-07-04T21:33:16.902Z
Avatar the Last Airbender (TLA),binder,Airship Engine Room,TLA,Avatar: The Last Airbender,265,normal,common,1,109375,0b98ba34-f251-4bd0-9d75-1d4445be5cfd,0.01,false,false,near_mint,en,CAD,2026-07-04T21:33:16.901Z
Avatar the Last Airbender (TLA),binder,"Teo, Spirited Glider",TLA,Avatar: The Last Airbender,74,foil,uncommon,1,109450,66906ed4-baac-4be0-9359-34f453d1a04a,0.01,false,false,near_mint,en,CAD,2026-07-04T21:33:16.900Z
Avatar the Last Airbender (TLA),binder,Elemental Teachings,TLA,Avatar: The Last Airbender,178,normal,rare,1,109539,cac8ac35-6860-4839-ab85-93d409206c08,0.03,false,false,near_mint,en,CAD,2026-07-04T21:33:16.899Z
Avatar the Last Airbender (TLA),binder,Earthbending Lesson,TLA,Avatar: The Last Airbender,176,normal,common,1,108142,eccd63b3-3a3a-4661-9d6e-fb8152429bdb,0.01,false,false,near_mint,en,CAD,2026-07-04T21:33:16.896Z
Avatar the Last Airbender (TLA),binder,Cunning Maneuver,TLA,Avatar: The Last Airbender,130,normal,common,1,109380,0ff7c993-ba29-43b0-9639-7c4bc0292fa2,0.01,false,false,near_mint,en,CAD,2026-07-04T21:33:16.895Z
Avatar the Last Airbender (TLA),binder,Sold Out,TLA,Avatar: The Last Airbender,119,normal,common,1,109389,1affba6d-2cca-4cdf-8690-1e23ffbe8462,0.01,false,false,near_mint,en,CAD,2026-07-04T21:33:16.894Z
Avatar the Last Airbender (TLA),binder,Flexible Waterbender,TLA,Avatar: The Last Airbender,50,normal,common,1,108163,1447ebce-7e48-4b21-a39c-740920538bdd,0.01,false,false,near_mint,en,CAD,2026-07-04T21:33:16.893Z
Avatar the Last Airbender (TLA),binder,Abandon Attachments,TLA,Avatar: The Last Airbender,205,normal,common,1,108228,74ca45a4-97ab-4255-9129-884e8b42b984,0.07,false,false,near_mint,en,CAD,2026-07-04T21:33:16.892Z
Avatar the Last Airbender (TLA),binder,"Ty Lee, Artful Acrobat",TLA,Avatar: The Last Airbender,158,normal,uncommon,1,109561,dcd9df24-272b-4aa1-b05f-6ee6b3d3dfe7,0.01,false,false,near_mint,en,CAD,2026-07-04T21:33:16.891Z
Avatar the Last Airbender (TLA),binder,"Yue, the Moon Spirit",TLA,Avatar: The Last Airbender,83,normal,rare,1,108143,ecdac50f-c639-43fc-a03e-d488fac96ae2,0.13,false,false,near_mint,en,CAD,2026-07-04T21:33:16.887Z
Avatar the Last Airbender (TLA),binder,Deserter's Disciple,TLA,Avatar: The Last Airbender,131,foil,common,1,108164,14f2ed5a-042b-4cce-82ad-cfb4bd511d98,0.01,false,false,near_mint,en,CAD,2026-07-04T21:33:16.886Z
Avatar the Last Airbender (TLA),binder,Kyoshi Village,TLA,Avatar: The Last Airbender,271,normal,common,1,109487,8d5f3008-2af8-4e81-8847-1c91f524e747,0.01,false,false,near_mint,en,CAD,2026-07-04T21:33:16.885Z
Avatar the Last Airbender (TLA),binder,"Hei Bai, Spirit of Balance",TLA,Avatar: The Last Airbender,225,normal,uncommon,2,108153,060d24e0-1567-41f1-ae8c-2d3b1834df3c,0.01,false,false,near_mint,en,CAD,2026-07-04T21:33:16.888Z
Avatar the Last Airbender (TLA),binder,Earth Kingdom General,TLA,Avatar: The Last Airbender,173,normal,uncommon,2,109481,8688fce5-74b1-41e1-a59a-05a3878a75cb,0.01,false,false,near_mint,en,CAD,2026-07-04T21:33:16.889Z
Avatar the Last Airbender (TLA),binder,"Aang, the Last Airbender",TLA,Avatar: The Last Airbender,4,normal,uncommon,2,108175,245e008c-e073-443f-9592-6f628c0026ec,0.01,false,false,near_mint,en,CAD,2026-07-04T21:33:16.890Z
Avatar the Last Airbender (TLA),binder,Forecasting Fortune Teller,TLA,Avatar: The Last Airbender,51,normal,common,2,109366,023e7ad4-6af0-4f29-a716-27a313974227,0.01,false,false,near_mint,en,CAD,2026-07-04T21:33:16.897Z
Avatar the Last Airbender (TLA),binder,Canyon Crawler,TLA,Avatar: The Last Airbender,90,normal,common,3,109668,30a30bfb-f0f3-425b-b37d-20079ee27046,0.01,false,false,near_mint,en,CAD,2026-07-04T21:33:16.898Z
Avatar the Last Airbender (TLA),binder,Boar-q-pine,TLA,Avatar: The Last Airbender,124,normal,common,2,109629,087a445c-5f63-45d6-83e8-20d22650db20,0.01,false,false,near_mint,en,CAD,2026-07-04T21:33:16.911Z
Avatar the Last Airbender (TLA),binder,Raucous Audience,TLA,Avatar: The Last Airbender,190,normal,common,2,108279,ccd03ec3-0fae-48b2-9f04-9c57d2f94267,0.01,false,false,near_mint,en,CAD,2026-07-04T21:33:16.912Z
Avatar the Last Airbender (TLA),binder,Bear,TTLA,Avatar: The Last Airbender Tokens,12,normal,common,1,109933,1dbbdb0f-57a4-4b85-ba5c-1383f0efb3af,,false,false,near_mint,en,CAD,2026-07-04T21:34:45.583Z
Avatar the Last Airbender (TLA),binder,Copy,TTLA,Avatar: The Last Airbender Tokens,2,normal,common,1,109963,6f361ecd-045d-43a3-bb1b-83c23f070ff8,,false,false,near_mint,en,CAD,2026-07-04T21:34:45.581Z
Avatar the Last Airbender (TLA),binder,Food,TTLA,Avatar: The Last Airbender Tokens,20,normal,common,1,109964,6fb7cf0b-48d1-4a35-be63-a331987400de,,false,false,near_mint,en,CAD,2026-07-04T21:34:45.579Z
Avatar the Last Airbender (TLA),binder,Soldier,TTLA,Avatar: The Last Airbender Tokens,11,normal,common,1,109940,2de43b03-9ac5-4292-ab29-2dc6210ef3d9,,false,false,near_mint,en,CAD,2026-07-04T21:34:45.577Z
Avatar the Last Airbender (TLA),binder,Ally,TTLA,Avatar: The Last Airbender Tokens,5,normal,common,2,109982,cae9c13e-fda2-4591-bd52-888d12194e4d,,false,false,near_mint,en,CAD,2026-07-04T21:34:45.578Z
Avatar the Last Airbender (TLA),binder,Clue,TTLA,Avatar: The Last Airbender Tokens,14,normal,common,2,109966,82016bc3-8905-454a-b4aa-b9eac69d42c4,,false,false,near_mint,en,CAD,2026-07-04T21:34:45.582Z
Secrets of Strixhaven,binder,End of the Hunt,SOS,Secrets of Strixhaven,81,normal,uncommon,1,112320,0809b51a-6a05-4f18-9bf4-1b8382da648f,0.01,false,false,near_mint,en,CAD,2026-08-01T17:02:39.789Z
Secrets of Strixhaven,binder,Ajani's Response,SOS,Secrets of Strixhaven,6,normal,common,1,112654,9cd1417a-badc-4abd-a8ca-5b31f85c1072,0.01,false,false,near_mint,en,CAD,2026-08-01T17:02:39.790Z
Secrets of Strixhaven,binder,Requisition Raid,SOA,Secrets of Strixhaven Mystical Archive,10,normal,uncommon,1,112457,6d9efae9-365d-46c8-be92-d4a3038f0414,0.07,false,false,near_mint,en,CAD,2026-08-01T17:02:39.791Z
Secrets of Strixhaven,binder,Elite Interceptor // Rejoinder,SOS,Secrets of Strixhaven,12,normal,common,1,112577,2970683e-e69c-42cb-a067-34abd56fb42b,0.01,false,false,near_mint,en,CAD,2026-08-01T17:02:39.792Z
Secrets of Strixhaven,binder,Forum of Amity,SOS,Secrets of Strixhaven,256,normal,common,1,111863,1de6c6cc-0c55-4997-8623-d7f796bd9ab8,0.01,false,false,near_mint,en,CAD,2026-08-01T17:02:39.793Z
Secrets of Strixhaven,binder,Eager Glyphmage,SOS,Secrets of Strixhaven,11,normal,common,1,112507,bf736de9-9bc4-49df-ae60-672ed4f83f32,0.01,false,false,near_mint,en,CAD,2026-08-01T17:02:39.794Z
Secrets of Strixhaven,binder,Soaring Stoneglider,SOS,Secrets of Strixhaven,32,normal,uncommon,1,112584,2fbe446b-60fd-43da-8358-985392293af8,0.01,false,false,near_mint,en,CAD,2026-08-01T17:02:39.795Z
Secrets of Strixhaven,binder,Summoned Dromedary,SOS,Secrets of Strixhaven,37,normal,uncommon,1,112340,44d0277c-ca82-4334-a15a-cd67a9db0d02,0.01,false,false,near_mint,en,CAD,2026-08-01T17:02:39.797Z
Secrets of Strixhaven,binder,"Page, Loose Leaf",SOS,Secrets of Strixhaven,250,normal,common,1,112642,8c6fecfd-8241-4cf0-b1eb-19472b99e0ed,0.01,false,false,near_mint,en,CAD,2026-08-01T17:02:39.798Z
Secrets of Strixhaven,binder,Pox Plague,SOS,Secrets of Strixhaven,94,normal,rare,1,112653,9c99c17b-ad3a-4859-97e8-469718b81cd9,0.13,false,false,near_mint,en,CAD,2026-08-01T17:02:39.799Z
Secrets of Strixhaven,binder,Stirring Honormancer,SOS,Secrets of Strixhaven,234,normal,uncommon,1,112709,ee84b04d-78fc-416f-9166-72e5417c3e17,0.01,false,false,near_mint,en,CAD,2026-08-01T17:02:39.800Z
Secrets of Strixhaven,binder,Shattered Acolyte,SOS,Secrets of Strixhaven,31,normal,common,1,111659,dc0517ca-b271-49a1-a286-c20f4e5b9309,0.01,false,false,near_mint,en,CAD,2026-08-01T17:02:39.801Z
Secrets of Strixhaven,binder,Owlin Historian,SOS,Secrets of Strixhaven,24,normal,common,1,112620,5fe99be0-e1ec-485e-82f8-02eba7b82441,0.01,false,false,near_mint,en,CAD,2026-08-01T17:02:39.802Z
Secrets of Strixhaven,binder,Adventurous Eater // Have a Bite,SOS,Secrets of Strixhaven,72,foil,common,1,112694,d40cc7da-c731-418e-8547-7033d1939450,0.01,false,false,near_mint,en,CAD,2026-08-01T17:02:39.804Z
Secrets of Strixhaven,binder,Ulna Alley Shopkeep,SOS,Secrets of Strixhaven,103,foil,common,1,112681,c25e1ae5-f17c-4eee-98f1-5681981af31c,0.01,false,false,near_mint,en,CAD,2026-08-01T17:02:39.805Z
Secrets of Strixhaven,binder,Foolish Fate,SOS,Secrets of Strixhaven,83,foil,uncommon,1,112693,d278f4c9-d20b-4a76-8c5c-4d3e985948b9,0.01,false,false,near_mint,en,CAD,2026-08-01T17:02:39.806Z
Secrets of Strixhaven,binder,Terramorphic Expanse,SOS,Secrets of Strixhaven,265,normal,common,1,112047,9a4c5629-fadd-42b9-850f-9f8586a2ca50,0.01,false,false,near_mint,en,CAD,2026-08-01T17:02:39.807Z
Secrets of Strixhaven,binder,Dissection Practice,SOS,Secrets of Strixhaven,79,normal,uncommon,1,112700,ddbf1242-6832-475e-9a77-65dd9b4bb32a,0.01,false,false,near_mint,en,CAD,2026-08-01T17:02:39.808Z
Secrets of Strixhaven,binder,Informed Inkwright,SOS,Secrets of Strixhaven,20,normal,rare,1,112447,5defb2d1-d0fb-4e7f-a5c7-3df99fe675d6,0.03,false,false,near_mint,en,CAD,2026-08-01T17:02:39.811Z
Secrets of Strixhaven,binder,Potioner's Trove,SOS,Secrets of Strixhaven,251,normal,common,1,112570,2123b349-4649-4a15-a8b5-b54414d2b1b7,0.01,false,false,near_mint,en,CAD,2026-08-01T17:02:39.812Z
Secrets of Strixhaven,binder,Imperious Inkmage,SOS,Secrets of Strixhaven,195,foil,common,1,112695,d5df1c3f-2536-4476-b8cd-34b026c38366,0.01,false,false,near_mint,en,CAD,2026-08-01T17:02:39.813Z
Secrets of Strixhaven,binder,Inkshape Demonstrator,SOS,Secrets of Strixhaven,21,normal,uncommon,1,112505,bcfac992-9984-4529-b9ff-a42d58832b34,0.01,false,false,near_mint,en,CAD,2026-08-01T17:02:39.815Z
Secrets of Strixhaven,binder,Cheerful Osteomancer // Raise Dead,SOS,Secrets of Strixhaven,76,normal,common,1,112596,3c34660c-25e3-4ff5-9b2b-5554ded2bcc3,0.01,false,false,near_mint,en,CAD,2026-08-01T17:02:39.816Z
Secrets of Strixhaven,binder,Stone Docent,SOS,Secrets of Strixhaven,36,normal,common,1,112682,c2abfffb-bf36-44af-9a27-6e109e4d77dd,0.01,false,false,near_mint,en,CAD,2026-08-01T17:02:39.820Z
Secrets of Strixhaven,binder,Colossus of the Blood Age,SOS,Secrets of Strixhaven,181,normal,uncommon,1,112387,bfa7f0a4-6b65-4e53-ba00-848df260d8e3,0.01,false,false,near_mint,en,CAD,2026-08-01T17:02:39.821Z
Secrets of Strixhaven,binder,Pursue the Past,SOS,Secrets of Strixhaven,216,normal,common,1,112605,4584d5f7-b1f1-4c8e-80c5-ad35e44a968e,0.01,false,false,near_mint,en,CAD,2026-08-01T17:02:39.822Z
Secrets of Strixhaven,binder,Teacher's Pest,SOS,Secrets of Strixhaven,238,normal,uncommon,1,112171,eaa358ac-761d-4507-aa15-3d4684027207,0.01,false,false,near_mint,en,CAD,2026-08-01T17:02:39.823Z
Secrets of Strixhaven,binder,Textbook Tabulator,SOS,Secrets of Strixhaven,70,foil,common,1,112615,56f54fee-b48d-4582-8982-ca4c7b8ef553,0.01,false,false,near_mint,en,CAD,2026-08-01T17:02:39.824Z
Secrets of Strixhaven,binder,Tenured Concocter,SOS,Secrets of Strixhaven,163,normal,common,1,112592,376c8b7d-1c90-47e1-bd01-e4c67f3fc4fc,0.01,false,false,near_mint,en,CAD,2026-08-01T17:02:39.825Z
Secrets of Strixhaven,binder,Additive Evolution,SOS,Secrets of Strixhaven,139,foil,uncommon,1,112313,b44ec684-d558-45eb-bcd6-8119428634c2,0.01,false,false,near_mint,en,CAD,2026-08-01T17:02:39.826Z
Secrets of Strixhaven,binder,Paradox Gardens,SOS,Secrets of Strixhaven,258,normal,common,1,112152,dbc3447e-1329-4ea1-b4ca-b321b0ffec8f,0.01,false,false,near_mint,en,CAD,2026-08-01T17:02:39.827Z
Secrets of Strixhaven,binder,Spirit Mascot,SOS,Secrets of Strixhaven,230,normal,common,1,111682,123f1fde-d8de-4640-baa1-bb3781713168,0.01,false,false,near_mint,en,CAD,2026-08-01T17:02:39.828Z
Secrets of Strixhaven,binder,"Kirol, History Buff // Pack a Punch",SOS,Secrets of Strixhaven,198,normal,uncommon,1,111709,676ba521-66e4-42cf-a315-70d03cb7334e,0.01,false,false,near_mint,en,CAD,2026-08-01T17:02:39.829Z
Secrets of Strixhaven,binder,Sneering Shadewriter,SOS,Secrets of Strixhaven,101,normal,common,2,112608,4b4c120e-abe9-4f11-a7e4-bc3f723da4b2,0.01,false,false,near_mint,en,CAD,2026-08-01T17:02:39.796Z
Secrets of Strixhaven,binder,Interjection,SOS,Secrets of Strixhaven,22,normal,common,2,112560,0534cff6-299c-4155-b318-eb7581989e8a,0.01,false,false,near_mint,en,CAD,2026-08-01T17:02:39.803Z
Secrets of Strixhaven,binder,Dig Site Inventory,SOS,Secrets of Strixhaven,10,normal,common,2,112707,e52464ee-df8b-41ec-af93-4b0eb004383e,0.01,false,false,near_mint,en,CAD,2026-08-01T17:02:39.809Z
Secrets of Strixhaven,binder,"Ennis, Debate Moderator",SOS,Secrets of Strixhaven,14,normal,uncommon,2,112521,d2ef31b4-24fa-4443-9f05-c8e99c3522e5,0.01,false,false,near_mint,en,CAD,2026-08-01T17:02:39.814Z
The Hobbit (HOB),binder,Plunder the Trollshaws,HOB,The Hobbit,51,foil,common,1,115074,afb73190-b9bd-4744-a011-a37cd9c0148d,0.05,false,false,near_mint,en,CAD,2026-08-22T00:19:14.670Z
The Hobbit (HOB),binder,Through the Forest Gate,HOB,The Hobbit,137,foil,rare,1,114978,880adfc8-69cf-4062-a804-e65b6cb6056d,0.91,false,false,near_mint,en,CAD,2026-08-22T00:19:14.671Z
The Hobbit (HOB),binder,Dwarven Shortsword,HOB,The Hobbit,10,foil,common,1,115259,f2341cf3-4d2c-4a4f-9aea-8834104a8910,0.07,false,false,near_mint,en,CAD,2026-08-22T00:19:14.672Z
The Hobbit (HOB),binder,"Sting, Bilbo's Sword",HOB,The Hobbit,178,normal,rare,1,114844,d6a8d698-c454-42c4-ad4e-9a7625d5569f,0.34,false,false,near_mint,en,CAD,2026-08-22T00:19:14.673Z
The Hobbit (HOB),binder,Thrór's Map,HOB,The Hobbit,179,normal,uncommon,1,115032,ad0dba36-d056-4bc1-987a-391da26ad267,0.01,false,false,near_mint,en,CAD,2026-08-22T00:19:14.674Z
The Hobbit (HOB),binder,Bard the Bowman,HOB,The Hobbit,145,normal,uncommon,2,114790,0b84e232-428c-424a-848c-ef95debc6e50,0.01,false,false,near_mint,en,CAD,2026-08-22T00:19:14.675Z
The Hobbit (HOB),binder,Island,HOB,The Hobbit,195,normal,common,1,112927,739aaaac-c424-4ea7-a084-62a6fc0438b0,0.21,false,false,near_mint,en,CAD,2026-08-22T00:19:14.676Z
The Hobbit (HOB),binder,Swamp,HOB,The Hobbit,196,foil,common,1,112944,c5f590a3-9993-4ac4-a93c-1beb44eda17b,0.12,false,false,near_mint,en,CAD,2026-08-22T00:19:14.678Z
The Hobbit (HOB),binder,Old Fat Spider,HOB,The Hobbit,132,normal,uncommon,2,115033,e0c0f842-40fe-4776-a988-a35216bcfd47,0.01,false,false,near_mint,en,CAD,2026-08-22T00:19:14.679Z
The Hobbit (HOB),binder,Forest,HOB,The Hobbit,198,normal,common,1,112924,5f533364-0f91-4e49-aaeb-83c4c1f6d316,0.14,false,false,near_mint,en,CAD,2026-08-22T00:19:14.680Z
The Hobbit (HOB),binder,The Notary Hobbits,HOB,The Hobbit,131,normal,rare,1,115113,d876315f-b269-4254-a517-905c6e927462,0.21,false,false,near_mint,en,CAD,2026-08-22T00:19:14.681Z
The Hobbit (HOB),binder,Plains,HOB,The Hobbit,194,normal,common,1,112914,24dc369c-020a-4115-a4bb-d60a44de64e3,0.18,false,false,near_mint,en,CAD,2026-08-22T00:19:14.683Z
The Hobbit (HOB),binder,"Dáin, Lord of the Iron Hills",HOB,The Hobbit,8,normal,uncommon,2,115213,99d27749-d16c-45e9-accc-6a01351c17f9,0.07,false,false,near_mint,en,CAD,2026-08-22T00:19:14.684Z
The Hobbit (HOB),binder,Iron Hills Blacksmith,HOB,The Hobbit,216,normal,uncommon,1,114899,6b428a9a-3a59-4416-b00b-78e2cb73e2d6,0.04,false,false,near_mint,en,CAD,2026-08-22T00:19:14.685Z
The Hobbit (HOB),binder,"Azog, Moria's Ruin",HOB,The Hobbit,222,foil,rare,1,114941,0b9ef17a-02a4-44c6-b0b3-9eccf7f324fd,0.74,false,false,near_mint,en,CAD,2026-08-22T00:19:14.687Z
The Hobbit (HOB),binder,Thorin Oakenshield,HOB,The Hobbit,165,foil,uncommon,1,114841,c7e18609-d1ed-4829-be11-f2ce2cfcbc49,0.08,false,false,near_mint,en,CAD,2026-08-22T00:19:14.688Z
The Hobbit (HOB),binder,Kíli the Resourceful,HOB,The Hobbit,17,normal,rare,1,115097,1805532f-6d99-47d0-9529-5f5831a7fdc8,0.47,false,false,near_mint,en,CAD,2026-08-22T00:19:14.690Z
The Hobbit (HOB),binder,Thorin Oakenshield,HOB,The Hobbit,165,normal,uncommon,1,114841,c7e18609-d1ed-4829-be11-f2ce2cfcbc49,0.01,false,false,near_mint,en,CAD,2026-08-22T00:19:14.691Z
The Hobbit (HOB),binder,"Bifur, Melodic Rider",HOB,The Hobbit,147,normal,uncommon,1,114849,ee88cc80-8fbf-451c-b2b8-09158426c26a,0.04,false,false,near_mint,en,CAD,2026-08-22T00:19:14.693Z
The Hobbit (HOB),binder,"Bofur, Reliable Guardian // Concerted Care",HOB,The Hobbit,6,normal,uncommon,1,115190,6b8e6435-7de4-41d5-bc7d-8e24c11897d0,0.01,false,false,near_mint,en,CAD,2026-08-22T00:19:14.695Z
The Hobbit (HOB),binder,"Balin, Loremaster",HOB,The Hobbit,87,normal,rare,1,115047,42d7ca7b-c983-40fd-ad57-59f6972bb375,0.14,false,false,near_mint,en,CAD,2026-08-22T00:19:14.696Z
The Hobbit (HOB),binder,"Dwalin, Weaponmaster",HOB,The Hobbit,154,normal,rare,1,115041,196d9287-a37d-4b27-a83b-a5489a54f081,0.21,false,false,near_mint,en,CAD,2026-08-22T00:19:14.697Z
The Hobbit (HOB),binder,The Misty Mountains Cold,HOB,The Hobbit,104,normal,rare,1,114886,3d5f35ff-4146-4844-9da5-031461cc8c05,0.14,false,false,near_mint,en,CAD,2026-08-22T00:19:14.701Z
The Hobbit (HOB),binder,"Burn, Burn, Tree and Fern",HOB,The Hobbit,90,normal,uncommon,1,114856,fceb1a2d-121e-49ad-acf2-1bb5aebec116,0.01,false,false,near_mint,en,CAD,2026-08-22T00:19:14.702Z
The Hobbit (HOB),binder,"Down, Down to Goblin-town",HOB,The Hobbit,65,normal,uncommon,2,114933,b72e193c-e030-4936-9b79-c636eff750e1,0.01,false,false,near_mint,en,CAD,2026-08-22T00:19:14.704Z
The Hobbit (HOB),binder,Old Fat Spider Can't See Me,HOB,The Hobbit,50,normal,uncommon,1,115175,4a865cea-f947-4736-8ace-ba478fceeb22,0.01,false,false,near_mint,en,CAD,2026-08-22T00:19:14.705Z
The Hobbit (HOB),binder,Down in the Valley,HOB,The Hobbit,124,normal,rare,1,114983,c8aa5179-475b-4cc8-b21e-205b475eb4cf,0.01,false,false,near_mint,en,CAD,2026-08-22T00:19:14.706Z
The Hobbit (HOB),binder,Thorin's Last Stand,HOB,The Hobbit,209,normal,common,1,115128,089e8e4b-c367-4d86-a69a-951f7d779aaf,0.01,false,false,near_mint,en,CAD,2026-08-22T00:19:14.707Z
The Hobbit (HOB),binder,Dreaded Bat-Cloud,HOB,The Hobbit,206,normal,uncommon,1,115142,1d84b0f8-aa9d-46b5-b46d-cb291aa6af9a,0.01,false,false,near_mint,en,CAD,2026-08-22T00:19:14.708Z
The Hobbit (HOB),binder,Head of the Hunt,HOB,The Hobbit,75,normal,rare,2,114995,3ffe34d4-72f4-4562-a948-8909b9321e59,0.14,false,false,near_mint,en,CAD,2026-08-22T00:19:14.709Z
The Hobbit (HOB),binder,Plains,HOB,The Hobbit,315,normal,common,1,112931,8e07d3e6-c602-446f-a453-f54f13bfc55a,0.65,false,false,near_mint,en,CAD,2026-08-22T00:19:14.711Z
The Hobbit (HOB),binder,Plains,HOB,The Hobbit,314,normal,common,1,112934,a3ae6956-7f2d-4569-a9f8-3972b5ec5e56,0.82,false,false,near_mint,en,CAD,2026-08-22T00:19:14.712Z
The Hobbit (HOB),binder,Plains,HOB,The Hobbit,313,normal,common,1,112943,c5b472d5-da70-4fd9-a68c-10e17797ad0d,0.55,false,false,near_mint,en,CAD,2026-08-22T00:19:14.713Z
The Hobbit (HOB),binder,Plains,HOB,The Hobbit,316,normal,common,1,112907,15dd9a36-55df-4942-a7eb-1c49a7999e68,0.65,false,false,near_mint,en,CAD,2026-08-22T00:19:14.714Z
The Hobbit (HOB),binder,"Bofur, Reliable Guardian // Concerted Care",HOB,The Hobbit,6,foil,uncommon,1,115190,6b8e6435-7de4-41d5-bc7d-8e24c11897d0,0.1,false,false,near_mint,en,CAD,2026-08-22T00:19:14.716Z
The Hobbit (HOB),binder,Belladonna Took,HOB,The Hobbit,4,normal,rare,1,114954,88f0c189-c9ed-4ea3-ae62-3d8ac6c7fecf,3.0,false,false,near_mint,en,CAD,2026-08-22T00:19:14.719Z
The Hobbit (HOB),binder,"Galion, Elvenking's Butler",HOB,The Hobbit,125,normal,uncommon,3,114979,985bd676-58c4-42c7-a570-1b413e9aa94c,0.01,false,false,near_mint,en,CAD,2026-08-22T00:19:14.721Z
The Hobbit (HOB),binder,"Beorn, Reluctant Host // Till and Tend",HOB,The Hobbit,118,normal,common,6,115066,804589b7-3ef9-473d-97cc-c61a2d41f70d,0.01,false,false,near_mint,en,CAD,2026-08-22T00:19:14.722Z
The Hobbit (HOB),binder,Duskwatch Hunter,HOB,The Hobbit,153,normal,common,5,115045,3685c783-d837-4466-a960-ab3098db64c3,0.01,false,false,near_mint,en,CAD,2026-08-22T00:19:14.723Z
The Hobbit (HOB),binder,The Chief Warg,HOB,The Hobbit,150,normal,uncommon,3,114839,c397a298-bf7f-49d7-a26a-206ccf9e8120,0.01,false,false,near_mint,en,CAD,2026-08-22T00:19:14.724Z
The Hobbit (HOB),binder,Dáin's Company,HOB,The Hobbit,152,normal,rare,2,115020,36db4405-8589-481f-b627-f26087488337,0.19,false,false,near_mint,en,CAD,2026-08-22T00:19:14.726Z
The Hobbit (HOB),binder,Gollum the Abandoned,HOB,The Hobbit,72,normal,uncommon,2,114926,50d91ef3-6f5d-4255-8d47-be731b5dad30,0.01,false,false,near_mint,en,CAD,2026-08-22T00:19:14.727Z
The Hobbit (HOB),binder,The Black Arrow,HOB,The Hobbit,171,normal,uncommon,3,115108,ab181190-d53d-4972-8cd5-8e54b45f2276,0.01,false,false,near_mint,en,CAD,2026-08-22T00:19:14.728Z
The Hobbit (HOB),binder,Dwarven Mauler,HOB,The Hobbit,95,normal,uncommon,3,114982,bd0f0415-43af-4f5d-8999-853c5d42780d,0.05,false,false,near_mint,en,CAD,2026-08-22T00:19:14.735Z
The Hobbit (HOB),binder,Island,HOB,The Hobbit,190,foil,common,1,115083,c6aa89a8-3584-4906-b9a9-41ef2f021f8e,0.01,false,false,near_mint,en,CAD,2026-08-22T00:19:14.736Z
The Hobbit (HOB),binder,Dwarven Mattock,HOB,The Hobbit,172,normal,uncommon,3,115069,92c6f09d-b525-4e8c-a87c-a74df9dc3b1e,0.01,false,false,near_mint,en,CAD,2026-08-22T00:19:14.738Z
The Hobbit (HOB),binder,Iron Hills,HOB,The Hobbit,185,foil,common,2,115063,78045c43-5cbe-48ff-837d-e7c6baac2937,0.01,false,false,near_mint,en,CAD,2026-08-22T00:19:14.740Z
The Hobbit (HOB),binder,Iron Hills,HOB,The Hobbit,185,normal,common,3,115063,78045c43-5cbe-48ff-837d-e7c6baac2937,0.01,false,false,near_mint,en,CAD,2026-08-22T00:19:14.741Z
The Hobbit (HOB),binder,Bilbo's Gambit,HOB,The Hobbit,5,foil,rare,1,114953,45ad01f0-cda8-4931-82bb-cb4949e56ae9,2.72,false,false,near_mint,en,CAD,2026-08-22T00:19:14.743Z
The Hobbit (HOB),binder,Velvetwing Butterflies // Gaze in Wonder,HOB,The Hobbit,30,normal,common,5,115180,5cc0f994-5048-4898-926e-b56cbc97e0ca,0.01,false,false,near_mint,en,CAD,2026-08-22T00:19:14.747Z
The Hobbit (HOB),binder,Velvetwing Butterflies // Gaze in Wonder,HOB,The Hobbit,30,foil,common,1,115180,5cc0f994-5048-4898-926e-b56cbc97e0ca,0.05,false,false,near_mint,en,CAD,2026-08-22T00:19:14.748Z
The Hobbit (HOB),binder,Lake-town Mariners // Gone Fishing,HOB,The Hobbit,44,normal,uncommon,2,114996,4202a678-a5f4-47f9-9c18-e88ab9ad20a4,0.01,false,false,near_mint,en,CAD,2026-08-22T00:19:14.751Z
The Hobbit (HOB),binder,Wizard's Staff,HOB,The Hobbit,59,normal,rare,1,114991,0de529a7-bdc5-4581-a169-1ad123bc099a,5.21,false,false,near_mint,en,CAD,2026-08-22T00:19:14.752Z
The Hobbit (HOB),binder,Uncover the Moon-Letters,HOB,The Hobbit,57,normal,rare,1,115103,79edf5f6-f6b6-4271-bd2a-14a980f30616,0.26,false,false,near_mint,en,CAD,2026-08-22T00:19:14.753Z
The Hobbit (HOB),binder,Long Lake Nuisance,HOB,The Hobbit,45,foil,common,1,115240,cd5af94d-6321-4834-8e5f-e5d0261b3ef3,0.01,false,false,near_mint,en,CAD,2026-08-22T00:19:14.758Z
The Hobbit (HOB),binder,Confusticate and Bebother,HOB,The Hobbit,35,normal,common,5,115071,9de48690-e5ae-495a-addf-305f1db7ec21,0.01,false,false,near_mint,en,CAD,2026-08-22T00:19:14.761Z
The Hobbit (HOB),binder,Troll Negotiations,HOB,The Hobbit,138,normal,uncommon,3,115112,ca0f7bf4-b8a2-4ec4-ad7e-b639de9fa76a,0.01,false,false,near_mint,en,CAD,2026-08-22T00:19:14.763Z
The Hobbit (HOB),binder,Pinecone Strike,HOB,The Hobbit,107,foil,common,1,115255,ea174cea-40e5-424e-9734-e39aae6c6b17,0.01,false,false,near_mint,en,CAD,2026-08-22T00:19:14.769Z
The Hobbit (HOB),binder,Hobbit Hole,HOB,The Hobbit,184,normal,common,5,115038,0365c439-30bf-4d32-a791-166751bdb996,0.04,false,false,near_mint,en,CAD,2026-08-22T00:19:14.771Z
The Hobbit (HOB),binder,Last Light of Durin's Day,HOB,The Hobbit,103,normal,rare,1,114915,df29484b-de4b-4bab-995a-7605745780d9,0.12,false,false,near_mint,en,CAD,2026-08-22T00:19:14.775Z
The Hobbit (HOB),binder,Riddles in the Dark,HOB,The Hobbit,53,normal,rare,1,112936,a6129286-7437-4ba4-be55-586a22cd67ca,0.07,false,false,near_mint,en,CAD,2026-08-22T00:19:14.777Z
The Hobbit (HOB),binder,Wargling,HOB,The Hobbit,140,foil,common,1,115141,1ccbf823-846f-4f09-9c67-1deebb5d1d92,0.04,false,false,near_mint,en,CAD,2026-08-22T00:19:14.778Z
The Hobbit (HOB),binder,Enchanted River's Grasp,HOB,The Hobbit,39,foil,common,1,115225,ad40a4b9-9fab-49c1-8e9f-6e0776966833,0.01,false,false,near_mint,en,CAD,2026-08-22T00:19:14.779Z
The Hobbit (HOB),binder,Nasty Little Rabbit,HOB,The Hobbit,130,normal,uncommon,1,115030,96bc7d25-2828-478a-8fe5-a1f4ede8c9c0,0.01,false,false,near_mint,en,CAD,2026-08-22T00:19:14.780Z
The Hobbit (HOB),binder,Troop of Ponies,HOB,The Hobbit,3,normal,uncommon,2,115131,0b4b1c59-bcec-4779-9e27-0e6f9feb4e11,0.05,false,false,near_mint,en,CAD,2026-08-22T00:19:14.782Z
The Hobbit (HOB),binder,Eagle of the Great Shelf,HOB,The Hobbit,11,normal,uncommon,2,114895,3feca644-5f65-4477-bbc8-d505cec6f3a5,0.01,false,false,near_mint,en,CAD,2026-08-22T00:19:14.783Z
The Hobbit (HOB),binder,Most Decrepit Old Bird // Speak Secrets,HOB,The Hobbit,49,normal,rare,1,115017,2d838feb-89f2-4cdb-a5ab-ec880f28d873,0.16,false,false,near_mint,en,CAD,2026-08-22T00:19:14.787Z
The Hobbit (HOB),binder,The Lord of the Eagles,HOB,The Hobbit,46,normal,rare,1,114918,fa0554fc-9448-4ae2-8712-4f4f7af3c7b4,0.21,false,false,near_mint,en,CAD,2026-08-22T00:19:14.788Z
The Hobbit (HOB),binder,Ordinary Bear,HOB,The Hobbit,133,foil,common,1,115040,0feb9817-56e1-465a-851c-b2fe202aa8ae,0.01,false,false,near_mint,en,CAD,2026-08-22T00:19:14.789Z
The Hobbit (HOB),binder,Large Bear,HOB,The Hobbit,159,foil,uncommon,1,115049,50202288-f433-4b56-8f60-349bda7b4f6b,0.03,false,false,near_mint,en,CAD,2026-08-22T00:19:14.790Z
The Hobbit (HOB),binder,Gigantic Big Bear,HOB,The Hobbit,126,normal,rare,1,115065,7d6ece3d-8e7a-41ad-974f-3c9748de4825,0.26,false,false,near_mint,en,CAD,2026-08-22T00:19:14.791Z
The Hobbit (HOB),binder,Large Bear,HOB,The Hobbit,159,normal,uncommon,2,115049,50202288-f433-4b56-8f60-349bda7b4f6b,0.01,false,false,near_mint,en,CAD,2026-08-22T00:19:14.794Z
The Hobbit (HOB),binder,Gnashing of Teeth,HOB,The Hobbit,69,foil,uncommon,1,114927,5d485d70-c7b9-40a4-9089-5e7f1c2b9213,0.01,false,false,near_mint,en,CAD,2026-08-22T00:19:14.802Z
The Hobbit (HOB),binder,Rhovanion Rampager,HOB,The Hobbit,82,normal,rare,1,115101,5ee45a5e-3650-47b3-8d31-6b1de9e27a14,0.12,false,false,near_mint,en,CAD,2026-08-22T00:19:14.803Z
The Hobbit (HOB),binder,Snowslope Hunter,HOB,The Hobbit,112,normal,uncommon,2,115173,47666099-ffb2-4d07-a801-70524dba0837,0.01,false,false,near_mint,en,CAD,2026-08-22T00:19:14.811Z
The Hobbit (HOB),binder,Front Porch Sentries,HOB,The Hobbit,67,normal,common,6,115094,07bfc803-e11b-47ab-9f25-0ace7e174200,0.01,false,false,near_mint,en,CAD,2026-08-22T00:19:14.813Z
The Hobbit (HOB),binder,Island,HOB,The Hobbit,190,normal,common,1,115083,c6aa89a8-3584-4906-b9a9-41ef2f021f8e,0.01,false,false,near_mint,en,CAD,2026-08-22T00:19:14.814Z
The Hobbit (HOB),binder,"Smaug, Wicked Worm",HOB,The Hobbit,164,normal,rare,1,115042,19cc91f0-e724-41ac-b6d8-9a293bd63b42,2.47,false,false,near_mint,en,CAD,2026-08-22T00:19:14.815Z
The Hobbit (HOB),binder,Uneasy Partings,HOB,The Hobbit,58,normal,common,4,115250,e49866d4-966a-40f9-b08d-18e5af6d726b,0.01,false,false,near_mint,en,CAD,2026-08-22T00:19:14.818Z
The Hobbit (HOB),binder,Well-Worn Spatula,HOB,The Hobbit,180,normal,common,4,115055,659b687f-4068-496f-81b2-7b606bf07ec1,0.01,false,false,near_mint,en,CAD,2026-08-22T00:19:14.820Z
The Hobbit (HOB),binder,Attercop,HOB,The Hobbit,116,normal,common,4,115206,81263d5d-e402-4813-9458-161112da27ab,0.01,false,false,near_mint,en,CAD,2026-08-22T00:19:14.823Z
The Hobbit (HOB),binder,Gathering of Darkness,HOB,The Hobbit,68,foil,uncommon,1,114923,2ce066be-e5ad-4b93-8245-1b5018990d03,0.07,false,false,near_mint,en,CAD,2026-08-22T00:19:14.827Z
The Hobbit (HOB),binder,Iron Hills Blacksmith,HOB,The Hobbit,16,normal,uncommon,2,114894,370e09c2-36c5-4662-8350-1db798afad3e,0.01,false,false,near_mint,en,CAD,2026-08-22T00:19:14.829Z
The Hobbit (HOB),binder,"Bilbo Baggins, Burglar // Take a Glance",HOB,The Hobbit,34,normal,common,5,115057,6a109b3e-9f5b-4625-abb7-6b992c10530b,0.01,false,false,near_mint,en,CAD,2026-08-22T00:19:14.830Z
The Hobbit (HOB),binder,Wargling,HOB,The Hobbit,140,normal,common,3,115141,1ccbf823-846f-4f09-9c67-1deebb5d1d92,0.01,false,false,near_mint,en,CAD,2026-08-22T00:19:14.831Z
The Hobbit (HOB),binder,Mirkwood,HOB,The Hobbit,188,normal,common,2,115054,612cf954-f86c-4629-99df-4874d56fded3,0.01,false,false,near_mint,en,CAD,2026-08-22T00:19:14.837Z
The Hobbit (HOB),binder,Along the Crooked Way,HOB,The Hobbit,60,normal,rare,2,115099,3696d65c-fffd-4685-bb2d-e8769bf476e3,0.14,false,false,near_mint,en,CAD,2026-08-22T00:19:14.838Z
The Hobbit (HOB),binder,Stone by Sunlight,HOB,The Hobbit,27,normal,uncommon,2,114913,c5752731-253c-4b41-bdd8-94c26d715206,0.01,false,false,near_mint,en,CAD,2026-08-22T00:19:14.839Z
The Hobbit (HOB),binder,Warg Tactics,HOB,The Hobbit,139,normal,common,4,115228,b06d9cee-bb0f-4fe7-ab2a-b55d36461aec,0.01,false,false,near_mint,en,CAD,2026-08-22T00:19:14.840Z
The Hobbit (HOB),binder,Stony-Voiced Goblins,HOB,The Hobbit,85,normal,common,5,115194,6fcc3699-b475-4612-884d-81bd4f21e9c1,0.01,false,false,near_mint,en,CAD,2026-08-22T00:19:14.842Z
The Hobbit (HOB),binder,Goblin-town Flunkies,HOB,The Hobbit,100,normal,common,5,115239,ccff7382-8609-494c-aeee-cd1436456dd0,0.01,false,false,near_mint,en,CAD,2026-08-22T00:19:14.845Z
The Hobbit (HOB),binder,"Gollum, Silent Slinker // Meager Meal",HOB,The Hobbit,71,normal,common,4,115060,6cfaa182-3fec-4907-8814-b4d29c33cec3,0.01,false,false,near_mint,en,CAD,2026-08-22T00:19:14.846Z
The Hobbit (HOB),binder,Silvan Reveler,HOB,The Hobbit,163,normal,uncommon,2,114840,c71b74fb-fb0c-4953-b536-7a3f283c6918,0.01,false,false,near_mint,en,CAD,2026-08-22T00:19:14.848Z
The Hobbit (HOB),binder,Rage into the Valley,HOB,The Hobbit,79,normal,common,3,115104,8651958c-3b94-47a9-a751-faf8f6236a42,0.01,false,false,near_mint,en,CAD,2026-08-22T00:19:14.854Z
The Hobbit (HOB),binder,Reverent Howl,HOB,The Hobbit,81,normal,common,4,115136,16765eb2-d497-4cd6-b683-20eac2f10bbf,0.01,false,false,near_mint,en,CAD,2026-08-22T00:19:14.858Z
The Hobbit (HOB),binder,Stony-Voiced Goblins,HOB,The Hobbit,85,foil,common,1,115194,6fcc3699-b475-4612-884d-81bd4f21e9c1,0.04,false,false,near_mint,en,CAD,2026-08-22T00:19:14.860Z
The Hobbit (HOB),binder,Great Fierce Bee,HOB,The Hobbit,73,normal,common,5,115215,9d9ef88f-d208-4788-9553-cd672b3be1fe,0.01,false,false,near_mint,en,CAD,2026-08-22T00:19:14.669Z
The Hobbit (HOB),binder,Mountain,HOB,The Hobbit,197,normal,common,2,112923,51acfb01-4b0b-48fc-9704-a9b4a1e43a23,0.21,false,false,near_mint,en,CAD,2026-08-22T00:19:14.677Z
The Hobbit (HOB),binder,Long-Bodied Grey Dog,HOB,The Hobbit,1,normal,common,4,115243,d1a1e520-1fe2-4529-8afb-c187bb80da3c,0.01,false,false,near_mint,en,CAD,2026-08-22T00:19:14.682Z
The Hobbit (HOB),binder,Óin the Brave,HOB,The Hobbit,106,normal,common,4,115212,9984b9ef-e81c-48f4-aa33-0504171a2d3c,0.01,false,false,near_mint,en,CAD,2026-08-22T00:19:14.689Z
The Hobbit (HOB),binder,Glóin the Mighty // Easy Pickings,HOB,The Hobbit,99,normal,uncommon,3,115023,5793b8eb-2fc5-454d-8fa2-20346fef167a,0.01,false,false,near_mint,en,CAD,2026-08-22T00:19:14.692Z
The Hobbit (HOB),binder,"Bombur, Gentle Dreamer",HOB,The Hobbit,88,normal,uncommon,3,115183,63c317e7-432c-4817-8db4-3670a1d84be3,0.01,false,false,near_mint,en,CAD,2026-08-22T00:19:14.694Z
The Hobbit (HOB),binder,"Ori, Keeper of Songs",HOB,The Hobbit,23,normal,common,6,115081,c5727af5-a487-4b16-8278-81c3c928c417,0.01,false,false,near_mint,en,CAD,2026-08-22T00:19:14.698Z
The Hobbit (HOB),binder,"Dori, Bearer of Friends",HOB,The Hobbit,94,normal,common,5,115087,d2f60ad0-c887-4585-85f8-afcf72fb80d0,0.01,false,false,near_mint,en,CAD,2026-08-22T00:19:14.699Z
The Hobbit (HOB),binder,"Nori, Teller of Tales",HOB,The Hobbit,161,normal,common,5,115076,b05adb48-980c-49a0-9ce6-7c7f3f20715d,0.01,false,false,near_mint,en,CAD,2026-08-22T00:19:14.700Z
The Hobbit (HOB),binder,The Mountain-king's Return,HOB,The Hobbit,22,normal,uncommon,3,114898,68f4893d-e9a5-4f89-ade3-9ab78a834ad5,0.01,false,false,near_mint,en,CAD,2026-08-22T00:19:14.703Z
The Hobbit (HOB),binder,"Thranduil, Sindarin Liege // Silvan Rally",HOB,The Hobbit,233,normal,uncommon,2,115095,0992ce8b-7bef-4799-a52d-7a46021a8672,0.14,false,false,near_mint,en,CAD,2026-08-22T00:19:14.715Z
The Hobbit (HOB),binder,Ordinary Bear,HOB,The Hobbit,133,normal,common,5,115040,0feb9817-56e1-465a-851c-b2fe202aa8ae,0.01,false,false,near_mint,en,CAD,2026-08-22T00:19:14.720Z
The Hobbit (HOB),binder,"Smaug, the Great Calamity // Spew Flame",HOB,The Hobbit,109,normal,common,6,115167,419ca9e5-8413-4378-a4ef-eda5a1024218,0.01,false,false,near_mint,en,CAD,2026-08-22T00:19:14.729Z
The Hobbit (HOB),binder,Goblin-town,HOB,The Hobbit,183,normal,common,3,115088,d76df9d0-56cf-4351-a5e8-e6ae6fc791d1,0.01,false,false,near_mint,en,CAD,2026-08-22T00:19:14.730Z
The Hobbit (HOB),binder,Ragged Short Spear,HOB,The Hobbit,108,normal,common,5,115203,7bf81a8b-52ad-49f5-a3d4-22613cad3a3d,0.01,false,false,near_mint,en,CAD,2026-08-22T00:19:14.731Z
The Hobbit (HOB),binder,Ravening Warg,HOB,The Hobbit,80,normal,common,4,115257,ea7b5052-b343-466d-879e-2a211657ef0a,0.01,false,false,near_mint,en,CAD,2026-08-22T00:19:14.733Z
The Hobbit (HOB),binder,Nighthowl Pursuer,HOB,The Hobbit,78,normal,uncommon,4,114959,d3cbe830-7e95-4019-89c4-cfb36bcf00f8,0.01,false,false,near_mint,en,CAD,2026-08-22T00:19:14.734Z
The Hobbit (HOB),binder,Old Thrush,HOB,The Hobbit,2,normal,common,6,115162,3ad02b56-13ec-46ef-92bd-ae078b8bb517,0.01,false,false,near_mint,en,CAD,2026-08-22T00:19:14.739Z
The Hobbit (HOB),binder,Dwarven Shortsword,HOB,The Hobbit,10,normal,common,6,115259,f2341cf3-4d2c-4a4f-9aea-8834104a8910,0.01,false,false,near_mint,en,CAD,2026-08-22T00:19:14.744Z
The Hobbit (HOB),binder,Moment of Glory,HOB,The Hobbit,21,normal,common,4,115130,0a6a6ff0-b1cd-4b06-bd31-612690094e0e,0.01,false,false,near_mint,en,CAD,2026-08-22T00:19:14.745Z
The Hobbit (HOB),binder,Lake-town Lookout,HOB,The Hobbit,18,normal,common,5,115138,178c4cf6-6b11-40e4-9673-c560d6818a6b,0.01,false,false,near_mint,en,CAD,2026-08-22T00:19:14.749Z
The Hobbit (HOB),binder,Magnificent End,HOB,The Hobbit,20,normal,common,5,115170,430c8916-1167-400b-9cad-d301f59d5e5d,0.01,false,false,near_mint,en,CAD,2026-08-22T00:19:14.750Z
The Hobbit (HOB),binder,Elvenking's Harper,HOB,The Hobbit,38,normal,common,6,115214,9c50656d-c74a-4e90-9ef7-afa237682516,0.01,false,false,near_mint,en,CAD,2026-08-22T00:19:14.754Z
The Hobbit (HOB),binder,Lakeshore Apothecary,HOB,The Hobbit,43,normal,common,5,115223,abfbb255-a39b-4df5-bfb6-5298584e89f0,0.01,false,false,near_mint,en,CAD,2026-08-22T00:19:14.755Z
The Hobbit (HOB),binder,Enchanted River's Grasp,HOB,The Hobbit,39,normal,common,6,115225,ad40a4b9-9fab-49c1-8e9f-6e0776966833,0.01,false,false,near_mint,en,CAD,2026-08-22T00:19:14.757Z
The Hobbit (HOB),binder,Mirkwood Meditator,HOB,The Hobbit,48,normal,common,4,115226,ad7ed4e6-3fe2-40f1-909b-a03b2a3c941a,0.01,false,false,near_mint,en,CAD,2026-08-22T00:19:14.760Z
The Hobbit (HOB),binder,Elvenking's Halls,HOB,The Hobbit,182,normal,common,4,115086,cd477096-41b1-4907-9cb3-852cb22c9ba2,0.01,false,false,near_mint,en,CAD,2026-08-22T00:19:14.762Z
The Hobbit (HOB),binder,Quarrel,HOB,The Hobbit,135,normal,common,6,115179,5900a0b4-aa89-4019-94c9-7e9ea3b4792e,0.01,false,false,near_mint,en,CAD,2026-08-22T00:19:14.764Z
The Hobbit (HOB),binder,Boughside Wanderers,HOB,The Hobbit,121,normal,common,5,115196,71bec005-2925-4944-be16-2cc5eb30f5d6,0.01,false,false,near_mint,en,CAD,2026-08-22T00:19:14.765Z
The Hobbit (HOB),binder,Wood Elves,HOB,The Hobbit,142,normal,common,5,112913,2476e42b-b209-4207-8ed9-cb668f89b218,0.01,false,false,near_mint,en,CAD,2026-08-22T00:19:14.767Z
The Hobbit (HOB),binder,Guardian of the Halls,HOB,The Hobbit,127,normal,common,5,115168,4265caec-8c28-44cd-8e6b-90b5af926d3c,0.01,false,false,near_mint,en,CAD,2026-08-22T00:19:14.768Z
The Hobbit (HOB),binder,Bothersome Noisemaker,HOB,The Hobbit,89,normal,uncommon,2,114956,cb25b11a-6bf5-4a9a-b60f-d4dcac3816d6,0.03,false,false,near_mint,en,CAD,2026-08-22T00:19:14.770Z
The Hobbit (HOB),binder,Stir Up Trouble,HOB,The Hobbit,84,normal,common,6,115266,fd145e3a-c889-4390-accb-863dbcc845ce,0.01,false,false,near_mint,en,CAD,2026-08-22T00:19:14.773Z
The Hobbit (HOB),binder,Smaug's Fury,HOB,The Hobbit,111,normal,common,5,115218,a16f203a-785e-4c78-9410-fb9f8a0ffa01,0.01,false,false,near_mint,en,CAD,2026-08-22T00:19:14.774Z
The Hobbit (HOB),binder,Ravenhill Flock,HOB,The Hobbit,52,normal,uncommon,2,114931,acbb4d32-2771-469e-a6de-0df15155cc62,0.01,false,false,near_mint,en,CAD,2026-08-22T00:19:14.785Z
The Hobbit (HOB),binder,Long Lake Nuisance,HOB,The Hobbit,45,normal,common,4,115240,cd5af94d-6321-4834-8e5f-e5d0261b3ef3,0.01,false,false,near_mint,en,CAD,2026-08-22T00:19:14.786Z
The Hobbit (HOB),binder,Little Bear,HOB,The Hobbit,128,normal,common,4,115067,8a50858a-33b5-4c45-9c31-5956ae5a33a6,0.01,false,false,near_mint,en,CAD,2026-08-22T00:19:14.793Z
The Hobbit (HOB),binder,Giant's Boulder,HOB,The Hobbit,173,normal,common,5,115241,ce254758-c928-4b43-a952-13fac1845668,0.01,false,false,near_mint,en,CAD,2026-08-22T00:19:14.797Z
The Hobbit (HOB),binder,Crude Bent Blade,HOB,The Hobbit,63,normal,common,4,115116,fa8fd3c4-bd00-485d-80b1-2b67f5786fce,0.01,false,false,near_mint,en,CAD,2026-08-22T00:19:14.799Z
The Hobbit (HOB),binder,Tidings of War,HOB,The Hobbit,115,normal,common,4,115160,38c16a0a-375e-48cb-9720-dbbc08c603ae,0.01,false,false,near_mint,en,CAD,2026-08-22T00:19:14.810Z
The Hobbit (HOB),binder,Thranduil's Decree,HOB,The Hobbit,56,normal,uncommon,2,114950,e4ded4c1-0e3e-47c5-8fdc-e7c187f68b12,0.01,false,false,near_mint,en,CAD,2026-08-22T00:19:14.812Z
The Hobbit (HOB),binder,Wilderland Scrounger,HOB,The Hobbit,141,normal,uncommon,2,114999,63078f42-f404-4c61-86be-45d934393b0a,0.01,false,false,near_mint,en,CAD,2026-08-22T00:19:14.828Z
The Hobbit (HOB),binder,"Gandalf, Spark Starter",HOB,The Hobbit,97,normal,uncommon,1,114975,7c5c6f1c-35cf-4172-b5a1-b73222b0723b,0.01,false,false,near_mint,en,CAD,2026-08-22T00:32:29.079Z
The Hobbit (HOB),binder,Mountain,HOB,The Hobbit,192,foil,common,1,115080,c49d378e-9549-4320-b3c6-1aeb216d1e98,0.01,false,false,near_mint,en,CAD,2026-08-22T00:32:29.082Z
The Hobbit (HOB),binder,Giant's Boulder,HOB,The Hobbit,173,foil,common,1,115241,ce254758-c928-4b43-a952-13fac1845668,0.05,false,false,near_mint,en,CAD,2026-08-22T00:32:29.083Z
The Hobbit (HOB),binder,Desolation of Smaug,HOB,The Hobbit,93,normal,rare,1,114799,2462358b-52c8-49b2-8d97-d65a9188f8f7,0.19,false,false,near_mint,en,CAD,2026-08-22T00:32:29.084Z
The Hobbit (HOB),binder,An Unexpected Party // At the Door,HOB,The Hobbit,29,normal,rare,1,112918,3aa29fe8-1687-486f-b4df-c04977869ab1,0.18,false,false,near_mint,en,CAD,2026-08-22T00:32:29.085Z
The Hobbit (HOB),binder,Dreaded Bat-Cloud,HOB,The Hobbit,66,normal,uncommon,1,115186,67d52db5-597e-46d5-af39-c3a2de107d30,0.01,false,false,near_mint,en,CAD,2026-08-22T00:32:29.086Z
The Hobbit (HOB),binder,Duskwatch Hunter,HOB,The Hobbit,153,foil,common,1,115045,3685c783-d837-4466-a960-ab3098db64c3,0.04,false,false,near_mint,en,CAD,2026-08-22T00:32:29.096Z
The Hobbit (HOB),binder,Elven Raft-Steerer,HOB,The Hobbit,37,normal,uncommon,2,114890,c141695c-c108-41d5-85cb-1f7485d9d533,0.01,false,false,near_mint,en,CAD,2026-08-22T00:32:29.098Z
The Hobbit (HOB),binder,Plains,HOB,The Hobbit,189,foil,common,1,115064,7b7c408b-8660-4db5-9a16-5003c11b4ac1,0.03,false,false,near_mint,en,CAD,2026-08-22T00:32:29.106Z
The Hobbit (HOB),binder,Dwarven Provisioner,HOB,The Hobbit,9,foil,common,1,115144,1f9a61a1-454e-4d5b-a6dd-1a79fe9dedf3,0.01,false,false,near_mint,en,CAD,2026-08-22T00:32:29.107Z
The Hobbit (HOB),binder,Gundabad Opportunist,HOB,The Hobbit,101,foil,common,1,115233,bc4a60b8-a5bb-4dbf-8d48-95caf757eac3,0.03,false,false,near_mint,en,CAD,2026-08-22T00:32:29.118Z
The Hobbit (HOB),binder,Great Ugly-Looking Goblin // Clap! Snap!,HOB,The Hobbit,74,normal,uncommon,1,115011,c87f6004-e1cf-42b2-9647-322bc4939339,0.01,false,false,near_mint,en,CAD,2026-08-22T00:32:29.120Z
The Hobbit (HOB),binder,Iron Hills Blacksmith,HOB,The Hobbit,16,foil,uncommon,1,114894,370e09c2-36c5-4662-8350-1db798afad3e,0.05,false,false,near_mint,en,CAD,2026-08-22T00:32:29.148Z
The Hobbit (HOB),binder,Swamp,HOB,The Hobbit,191,normal,common,1,115046,4031e5e4-e573-4130-8d20-4a606edef0a0,0.01,false,false,near_mint,en,CAD,2026-08-22T00:32:29.149Z
The Hobbit (HOB),binder,Mountain,HOB,The Hobbit,192,normal,common,1,115080,c49d378e-9549-4320-b3c6-1aeb216d1e98,0.01,false,false,near_mint,en,CAD,2026-08-22T00:32:29.150Z
The Hobbit (HOB),binder,Thranduil's Decree,HOB,The Hobbit,56,foil,uncommon,1,114950,e4ded4c1-0e3e-47c5-8fdc-e7c187f68b12,0.05,false,false,near_mint,en,CAD,2026-08-22T00:32:29.151Z
The Hobbit (HOB),binder,Beorn's Hospitality,HOB,The Hobbit,120,normal,uncommon,1,114968,153ca57e-30f0-4ad7-ae9d-c55cbf0fd4c9,0.05,false,false,near_mint,en,CAD,2026-08-22T00:32:29.152Z
The Hobbit (HOB),binder,"Smaug, the Great Calamity // Spew Flame",HOB,The Hobbit,109,foil,common,1,115167,419ca9e5-8413-4378-a4ef-eda5a1024218,0.03,false,false,near_mint,en,CAD,2026-08-22T00:32:29.164Z
The Hobbit (HOB),binder,Settle the Wreckage,HOB,The Hobbit,26,normal,rare,1,115098,31a7a5e2-4cb8-48fc-8351-18344b4a7560,0.18,false,false,near_mint,en,CAD,2026-08-22T00:32:29.165Z
The Hobbit (HOB),binder,Eagle's Rescue,HOB,The Hobbit,155,normal,uncommon,2,115015,12c8f2cc-ac9d-4cf6-9025-efe366b4e07f,0.01,false,false,near_mint,en,CAD,2026-08-22T00:32:29.167Z
The Hobbit (HOB),binder,Through the Forest Gate,HOB,The Hobbit,137,normal,rare,1,114978,880adfc8-69cf-4062-a804-e65b6cb6056d,0.69,false,false,near_mint,en,CAD,2026-08-22T00:32:29.177Z
The Hobbit (HOB),binder,Swamp,HOB,The Hobbit,196,normal,common,1,112944,c5f590a3-9993-4ac4-a93c-1beb44eda17b,0.14,false,false,near_mint,en,CAD,2026-08-22T00:32:29.188Z
The Hobbit (HOB),binder,Boughside Wanderers,HOB,The Hobbit,121,foil,common,1,115196,71bec005-2925-4944-be16-2cc5eb30f5d6,0.03,false,false,near_mint,en,CAD,2026-08-22T00:32:29.189Z
The Hobbit (HOB),binder,Great Gilded Boat,HOB,The Hobbit,42,normal,rare,1,114911,b2fb3995-5b43-4776-88b2-346d353edee0,0.1,false,false,near_mint,en,CAD,2026-08-22T00:32:29.190Z
The Hobbit (HOB),binder,Gnashing of Teeth,HOB,The Hobbit,69,normal,uncommon,1,114927,5d485d70-c7b9-40a4-9089-5e7f1c2b9213,0.01,false,false,near_mint,en,CAD,2026-08-22T00:32:29.192Z
The Hobbit (HOB),binder,Esgaroth Garrison,HOB,The Hobbit,13,foil,common,1,115177,573f67b0-6ce8-4857-a703-4a5728640736,0.01,false,false,near_mint,en,CAD,2026-08-22T00:32:29.202Z
The Hobbit (HOB),binder,Rage into the Valley,HOB,The Hobbit,79,foil,common,1,115104,8651958c-3b94-47a9-a751-faf8f6236a42,0.01,false,false,near_mint,en,CAD,2026-08-22T00:32:29.228Z
The Hobbit (HOB),binder,Bolg's Company,HOB,The Hobbit,149,normal,rare,1,115256,ea3f5644-f7e3-40de-ada5-cea2e9113cfb,0.12,false,false,near_mint,en,CAD,2026-08-22T00:32:29.229Z
The Hobbit (HOB),binder,"Thranduil, Sindarin Liege // Silvan Rally",HOB,The Hobbit,166,normal,uncommon,1,115048,481870ee-d1f7-421b-86e1-570ea933bbbc,0.01,false,false,near_mint,en,CAD,2026-08-22T00:32:29.230Z
The Hobbit (HOB),binder,Crude Bent Blade,HOB,The Hobbit,63,foil,common,1,115116,fa8fd3c4-bd00-485d-80b1-2b67f5786fce,0.08,false,false,near_mint,en,CAD,2026-08-22T00:32:29.237Z
The Hobbit (HOB),binder,The Master of Lake-town,HOB,The Hobbit,77,normal,rare,1,114885,3788ada6-34a9-41af-a31c-2d090550e503,0.4,false,false,near_mint,en,CAD,2026-08-22T00:32:29.238Z
The Hobbit (HOB),binder,Attercop,HOB,The Hobbit,116,foil,common,1,115206,81263d5d-e402-4813-9458-161112da27ab,0.01,false,false,near_mint,en,CAD,2026-08-22T00:32:29.250Z
The Hobbit (HOB),binder,Bilbo's Gambit,HOB,The Hobbit,5,normal,rare,1,114953,45ad01f0-cda8-4931-82bb-cb4949e56ae9,1.86,false,false,near_mint,en,CAD,2026-08-22T00:32:29.251Z
The Hobbit (HOB),binder,Mirkwood Pathmaker,HOB,The Hobbit,129,normal,uncommon,1,114997,50fbedc0-bc66-4ffb-87f6-a2df69995091,0.01,false,false,near_mint,en,CAD,2026-08-22T00:32:29.252Z
The Hobbit (HOB),binder,Misty Mountains Raider,HOB,The Hobbit,105,normal,uncommon,2,114974,6dff14cd-b60b-48f4-9d9f-c9019b55df4c,0.02,false,false,near_mint,en,CAD,2026-08-22T00:32:29.253Z
The Hobbit (HOB),binder,Mirkwood Pathmaker,HOB,The Hobbit,129,foil,uncommon,1,114997,50fbedc0-bc66-4ffb-87f6-a2df69995091,0.11,false,false,near_mint,en,CAD,2026-08-22T00:32:29.262Z
The Hobbit (HOB),binder,"Gandalf, Goblins' Bane // Flameshape",HOB,The Hobbit,96,normal,mythic,1,114826,9b0d29a1-7da9-4fb3-8536-8ff8d8acae0b,9.47,false,false,near_mint,en,CAD,2026-08-22T00:32:29.263Z
The Hobbit (HOB),binder,Iron Hills Stalwart,HOB,The Hobbit,102,normal,common,4,115172,46daa9ac-0ac7-4df9-b9d2-e03ab5b56c72,0.01,false,false,near_mint,en,CAD,2026-08-22T00:32:29.069Z
The Hobbit (HOB),binder,Plunder the Trollshaws,HOB,The Hobbit,51,normal,common,4,115074,afb73190-b9bd-4744-a011-a37cd9c0148d,0.01,false,false,near_mint,en,CAD,2026-08-22T00:32:29.070Z
The Hobbit (HOB),binder,Esgaroth Garrison,HOB,The Hobbit,13,normal,common,4,115177,573f67b0-6ce8-4857-a703-4a5728640736,0.01,false,false,near_mint,en,CAD,2026-08-22T00:32:29.072Z
The Hobbit (HOB),binder,Pinecone Strike,HOB,The Hobbit,107,normal,common,4,115255,ea174cea-40e5-424e-9734-e39aae6c6b17,0.01,false,false,near_mint,en,CAD,2026-08-22T00:32:29.074Z
The Hobbit (HOB),binder,Lake-town,HOB,The Hobbit,186,normal,common,4,115044,2fbd0584-81a7-4c47-8af1-1c8635899a97,0.01,false,false,near_mint,en,CAD,2026-08-22T00:32:29.077Z
The Hobbit (HOB),binder,Woodland Weavemaster,HOB,The Hobbit,143,normal,uncommon,2,115034,fe2b4bcf-56de-44d3-83af-aeb27f82c25e,0.04,false,false,near_mint,en,CAD,2026-08-22T00:32:29.078Z
The Hobbit (HOB),binder,"Gandalf, Wandering Wizard",HOB,The Hobbit,41,normal,common,3,115043,1f8403a2-849c-4a59-b0ed-c8803995028d,0.01,false,false,near_mint,en,CAD,2026-08-22T00:32:29.081Z
The Hobbit (HOB),binder,Vow to Erebor,HOB,The Hobbit,31,normal,common,4,115210,8d4f3eb5-fedf-45d6-8bd8-aacbe0ce33b2,0.01,false,false,near_mint,en,CAD,2026-08-22T00:32:29.091Z
The Hobbit (HOB),binder,Bilbo's Deadly Slice,HOB,The Hobbit,62,normal,common,4,115137,17892c93-b9b2-4720-933b-998ed0200492,0.01,false,false,near_mint,en,CAD,2026-08-22T00:32:29.093Z
The Hobbit (HOB),binder,Gundabad Opportunist,HOB,The Hobbit,101,normal,common,4,115233,bc4a60b8-a5bb-4dbf-8d48-95caf757eac3,0.01,false,false,near_mint,en,CAD,2026-08-22T00:32:29.103Z
The Hobbit (HOB),binder,Sound the Trumpets,HOB,The Hobbit,55,normal,uncommon,2,114949,dd32a1dd-3541-4572-a717-1deabc14b827,0.01,false,false,near_mint,en,CAD,2026-08-22T00:32:29.108Z
The Hobbit (HOB),binder,Goblin Plate Mail,HOB,The Hobbit,157,normal,common,4,115085,cb982607-da37-4894-91a5-cf6307d4d703,0.01,false,false,near_mint,en,CAD,2026-08-22T00:32:29.113Z
The Hobbit (HOB),binder,"Bilbo, Luckwearer // Burglar's Plot",HOB,The Hobbit,32,normal,uncommon,2,112930,8bff0aa6-16d9-4c83-b598-ef00a3b33d2c,0.01,false,false,near_mint,en,CAD,2026-08-22T00:32:29.119Z
The Hobbit (HOB),binder,Patient Instructor,HOB,The Hobbit,162,normal,common,6,115091,e4800508-8bb9-41bb-8712-b55fba7a80a5,0.01,false,false,near_mint,en,CAD,2026-08-22T00:32:29.132Z
The Hobbit (HOB),binder,Dwarven Provisioner,HOB,The Hobbit,9,normal,common,4,115144,1f9a61a1-454e-4d5b-a6dd-1a79fe9dedf3,0.01,false,false,near_mint,en,CAD,2026-08-22T00:32:29.133Z
The Hobbit (HOB),binder,Bolg of the North,HOB,The Hobbit,148,normal,uncommon,3,114818,7b2d2a7f-88e0-45a9-8579-a6736bcd66eb,0.05,false,false,near_mint,en,CAD,2026-08-22T00:32:29.139Z
The Hobbit (HOB),binder,Thorin's Last Stand,HOB,The Hobbit,28,normal,common,2,115134,127367b6-9cfe-4516-9bfd-5b951468a25c,0.01,false,false,near_mint,en,CAD,2026-08-22T00:32:29.143Z
The Hobbit (HOB),binder,Forest,HOB,The Hobbit,193,normal,common,2,115079,c3e84b42-5423-4d4d-b8fc-cfbb2c53a4ca,0.01,false,false,near_mint,en,CAD,2026-08-22T00:32:29.162Z
The Hobbit (HOB),binder,Plains,HOB,The Hobbit,189,normal,common,2,115064,7b7c408b-8660-4db5-9a16-5003c11b4ac1,0.01,false,false,near_mint,en,CAD,2026-08-22T00:32:29.175Z
The Hobbit (HOB),binder,Mirkwood Nurturer,HOB,The Hobbit,160,normal,common,3,115061,704b45e4-566e-40f6-a33a-9151018b44e5,0.01,false,false,near_mint,en,CAD,2026-08-22T00:32:29.185Z
The Hobbit (HOB),binder,Desolation Prowler,HOB,The Hobbit,64,normal,uncommon,1,115000,63c87009-ff1b-44b9-88b1-e26219094c67,0.01,false,false,near_mint,en,CAD,2026-08-22T00:43:09.421Z
The Hobbit (HOB),binder,Lake-town Toymaker,HOB,The Hobbit,19,normal,uncommon,1,115185,67304269-c595-4cf0-8dbf-fcb2e9e01fe2,0.01,false,false,near_mint,en,CAD,2026-08-22T00:43:09.422Z
The Hobbit (HOB),binder,Snowslope Hunter,HOB,The Hobbit,112,foil,uncommon,1,115173,47666099-ffb2-4d07-a801-70524dba0837,0.01,false,false,near_mint,en,CAD,2026-08-22T00:43:09.446Z
The Hobbit (HOB),binder,Supper for Spiders,HOB,The Hobbit,86,normal,rare,1,114811,5b25e454-06bb-43ca-9a9f-57164f7a70c4,0.19,false,false,near_mint,en,CAD,2026-08-22T00:43:09.447Z
The Hobbit (HOB),binder,Fearsome Goblin Pair,HOB,The Hobbit,156,normal,uncommon,1,115018,2efe2dc7-3eaa-47f6-b1ae-f974c4a8ae79,0.04,false,false,near_mint,en,CAD,2026-08-22T00:43:09.448Z
The Hobbit (HOB),binder,Thranduil's Company,HOB,The Hobbit,168,foil,rare,1,115109,abdb9d4e-e6ca-409b-b589-0cf71724340b,0.32,false,false,near_mint,en,CAD,2026-08-22T00:43:09.457Z
The Hobbit (HOB),binder,Celebrate the Mountain-king,HOB,The Hobbit,7,normal,uncommon,1,115169,42fbd61d-e1a6-465d-b1a3-f5ee0869d3af,0.01,false,false,near_mint,en,CAD,2026-08-22T00:43:09.459Z
The Hobbit (HOB),binder,Chief Warg's Company,HOB,The Hobbit,151,normal,rare,1,114934,bbc634af-63d2-444a-8123-85f16fe3e364,0.12,false,false,near_mint,en,CAD,2026-08-22T00:43:09.474Z
The Hobbit (HOB),binder,Key to the Side-Door,HOB,The Hobbit,175,normal,uncommon,1,115105,898c14a2-d897-4341-83ed-eee666df9648,0.01,false,false,near_mint,en,CAD,2026-08-22T00:43:09.476Z
The Hobbit (HOB),binder,Bejeweled Warg,HOB,The Hobbit,117,normal,rare,1,115115,e95eba5c-e0d6-46b4-a0be-8e373b2185ea,0.14,false,false,near_mint,en,CAD,2026-08-22T00:43:09.477Z
The Hobbit (HOB),binder,Cantankerous Keepers,HOB,The Hobbit,122,normal,rare,1,115014,fae46a70-a6d3-4584-859d-6c7425fb1508,0.26,false,false,near_mint,en,CAD,2026-08-22T00:43:09.478Z
The Hobbit (HOB),binder,Mirkwood,HOB,The Hobbit,188,foil,common,1,115054,612cf954-f86c-4629-99df-4874d56fded3,0.01,false,false,near_mint,en,CAD,2026-08-22T00:43:09.487Z
The Hobbit (HOB),binder,Mirkwood Meditator,HOB,The Hobbit,48,foil,common,1,115226,ad7ed4e6-3fe2-40f1-909b-a03b2a3c941a,0.01,false,false,near_mint,en,CAD,2026-08-22T00:43:09.488Z
The Hobbit (HOB),binder,Stone-Giant of High Pass,HOB,The Hobbit,113,normal,rare,1,115102,5f4f4683-ffd2-447a-932b-276f7fa17cca,0.05,false,false,near_mint,en,CAD,2026-08-22T00:43:09.489Z
The Hobbit (HOB),binder,Master's Councillors,HOB,The Hobbit,47,normal,uncommon,2,114932,addcefdd-e012-4adf-9052-e60376a8d2d3,0.01,false,false,near_mint,en,CAD,2026-08-22T00:43:09.420Z
The Hobbit (HOB),binder,Gathering of Darkness,HOB,The Hobbit,68,normal,uncommon,2,114923,2ce066be-e5ad-4b93-8245-1b5018990d03,0.01,false,false,near_mint,en,CAD,2026-08-22T00:43:09.458Z
The Hobbit (HOB),binder,The Arkenstone // Seek the Heart,HOB,The Hobbit,170,normal,mythic,2,112935,a56a88ba-fcfa-4b56-bdae-a080b297b871,13.76,false,false,near_mint,en,CAD,2026-08-23T15:55:49.936Z
The Hobbit (HOB),binder,Fateful Discovery,HOB,The Hobbit,40,normal,mythic,1,115072,a1142fa1-b861-4876-aa48-402af35aaa63,4.13,false,false,near_mint,en,CAD,2026-08-23T15:55:49.937Z
The Hobbit (HOB),binder,Glamdring,HOC,The Hobbit Eternal,42,foil,mythic,1,115232,ba4b13c5-ef17-4bde-80e1-59d7587c123b,4.92,false,false,near_mint,en,CAD,2026-08-23T15:55:49.938Z
The Hobbit (HOB),binder,Smaug the Magnificent,HOB,The Hobbit,110,normal,mythic,1,112925,6a5d8fad-2ffd-4645-8c49-907999b6cecf,38.34,false,false,near_mint,en,CAD,2026-08-23T15:55:49.939Z
The Hobbit (HOB),binder,"Thranduil, the Elvenking",HOB,The Hobbit,167,normal,rare,1,114858,fe2fe8fa-3b99-44c1-bab9-922e5c864952,0.41,false,false,near_mint,en,CAD,2026-08-23T15:55:49.940Z
The Hobbit (HOB),binder,"Bilbo, Thief in the Night",HOB,The Hobbit,33,normal,mythic,1,112921,484c7f83-8339-4ae1-8350-68ce1f7d05a3,22.02,false,false,near_mint,en,CAD,2026-08-23T15:55:49.941Z
The Hobbit (HOB),binder,The Lord of the Eagles,HOB,The Hobbit,240,normal,rare,1,114903,8acfaac6-5a63-4fd6-999b-562e989e2ce1,6.87,false,false,near_mint,en,CAD,2026-08-23T15:55:49.942Z
The Hobbit (HOB),binder,"Gandalf, Spark Starter",HOB,The Hobbit,203,normal,uncommon,1,114984,ccf2923e-5358-4e40-bc64-2953ac2d1692,0.04,false,false,near_mint,en,CAD,2026-08-23T15:55:49.943Z
The Hobbit (HOB),binder,Troop of Ponies,HOB,The Hobbit,199,normal,uncommon,1,115191,6cbcd606-b864-4b81-9596-e7788befdd1f,0.07,false,false,near_mint,en,CAD,2026-08-23T15:55:49.944Z
The Hobbit (HOB),binder,Rage into the Valley,HOB,The Hobbit,200,normal,common,1,115158,349d7464-e778-4a24-a528-d31d36ff4799,0.01,false,false,near_mint,en,CAD,2026-08-23T15:55:49.945Z
The Hobbit (HOB),binder,Great Ugly-Looking Goblin // Clap! Snap!,HOB,The Hobbit,223,normal,uncommon,1,115027,7f63f810-15a8-4bec-bd39-dbca453bcc1e,0.14,false,false,near_mint,en,CAD,2026-08-23T15:55:49.946Z
The Hobbit (HOB),binder,Reverent Howl,HOB,The Hobbit,81,foil,common,1,115136,16765eb2-d497-4cd6-b683-20eac2f10bbf,0.01,false,false,near_mint,en,CAD,2026-08-23T15:55:49.947Z
The Hobbit (HOB),binder,Ragged Short Spear,HOB,The Hobbit,108,foil,common,1,115203,7bf81a8b-52ad-49f5-a3d4-22613cad3a3d,0.01,false,false,near_mint,en,CAD,2026-08-23T15:55:49.949Z
The Hobbit (HOB),binder,Chitinous Graspling,ECL,Lorwyn Eclipsed,211,normal,common,1,110810,a9767360-d536-4902-9d2d-1f3474ce89d6,0.01,false,false,near_mint,en,CAD,2026-08-23T15:55:49.960Z
The Hobbit (HOB),binder,The Black Arrow,HOB,The Hobbit,171,foil,uncommon,1,115108,ab181190-d53d-4972-8cd5-8e54b45f2276,0.03,false,false,near_mint,en,CAD,2026-08-23T15:55:49.963Z